initial_fR,initial_H,final_ns,final_nr,final_total,final_fR,delta_fR,final_log_ratio,delta_log_ratio,final_H,delta_H,min_total,peak_loss,peak_loss_time,auc_total,auc_a,auc_b,peak_a,peak_b,time_peak_b,time_to_ss,time_to_recovery,resistant_extinct,susceptible_extinct,community_collapsed,susceptible_recovered,selection_direction,outcome,solver_success,iota,beta,phi,effective_db_iota,alpha,beta_min,xi,d_a,kappa_b,d_b,gamma,h_a,i,h_i,phi_max,c,a0,plane,x_name,y_name,x_value,y_value
0.5,0.6931471805599453,2.15342853502576,1.7398518873075282,3.893280422333288,0.44688583882298794,-0.053114161177012065,-0.21326125209510036,-0.21326125209510036,0.6874942925550808,-0.00565288800486452,0.25166983316583214,0.3708254170854197,4.0,1129.1952253081859,14.169632260467614,1.3099486902417266,2.15,0.13496528690121318,2.0,22.0,13.0,False,False,False,True,susceptible-enriched,mixed,True,0.9090909090909091,0.9636363636363636,0.36363636363636365,0.9090909090909091,0.95,0.9,0.8,0.02,0.35,1.0,1.38,3.0,10.0,1.0,1.0,0.7,2.15,hi_db_i_10,h_i,d_b,1.0,1.0
0.5,0.6931471805599453,2.164953092212743,1.6947164619751451,3.859669554187888,0.439083304459656,-0.06091669554034401,-0.24488324703629707,-0.24488324703629707,0.6857070225990562,-0.007440157960889038,0.24348616867798573,0.3912845783050357,4.0,1117.0981183128506,15.229411994706286,1.3176452156142417,2.15,0.13032743541711814,2.0,24.0,14.0,False,False,False,True,susceptible-enriched,mixed,True,0.9556429820556985,0.9668950087438989,0.331049912561011,0.9556429820556985,0.95,0.9,0.8,0.02,0.35,1.0,1.38,3.0,10.0,1.3333333333333333,1.0,0.7,2.15,hi_db_i_10,h_i,d_b,1.3333333333333333,1.0
0.5,0.6931471805599453,2.171364314602722,1.6700733157316954,3.8414376303344175,0.43475216219671037,-0.06524783780328963,-0.2624881592990332,-0.26248815929903296,0.6846082878419274,-0.008538892718017888,0.23961453663654886,0.4009636584086279,4.0,1110.5192266066888,15.819929771783686,1.323374561961808,2.15,0.12809320641078378,2.0,25.0,14.0,False,False,False,True,susceptible-enriched,mixed,True,0.9789100228828136,0.9685237016017969,0.3147629839820305,0.9789100228828136,0.95,0.9,0.8,0.02,0.35,1.0,1.38,3.0,10.0,1.6666666666666665,1.0,0.7,2.15,hi_db_i_10,h_i,d_b,1.6666666666666665,1.0
0.5,0.6931471805599453,2.174619778958421,1.6576812679497523,3.8323010469081735,0.432555075308381,-0.067444924691619,-0.271434035626303,-0.271434035626303,0.684021753059284,-0.009125427500661254,0.23760471003100445,0.40598822492248887,5.0,1107.2210760966723,16.120230359989964,1.326469315930133,2.15,0.12703799193524326,2.0,26.0,14.0,False,False,False,True,susceptible-enriched,mixed,True,0.9900990099009901,0.9693069306930693,0.306930693069307,0.9900990099009901,0.95,0.9,0.8,0.02,0.35,1.0,1.38,3.0,10.0,2.0,1.0,0.7,2.15,hi_db_i_10,h_i,d_b,2.0,1.0
0.5,0.6931471805599453,2.176196257449695,1.651704112078045,3.8279003695277396,0.4314908834165454,-0.0685091165834546,-0.2757709666240726,-0.2757709666240726,0.6837305877227762,-0.009416592837169113,0.2362007902806988,0.4094980242982531,5.0,1105.633563257049,16.26589145633759,1.3280127377986741,2.15,0.1265442266770624,2.0,26.0,14.0,False,False,False,True,susceptible-enriched,mixed,True,0.995379855975302,0.9696765899182711,0.30323410081728863,0.995379855975302,0.95,0.9,0.8,0.02,0.35,1.0,1.38,3.0,10.0,2.333333333333333,1.0,0.7,2.15,hi_db_i_10,h_i,d_b,2.333333333333333,1.0
0.5,0.6931471805599453,2.1769435527129954,1.648879728459005,3.8258232811720005,0.43098690328265454,-0.06901309671734546,-0.2778257481125053,-0.2778257481125053,0.6835910868739548,-0.00955609368599053,0.23554969838233458,0.4111257540441636,5.0,1104.8843307216914,16.334922878801063,1.3287561198250577,2.15,0.12631417784505033,2.0,26.0,14.0,False,False,False,True,susceptible-enriched,mixed,True,0.9978501969202997,0.969849513784421,0.3015048621557902,0.9978501969202997,0.95,0.9,0.8,0.02,0.35,1.0,1.38,3.0,10.0,2.6666666666666665,1.0,0.7,2.15,hi_db_i_10,h_i,d_b,2.6666666666666665,1.0
0.5,0.6931471805599453,2.1772934037540956,1.6475574450734076,3.824850848827503,0.4307507691648843,-0.0692492308351157,-0.27878869270547746,-0.27878869270547746,0.6835253690465171,-0.009621811513428224,0.2352476083597307,0.41188097910067334,5.0,1104.53360906002,16.36727890348004,1.3291073291166229,2.15,0.1262072120170538,2.0,26.0,14.0,False,False,False,True,susceptible-enriched,mixed,True,0.999000999000999,0.9699300699300699,0.30069930069930073,0.999000999000999,0.95,0.9,0.8,0.02,0.35,1.0,1.38,3.0,10.0,3.0,1.0,0.7,2.15,hi_db_i_10,h_i,d_b,3.0,1.0
0.5,0.6931471805599453,2.177457027944585,1.6469416649833002,3.8243986929278853,0.43064068294679647,-0.06935931705320353,-0.279237663351799,-0.279237663351799,0.6834946535412076,-0.009652527018737644,0.2351074166183763,0.4122314584540593,5.0,1104.3704668130347,16.382365146708338,1.3292717610802898,2.15,0.12615752260920646,2.0,27.0,14.0,False,False,False,True,susceptible-enriched,mixed,True,0.9995360564601541,0.9699675239522108,0.30032476047789214,0.9995360564601541,0.95,0.9,0.8,0.02,0.35,1.0,1.38,3.0,10.0,3.333333333333333,1.0,0.7,2.15,hi_db_i_10,h_i,d_b,3.333333333333333,1.0
0.5,0.6931471805599453,2.1775327326306457,1.6466550416985302,3.824187774329176,0.43058948432190414,-0.06941051567809586,-0.27944647902894104,-0.27944647902894104,0.6834803516113139,-0.009666828948631356,0.23504235099930817,0.4123941225017296,5.0,1104.2944164329424,16.389382245505487,1.329348282498466,2.15,0.12613445014727845,2.0,27.0,14.0,False,False,False,True,susceptible-enriched,mixed,True,0.9997846029368873,0.9699849222055821,0.3001507779441789,0.9997846029368873,0.95,0.9,0.8,0.02,0.35,1.0,1.38,3.0,10.0,3.6666666666666665,1.0,0.7,2.15,hi_db_i_10,h_i,d_b,3.6666666666666665,1.0
0.5,0.6931471805599453,2.1775680128934063,1.6465219666953004,3.824089979588707,0.4305656968020374,-0.06943430319796262,-0.27954349945695856,-0.27954349945695856,0.6834737031187073,-0.009673477441238032,0.2350121514272539,0.4124696214318653,5.0,1104.259140872974,16.392642523222545,1.3293838913334382,2.1499999999999995,0.126123738988034,2.0,27.0,14.0,False,False,False,True,susceptible-enriched,mixed,True,0.9999000099990001,0.96999300069993,0.30006999300070003,0.9999000099990001,0.95,0.9,0.8,0.02,0.35,1.0,1.38,3.0,10.0,4.0,1.0,0.7,2.15,hi_db_i_10,h_i,d_b,4.0,1.0
0.5,0.6931471805599453,2.1775844472379506,1.6464602084500495,3.824044655688,0.43055465003554666,-0.06944534996445334,-0.27958855554483425,-0.27958855554483425,0.6834706148180829,-0.009676565741862375,0.23499813428911187,0.4125046642772203,5.0,1104.2427852153646,16.394156610434248,1.3294004800528967,2.15,0.1261187669051431,2.0,27.0,14.0,False,False,False,True,susceptible-enriched,mixed,True,0.9999535862659986,0.9699967510386199,0.300032489613801,0.9999535862659986,0.95,0.9,0.8,0.02,0.35,1.0,1.38,3.0,10.0,4.333333333333333,1.0,0.7,2.15,hi_db_i_10,h_i,d_b,4.333333333333333,1.0
0.5,0.6931471805599453,2.1775922250746618,1.6464316450408,3.824023870115462,0.43054952086140824,-0.06945047913859176,-0.27960947583673373,-0.27960947583673396,0.6834691807060426,-0.009677999853902719,0.23499162816627728,0.41252092958430686,5.0,1104.2352654092056,16.39485949701742,1.329408179452153,2.15,0.12611645898183282,2.0,27.0,14.0,False,False,False,True,susceptible-enriched,mixed,True,0.9999784561172486,0.9699984919282074,0.30001508071792604,0.9999784561172486,0.95,0.9,0.8,0.02,0.35,1.0,1.38,3.0,10.0,4.666666666666666,1.0,0.7,2.15,hi_db_i_10,h_i,d_b,4.666666666666666,1.0
0.5,0.6931471805599453,2.1775958103955984,1.6464183679547166,3.824014178350315,0.4305471400383206,-0.06945285996167938,-0.27961918648772055,-0.27961918648772055,0.6834685149937874,-0.009678665566157929,0.23498860830371132,0.4125284792407218,5.0,1104.231762319866,16.395185773378987,1.3294117492633701,2.15,0.12611538772001205,2.0,27.0,14.0,False,False,False,True,susceptible-enriched,mixed,True,0.999990000099999,0.969999300007,0.3000069999300007,0.999990000099999,0.95,0.9,0.8,0.02,0.35,1.0,1.38,3.0,10.0,5.0,1.0,0.7,2.15,hi_db_i_10,h_i,d_b,5.0,1.0
0.5,0.6931471805599453,2.133159750663688,1.697941088431917,3.831100839095605,0.4431992682376756,-0.05680073176232442,-0.22818793890422504,-0.22818793890422504,0.686680583277494,-0.006466597282451247,0.23833767402904749,0.4041558149273813,5.0,1106.1280153564064,16.253101595173085,0.8316274233979428,2.15,0.08519027956275006,2.0,24.0,15.0,False,False,False,True,susceptible-enriched,mixed,True,0.9090909090909091,0.9636363636363636,0.36363636363636365,1.5909090909090908,0.95,0.9,0.8,0.02,0.35,1.75,1.38,3.0,10.0,1.0,1.0,0.7,2.15,hi_db_i_10,h_i,d_b,1.0,1.75
0.5,0.6931471805599453,2.147036133263669,1.644619100377978,3.791655233641647,0.43374700468175864,-0.06625299531824136,-0.2665795409241,-0.2665795409241,0.684342389838912,-0.00880479072103324,0.22653203680956718,0.43366990797608207,5.0,1091.603000336736,17.653483116649863,0.8373049606465094,2.15,0.081625314631817,1.0,26.0,16.0,False,False,False,True,susceptible-enriched,mixed,True,0.9556429820556985,0.9668950087438989,0.331049912561011,1.6723752185974725,0.95,0.9,0.8,0.02,0.35,1.75,1.38,3.0,10.0,1.3333333333333333,1.0,0.7,2.15,hi_db_i_10,h_i,d_b,1.3333333333333333,1.75
0.5,0.6931471805599453,2.154984018460373,1.6152804291390048,3.770264447599378,0.4284262951813617,-0.07157370481863828,-0.2882747255659119,-0.28827472556591166,0.682866309419765,-0.010280871140180281,0.22107521151026713,0.4473119712243322,5.0,1083.700807517287,18.44202475645952,0.8411098050199721,2.15,0.08045613783547242,1.0,28.0,16.0,False,False,False,True,susceptible-enriched,mixed,True,0.9789100228828136,0.9685237016017969,0.3147629839820305,1.7130925400449237,0.95,0.9,0.8,0.02,0.35,1.75,1.38,3.0,10.0,1.6666666666666665,1.0,0.7,2.15,hi_db_i_10,h_i,d_b,1.6666666666666665,1.75
0.5,0.6931471805599453,2.1590777505986853,1.6004695893322056,3.759547339930891,0.42570805594952976,-0.07429194405047024,-0.299384083686531,-0.299384083686531,0.6820676148825681,-0.011079565677377223,0.21854808419853644,0.45362978950365895,5.0,1079.7277632188031,18.845251044790587,0.843108036469409,2.15,0.07990301385480168,1.0,28.0,16.0,False,False,False,True,susceptible-enriched,mixed,True,0.9900990099009901,0.9693069306930693,0.306930693069307,1.7326732673267327,0.95,0.9,0.8,0.02,0.35,1.75,1.38,3.0,10.0,2.0,1.0,0.7,2.15,hi_db_i_10,h_i,d_b,2.0,1.75
0.5,0.6931471805599453,2.161075502257118,1.593313691914166,3.754389194171284,0.42438692674371553,-0.07561307325628447,-0.3047900849790612,-0.3047900849790612,0.6816685192950741,-0.011478661264871182,0.2173764032980566,0.4565589917548585,5.0,1077.8152452028758,19.04133861791199,0.8440560301784358,2.15,0.07964398486575594,1.0,29.0,16.0,False,False,False,True,susceptible-enriched,mixed,True,0.995379855975302,0.9696765899182711,0.30323410081728863,1.7419147479567785,0.95,0.9,0.8,0.02,0.35,1.75,1.38,3.0,10.0,2.333333333333333,1.0,0.7,2.15,hi_db_i_10,h_i,d_b,2.333333333333333,1.75
0.5,0.6931471805599453,2.162024767155263,1.5899288168182832,3.7519535839735463,0.42376025748550233,-0.07623974251449767,-0.3073559288865971,-0.3073559288865971,0.681476712803069,-0.011670467756876302,0.2166860544101344,0.45828486397466406,6.0,1076.912331109101,19.134382350868563,0.8445060748860012,2.15,0.07952325626645718,1.0,29.0,16.0,False,False,False,True,susceptible-enriched,mixed,True,0.9978501969202997,0.969849513784421,0.3015048621557902,1.7462378446105244,0.95,0.9,0.8,0.02,0.35,1.75,1.38,3.0,10.0,2.6666666666666665,1.0,0.7,2.15,hi_db_i_10,h_i,d_b,2.6666666666666665,1.75
0.5,0.6931471805599453,2.162470211301677,1.5883437436285446,3.7508139549302215,0.423466416280328,-0.076533583719672,-0.30855938196609445,-0.30855938196609445,0.6813862221598737,-0.01176095840007163,0.21630764147985074,0.45923089630037317,6.0,1076.4898710409038,19.178017583109316,0.84471812554331,2.15,0.07946711129390878,1.0,29.0,16.0,False,False,False,True,susceptible-enriched,mixed,True,0.999000999000999,0.9699300699300699,0.30069930069930073,1.7482517482517483,0.95,0.9,0.8,0.02,0.35,1.75,1.38,3.0,10.0,3.0,1.0,0.7,2.15,hi_db_i_10,h_i,d_b,3.0,1.75
0.5,0.6931471805599453,2.1626780339088936,1.5876049916251096,3.750283025534003,0.4233293809602678,-0.07667061903973221,-0.30912069819973736,-0.30912069819973736,0.6813439001666848,-0.011803280393260507,0.21613212878691299,0.4596696780327175,6.0,1076.293053422051,19.198368973444524,0.8448173336791043,2.15,0.07944102785516675,1.0,29.0,17.0,False,False,False,True,susceptible-enriched,mixed,True,0.9995360564601541,0.9699675239522108,0.30032476047789214,1.7491880988052697,0.95,0.9,0.8,0.02,0.35,1.75,1.38,3.0,10.0,3.333333333333333,1.0,0.7,2.15,hi_db_i_10,h_i,d_b,3.333333333333333,1.75
0.5,0.6931471805599453,2.1627747267817403,1.5872614379887011,3.7500361647704414,0.42326563484911495,-0.07673436515088505,-0.3093818278316504,-0.3093818278316504,0.681324186601354,-0.011822993958591321,0.21605069124737153,0.45987327188157123,6.0,1076.201540268226,19.20783642092259,0.8448635607230908,2.1499999999999995,0.0794289159817664,1.0,29.0,17.0,False,False,False,True,susceptible-enriched,mixed,True,0.9997846029368873,0.9699849222055821,0.3001507779441789,1.7496230551395529,0.95,0.9,0.8,0.02,0.35,1.75,1.38,3.0,10.0,3.6666666666666665,1.0,0.7,2.15,hi_db_i_10,h_i,d_b,3.6666666666666665,1.75
0.5,0.6931471805599453,2.1628196573466196,1.587101833039889,3.749921490386509,0.4232360163029185,-0.07676398369708148,-0.3095031608334937,-0.3095031608334937,0.681315021364546,-0.011832159195399261,0.21601289737385948,0.4599677565653514,6.0,1076.159029360202,19.21223539328116,0.8448850568859172,2.1499999999999995,0.07942329306755294,1.0,29.0,17.0,False,False,False,True,susceptible-enriched,mixed,True,0.9999000099990001,0.96999300069993,0.30006999300070003,1.7498250174982501,0.95,0.9,0.8,0.02,0.35,1.75,1.38,3.0,10.0,4.0,1.0,0.7,2.15,hi_db_i_10,h_i,d_b,4.0,1.75
0.5,0.6931471805599453,2.162840522988664,1.58702772047556,3.749868243464224,0.4232222620732464,-0.07677773792675358,-0.3095595060951255,-0.3095595060951255,0.6813107639994953,-0.01183641656044998,0.2159953563225346,0.46001160919366346,6.0,1076.13929015035,19.214278201684046,0.8448950431204002,2.15,0.0794206829091196,1.0,29.0,17.0,False,False,False,True,susceptible-enriched,mixed,True,0.9999535862659986,0.9699967510386199,0.300032489613801,1.7499187759654975,0.95,0.9,0.8,0.02,0.35,1.75,1.38,3.0,10.0,4.333333333333333,1.0,0.7,2.15,hi_db_i_10,h_i,d_b,4.333333333333333,1.75
0.5,0.6931471805599453,2.1628502102730542,1.5869933138946244,3.7498435241676784,0.4232158765203079,-0.0767841234796921,-0.30958566517045155,-0.3095856651704518,0.6813087872073615,-0.011838393352583743,0.21598721477014865,0.46003196307462846,6.0,1076.1301264265994,19.215226601963874,0.8448996801821296,2.1500000000000004,0.07941947133072702,1.0,29.0,17.0,False,False,False,True,susceptible-enriched,mixed,True,0.9999784561172486,0.9699984919282074,0.30001508071792604,1.749962298205185,0.95,0.9,0.8,0.02,0.35,1.75,1.38,3.0,10.0,4.666666666666666,1.0,0.7,2.15,hi_db_i_10,h_i,d_b,4.666666666666666,1.75
0.5,0.6931471805599453,2.1628547072103825,1.5869773423575275,3.7498320495679103,0.42321291230640407,-0.07678708769359593,-0.30959780841373585,-0.30959780841373585,0.6813078695112309,-0.011839311048714385,0.2159834358571282,0.4600414103571795,6.0,1076.1258726593205,19.215666856196805,0.8449018329176982,2.15,0.07941890895504564,1.0,29.0,17.0,False,False,False,True,susceptible-enriched,mixed,True,0.999990000099999,0.969999300007,0.3000069999300007,1.7499825001749985,0.95,0.9,0.8,0.02,0.35,1.75,1.38,3.0,10.0,5.0,1.0,0.7,2.15,hi_db_i_10,h_i,d_b,5.0,1.75
0.5,0.6931471805599453,2.1238454249210412,1.675088539623047,3.798933964544088,0.44093647198315417,-0.059063528016845834,-0.23736230191406382,-0.23736230191406382,0.686153862445823,-0.006993318114122293,0.22795327057655887,0.4301168235586028,5.0,1093.7576009777972,17.527888163593353,0.6102582252983291,2.1499999999999995,0.06557926453232762,1.0,25.0,16.0,False,False,False,True,susceptible-enriched,mixed,True,0.9090909090909091,0.9636363636363636,0.36363636363636365,2.2727272727272725,0.95,0.9,0.8,0.02,0.35,2.5,1.38,3.0,10.0,1.0,1.0,0.7,2.15,hi_db_i_10,h_i,d_b,1.0,2.5
0.5,0.6931471805599453,2.139613345917531,1.6173182330024118,3.756931578919943,0.4304891369534509,-0.06951086304654908,-0.27985576742211066,-0.27985576742211066,0.6834522893572079,-0.009694891202737366,0.2164085418344433,0.4589786454138918,6.0,1078.0657985083453,19.131901541417044,0.6140368994962659,2.15,0.06320122160119436,1.0,28.0,17.0,False,False,False,True,susceptible-enriched,mixed,True,0.9556429820556985,0.9668950087438989,0.331049912561011,2.3891074551392464,0.95,0.9,0.8,0.02,0.35,2.5,1.38,3.0,10.0,1.3333333333333333,1.0,0.7,2.15,hi_db_i_10,h_i,d_b,1.3333333333333333,2.5
0.5,0.6931471805599453,2.1487516653944523,1.5854290134470397,3.7341806788414917,0.42457212165183983,-0.07542787834816017,-0.30403201111832734,-0.3040320111183271,0.68172489466981,-0.011422285890135275,0.2091222077501382,0.4771944806246545,6.0,1069.5215817894432,20.039575856254594,0.6165500111054966,2.15,0.06206484342358656,1.0,29.0,17.0,False,False,False,True,susceptible-enriched,mixed,True,0.9789100228828136,0.9685237016017969,0.3147629839820305,2.447275057207034,0.95,0.9,0.8,0.02,0.35,2.5,1.38,3.0,10.0,1.6666666666666665,1.0,0.7,2.15,hi_db_i_10,h_i,d_b,1.6666666666666665,2.5
0.5,0.6931471805599453,2.1534870715436587,1.5693066498477761,3.722793721391435,0.42154004956826635,-0.07845995043173365,-0.31645452451687234,-0.31645452451687234,0.6807842207187913,-0.012362959841153986,0.20578430556315508,0.48553923609211236,6.0,1065.2295128895303,20.504805599878217,0.6177886337544849,2.15,0.06153022864319242,1.0,30.0,17.0,False,False,False,True,susceptible-enriched,mixed,True,0.9900990099009901,0.9693069306930693,0.306930693069307,2.4752475247524752,0.95,0.9,0.8,0.02,0.35,2.5,1.38,3.0,10.0,2.0,1.0,0.7,2.15,hi_db_i_10,h_i,d_b,2.0,2.5
0.5,0.6931471805599453,2.155804230898943,1.5615115250511518,3.7173157559500947,0.4200642688347713,-0.07993573116522867,-0.32250956845889583,-0.32250956845889583,0.6803127359840856,-0.012834444575859694,0.20424455418507148,0.4893886145373213,6.0,1063.1645182474995,20.731305785611852,0.6183768233657159,2.15,0.06128052836126035,1.0,30.0,18.0,False,False,False,True,susceptible-enriched,mixed,True,0.995379855975302,0.9696765899182711,0.30323410081728863,2.488449639938255,0.95,0.9,0.8,0.02,0.35,2.5,1.38,3.0,10.0,2.333333333333333,1.0,0.7,2.15,hi_db_i_10,h_i,d_b,2.333333333333333,2.5
0.5,0.6931471805599453,2.1569063321186106,1.5578228385458297,3.71472917066444,0.41936377242467654,-0.08063622757532346,-0.32538571122645343,-0.32538571122645343,0.6800858119028552,-0.013061368657090067,0.20353193157086835,0.4911701710728291,6.0,1062.18914796708,20.83884097893997,0.6186647214127566,2.15,0.06116429169803834,1.0,30.0,18.0,False,False,False,True,susceptible-enriched,mixed,True,0.9978501969202997,0.969849513784421,0.3015048621557902,2.4946254923007496,0.95,0.9,0.8,0.02,0.35,2.5,1.38,3.0,10.0,2.6666666666666665,1.0,0.7,2.15,hi_db_i_10,h_i,d_b,2.6666666666666665,2.5
0.5,0.6931471805599453,2.157424173496522,1.556095490798425,3.713519664294947,0.4190352095776143,-0.08096479042238569,-0.32673520453649385,-0.32673520453649385,0.6799786805585573,-0.013168500001388028,0.20320160727172004,0.4919959818206999,6.0,1061.7328353652904,20.88928522542656,0.6188024941721123,2.15,0.06111026689384126,1.0,30.0,18.0,False,False,False,True,susceptible-enriched,mixed,True,0.999000999000999,0.9699300699300699,0.30069930069930073,2.4975024975024978,0.95,0.9,0.8,0.02,0.35,2.5,1.38,3.0,10.0,3.0,1.0,0.7,2.15,hi_db_i_10,h_i,d_b,3.0,2.5
0.5,0.6931471805599453,2.157665776930107,1.555290329165572,3.712956106095679,0.4188819594748783,-0.08111804052512173,-0.32736474347212363,-0.32736474347212363,0.6799285601172615,-0.013218620442683737,0.20304838041825415,0.4923790489543647,6.0,1061.5201831528905,20.91281526167831,0.6188673789853643,2.1500000000000004,0.06108517516395764,1.0,31.0,18.0,False,False,False,True,susceptible-enriched,mixed,True,0.9995360564601541,0.9699675239522108,0.30032476047789214,2.498840141150385,0.95,0.9,0.8,0.02,0.35,2.5,1.38,3.0,10.0,3.333333333333333,1.0,0.7,2.15,hi_db_i_10,h_i,d_b,3.333333333333333,2.5
0.5,0.6931471805599453,2.15777836891337,1.554915993887044,3.712694362800414,0.4188106646931747,-0.08118933530682532,-0.32765763853453,-0.32765763853453,0.6799052102784762,-0.013241970281469118,0.20297727952366018,0.49255680119084955,6.0,1061.421379389351,20.923762055710313,0.6188977108123896,2.15,0.0610735252445106,1.0,31.0,18.0,False,False,False,True,susceptible-enriched,mixed,True,0.9997846029368873,0.9699849222055821,0.3001507779441789,2.499461507342218,0.95,0.9,0.8,0.02,0.35,2.5,1.38,3.0,10.0,3.6666666666666665,1.0,0.7,2.15,hi_db_i_10,h_i,d_b,3.6666666666666665,2.5
0.5,0.6931471805599453,2.1578306143894226,1.554742034325931,3.7125726487153536,0.41877753822916086,-0.08122246177083914,-0.3277937342683571,-0.3277937342683571,0.6798943538853275,-0.013252826674617801,0.20294428187433916,0.4926392953141522,6.0,1061.37544413402,20.92884851016482,0.6189118265258584,2.1499999999999995,0.0610681171047182,1.0,31.0,18.0,False,False,False,True,susceptible-enriched,mixed,True,0.9999000099990001,0.96999300069993,0.30006999300070003,2.4997500249975,0.95,0.9,0.8,0.02,0.35,2.5,1.38,3.0,10.0,4.0,1.0,0.7,2.15,hi_db_i_10,h_i,d_b,4.0,2.5
0.5,0.6931471805599453,2.1578548777672344,1.5546612556603292,3.7125161334275636,0.4187621547721047,-0.08123784522789529,-0.32785693620757506,-0.32785693620757506,0.6798893107983619,-0.013257869761583385,0.2029289666837517,0.4926775832906207,6.0,1061.3541145538732,20.931210601915694,0.618918387757559,2.15,0.06106560671212412,1.0,31.0,18.0,False,False,False,True,susceptible-enriched,mixed,True,0.9999535862659986,0.9699967510386199,0.300032489613801,2.4998839656649965,0.95,0.9,0.8,0.02,0.35,2.5,1.38,3.0,10.0,4.333333333333333,1.0,0.7,2.15,hi_db_i_10,h_i,d_b,4.333333333333333,2.5
0.5,0.6931471805599453,2.15786614266985,1.5546237542420847,3.7124898969119347,0.4187550127840691,-0.08124498721593088,-0.32788627882448873,-0.32788627882448895,0.6798869691432639,-0.013260211416681433,0.2029218582091405,0.49269535447714885,6.0,1061.3442124450387,20.932307239718035,0.6189214352124058,2.15,0.06106444145738973,1.0,31.0,18.0,False,False,False,True,susceptible-enriched,mixed,True,0.9999784561172486,0.9699984919282074,0.30001508071792604,2.4999461402931216,0.95,0.9,0.8,0.02,0.35,2.5,1.38,3.0,10.0,4.666666666666666,1.0,0.7,2.15,hi_db_i_10,h_i,d_b,4.666666666666666,2.5
0.5,0.6931471805599453,2.1578713719866256,1.5546063460563162,3.712477718042942,0.4187516974178198,-0.08124830258218019,-0.3278998999424269,-0.3278998999424269,0.6798858820575819,-0.01326129850236335,0.20291855879213205,0.49270360301966987,6.0,1061.3396159064807,20.932816308186773,0.6189228501464621,2.1500000000000004,0.06106390058678788,1.0,31.0,18.0,False,False,False,True,susceptible-enriched,mixed,True,0.999990000099999,0.969999300007,0.3000069999300007,2.4999750002499974,0.95,0.9,0.8,0.02,0.35,2.5,1.38,3.0,10.0,5.0,1.0,0.7,2.15,hi_db_i_10,h_i,d_b,5.0,2.5
0.5,0.6931471805599453,2.118682416999984,1.6608421387769616,3.7795245557769457,0.43943149839796375,-0.06056850160203625,-0.2434696078115519,-0.2434696078115519,0.6857920433439184,-0.007355137216026875,0.22213717049501872,0.4446570737624532,5.0,1086.1277295971338,18.375050330273694,0.48156757421520435,2.15,0.0528223791734805,1.0,26.0,16.0,False,False,False,True,susceptible-enriched,mixed,True,0.9090909090909091,0.9636363636363636,0.36363636363636365,2.9545454545454546,0.95,0.9,0.8,0.02,0.35,3.25,1.38,3.0,10.0,1.0,1.0,0.7,2.15,hi_db_i_10,h_i,d_b,1.0,3.25
0.5,0.6931471805599453,2.1358490151461687,1.6003016667627548,3.7361506819089234,0.42832899500324956,-0.07167100499675044,-0.288672079605898,-0.288672079605898,0.6828382409064961,-0.010308939653449145,0.2083462319054728,0.479134420236318,6.0,1069.757047790507,20.112394977147225,0.4842759252050075,2.15,0.05064599817252949,1.0,29.0,17.0,False,False,False,True,susceptible-enriched,mixed,True,0.9556429820556985,0.9668950087438989,0.331049912561011,3.10583969168102,0.95,0.9,0.8,0.02,0.35,3.25,1.38,3.0,10.0,1.3333333333333333,1.0,0.7,2.15,hi_db_i_10,h_i,d_b,1.3333333333333333,3.25
0.5,0.6931471805599453,2.1458587519880914,1.5668289028709979,3.7126876548590895,0.42202012356745505,-0.07797987643254495,-0.3144860531277768,-0.31448605312777655,0.6809356697777202,-0.012211510782225043,0.20165026058543406,0.4958743485364149,6.0,1060.8492626949837,21.098108603298787,0.4859275496331432,2.15,0.04961537027619392,1.0,30.0,18.0,False,False,False,True,susceptible-enriched,mixed,True,0.9789100228828136,0.9685237016017969,0.3147629839820305,3.1814575743691442,0.95,0.9,0.8,0.02,0.35,3.25,1.38,3.0,10.0,1.6666666666666665,1.0,0.7,2.15,hi_db_i_10,h_i,d_b,1.6666666666666665,3.25
0.5,0.6931471805599453,2.1510611852301538,1.5498939179158997,3.7009551031460535,0.4187821453436138,-0.0812178546563862,-0.32777480636261463,-0.32777480636261463,0.6798958640249767,-0.013251316534968582,0.1985773721890876,0.503556569527281,6.0,1056.3734528537773,21.604017259779773,0.4868682614730277,2.15,0.04913260454600534,1.0,31.0,18.0,False,False,False,True,susceptible-enriched,mixed,True,0.9900990099009901,0.9693069306930693,0.306930693069307,3.217821782178218,0.95,0.9,0.8,0.02,0.35,3.25,1.38,3.0,10.0,2.0,1.0,0.7,2.15,hi_db_i_10,h_i,d_b,2.0,3.25
0.5,0.6931471805599453,2.1536127848988045,1.5417048361629773,3.6953176210617817,0.4172049588852383,-0.08279504111476171,-0.33425795639299255,-0.33425795639299255,0.6793737903768179,-0.013773390183127399,0.19715868856412647,0.5071032785896838,6.0,1054.2188224539168,21.850457540543104,0.4872720493609749,2.1499999999999995,0.048907580842293776,1.0,31.0,18.0,False,False,False,True,susceptible-enriched,mixed,True,0.995379855975302,0.9696765899182711,0.30323410081728863,3.2349845319197312,0.95,0.9,0.8,0.02,0.35,3.25,1.38,3.0,10.0,2.333333333333333,1.0,0.7,2.15,hi_db_i_10,h_i,d_b,2.333333333333333,3.25
0.5,0.6931471805599453,2.1548266078072227,1.5378288298695788,3.6926554376768017,0.4164560858234552,-0.08354391417654478,-0.33733868898746366,-0.33733868898746366,0.6791223201572842,-0.014024860402661044,0.19627719513478636,0.5093070121630341,7.0,1053.2014480297562,21.967481337599075,0.4874521036101867,2.15,0.04880293104380448,1.0,31.0,18.0,False,False,False,True,susceptible-enriched,mixed,True,0.9978501969202997,0.969849513784421,0.3015048621557902,3.2430131399909743,0.95,0.9,0.8,0.02,0.35,3.25,1.38,3.0,10.0,2.6666666666666665,1.0,0.7,2.15,hi_db_i_10,h_i,d_b,2.6666666666666665,3.25
0.5,0.6931471805599453,2.15539409581965,1.5360117416451151,3.6914058374647647,0.4161048146090701,-0.08389518539092988,-0.33878430292995676,-0.33878430292995676,0.679003568895305,-0.014143611664640288,0.19585040795159192,0.5103739801210202,7.0,1052.724337203851,22.022378749618245,0.48753537645156064,2.1499999999999995,0.04875431319368692,1.0,31.0,18.0,False,False,False,True,susceptible-enriched,mixed,True,0.999000999000999,0.9699300699300699,0.30069930069930073,3.2467532467532467,0.95,0.9,0.8,0.02,0.35,3.25,1.38,3.0,10.0,3.0,1.0,0.7,2.15,hi_db_i_10,h_i,d_b,3.0,3.25
0.5,0.6931471805599453,2.1556602359927535,1.5351655691508799,3.6908258051436333,0.4159409438970087,-0.0840590561029913,-0.3394588127819221,-0.3394588127819221,0.6789479968051872,-0.014199183754758038,0.19565254803600962,0.510868629909976,7.0,1052.502659197929,22.04798842856426,0.4875743196771335,2.15,0.04873173737119719,1.0,31.0,19.0,False,False,False,True,susceptible-enriched,mixed,True,0.9995360564601541,0.9699675239522108,0.30032476047789214,3.2484921834955007,0.95,0.9,0.8,0.02,0.35,3.25,1.38,3.0,10.0,3.333333333333333,1.0,0.7,2.15,hi_db_i_10,h_i,d_b,3.333333333333333,3.25
0.5,0.6931471805599453,2.1557840857934965,1.5347720419874469,3.690556127780943,0.4158647067942777,-0.08413529320572227,-0.33977263913361877,-0.33977263913361877,0.6789221054863036,-0.01422507507364168,0.19556076066705788,0.5110980983323553,7.0,1052.399591448686,22.05990293096429,0.4875924560578485,2.15,0.04872125657444094,1.0,31.0,19.0,False,False,False,True,susceptible-enriched,mixed,True,0.9997846029368873,0.9699849222055821,0.3001507779441789,3.2492999595448837,0.95,0.9,0.8,0.02,0.35,3.25,1.38,3.0,10.0,3.6666666666666665,1.0,0.7,2.15,hi_db_i_10,h_i,d_b,3.6666666666666665,3.25
0.5,0.6931471805599453,2.155841640553677,1.5345892169040718,3.6904308574577485,0.4158292828608133,-0.08417071713918672,-0.33991846568355516,-0.33991846568355516,0.6789100668200774,-0.014237113739867913,0.19551816774442304,0.5112045806389425,7.0,1052.35171401871,22.06543910262028,0.48760088933312606,2.15,0.048716391382587876,1.0,32.0,19.0,False,False,False,True,susceptible-enriched,mixed,True,0.9999000099990001,0.96999300069993,0.30006999300070003,3.24967503249675,0.95,0.9,0.8,0.02,0.35,3.25,1.38,3.0,10.0,4.0,1.0,0.7,2.15,hi_db_i_10,h_i,d_b,4.0,3.25
0.5,0.6931471805599453,2.155868369941059,1.534504321229539,3.690372691170598,0.4158128323735209,-0.0841871676264791,-0.33998618715569334,-0.33998618715569334,0.6789044744386526,-0.014242706121292636,0.19549840023067852,0.5112539994233037,7.0,1052.3294831653513,22.068010049227752,0.48760480718060695,2.1500000000000004,0.04871413306644005,1.0,32.0,19.0,False,False,False,True,susceptible-enriched,mixed,True,0.9999535862659986,0.9699967510386199,0.300032489613801,3.2498491553644957,0.95,0.9,0.8,0.02,0.35,3.25,1.38,3.0,10.0,4.333333333333333,1.0,0.7,2.15,hi_db_i_10,h_i,d_b,4.333333333333333,3.25
0.5,0.6931471805599453,2.155880779821322,1.5344649084343625,3.690345688255684,0.4158051949760994,-0.08419480502390059,-0.3400176281765696,-0.34001762817656983,0.6789018777089599,-0.014245302850985353,0.19548922547407668,0.5112769363148083,7.0,1052.319162766674,22.06920365358151,0.48760662645254027,2.15,0.048713084828659166,1.0,32.0,19.0,False,False,False,True,susceptible-enriched,mixed,True,0.9999784561172486,0.9699984919282074,0.30001508071792604,3.2499299823810577,0.95,0.9,0.8,0.02,0.35,3.25,1.38,3.0,10.0,4.666666666666666,1.0,0.7,2.15,hi_db_i_10,h_i,d_b,4.666666666666666,3.25
0.5,0.6931471805599453,2.1558865406665775,1.5344466129731595,3.6903331536397372,0.415801649631484,-0.08419835036851597,-0.3400322234215153,-0.3400322234215153,0.6789006722034201,-0.01424650835652519,0.19548496703927876,0.511287582401803,7.0,1052.3143720846415,22.069757735263273,0.4876074710515077,2.1500000000000004,0.04871259827541218,1.0,32.0,19.0,False,False,False,True,susceptible-enriched,mixed,True,0.999990000099999,0.969999300007,0.3000069999300007,3.249967500324997,0.95,0.9,0.8,0.02,0.35,3.25,1.38,3.0,10.0,5.0,1.0,0.7,2.15,hi_db_i_10,h_i,d_b,5.0,3.25
0.5,0.6931471805599453,2.1154579098213726,1.6511414837109775,3.76659939353235,0.43836397535298344,-0.06163602464701656,-0.24780443785683257,-0.24780443785683257,0.6855298203656235,-0.007617360194321798,0.21727565734937337,0.4568108566265666,6.0,1080.9611353213922,18.975730763298778,0.397386102808083,2.15,0.04374061840967142,1.0,26.0,17.0,False,False,False,True,susceptible-enriched,mixed,True,0.9090909090909091,0.9636363636363636,0.36363636363636365,3.6363636363636362,0.95,0.9,0.8,0.02,0.35,4.0,1.38,3.0,10.0,1.0,1.0,0.7,2.15,hi_db_i_10,h_i,d_b,1.0,4.0
0.5,0.6931471805599453,2.1336824922437394,1.5887218686661182,3.7224043609098576,0.4267999160300229,-0.07320008396997713,-0.2949195197629094,-0.2949195197629094,0.6823920628052247,-0.0107551177547206,0.2033498632148621,0.4916253419628448,6.0,1064.1643581186254,20.806539291717108,0.3993606777679877,2.15,0.04180265118150646,1.0,29.0,18.0,False,False,False,True,susceptible-enriched,mixed,True,0.9556429820556985,0.9668950087438989,0.331049912561011,3.822571928222794,0.95,0.9,0.8,0.02,0.35,4.0,1.38,3.0,10.0,1.3333333333333333,1.0,0.7,2.15,hi_db_i_10,h_i,d_b,1.3333333333333333,4.0
0.5,0.6931471805599453,2.1443450898980125,1.5541768360621628,3.6985219259601756,0.4202156610599738,-0.07978433894002618,-0.3218881467744666,-0.32188814677446637,0.6803615143853197,-0.01278566617462562,0.1967825871009289,0.5080435322476777,7.0,1055.0158547116976,21.84703082572772,0.40067768865078834,2.15,0.04089116466043387,1.0,31.0,18.0,False,False,False,True,susceptible-enriched,mixed,True,0.9789100228828136,0.9685237016017969,0.3147629839820305,3.9156400915312544,0.95,0.9,0.8,0.02,0.35,4.0,1.38,3.0,10.0,1.6666666666666665,1.0,0.7,2.15,hi_db_i_10,h_i,d_b,1.6666666666666665,4.0
0.5,0.6931471805599453,2.149896374651448,1.536692691025178,3.686589065676626,0.4168331928644555,-0.08316680713554447,-0.33578713935321863,-0.33578713935321863,0.6792492403893458,-0.013897940170599532,0.19272195253064464,0.5181951186733884,7.0,1050.4320850841927,22.38134832759922,0.4012583609203062,2.15,0.0404655794653191,1.0,31.0,19.0,False,False,False,True,susceptible-enriched,mixed,True,0.9900990099009901,0.9693069306930693,0.306930693069307,3.9603960396039604,0.95,0.9,0.8,0.02,0.35,4.0,1.38,3.0,10.0,2.0,1.0,0.7,2.15,hi_db_i_10,h_i,d_b,2.0,4.0
0.5,0.6931471805599453,2.1526187917492257,1.5282352371774677,3.680854028926693,0.4151849611985533,-0.0848150388014467,-0.3425715136740174,-0.3425715136740174,0.6786901953449546,-0.014456985214990725,0.19085789869142664,0.5228552532714335,7.0,1048.2236612592487,22.64174266152122,0.4015895216706594,2.1499999999999995,0.04026750664331582,1.0,32.0,19.0,False,False,False,True,susceptible-enriched,mixed,True,0.995379855975302,0.9696765899182711,0.30323410081728863,3.981519423901208,0.95,0.9,0.8,0.02,0.35,4.0,1.38,3.0,10.0,2.333333333333333,1.0,0.7,2.15,hi_db_i_10,h_i,d_b,2.333333333333333,4.0
0.5,0.6931471805599453,2.153918033260291,1.5242342711802859,3.6781523044405766,0.4144021631024091,-0.08559783689759087,-0.34579635804448894,-0.34579635804448894,0.6784207689308487,-0.014726411629096603,0.18999713008572583,0.5250071747856855,7.0,1047.1809233705314,22.765421174476852,0.40175363681295617,2.15,0.04017545516399604,1.0,32.0,19.0,False,False,False,True,susceptible-enriched,mixed,True,0.9978501969202997,0.969849513784421,0.3015048621557902,3.991400787681199,0.95,0.9,0.8,0.02,0.35,4.0,1.38,3.0,10.0,2.6666666666666665,1.0,0.7,2.15,hi_db_i_10,h_i,d_b,2.6666666666666665,4.0
0.5,0.6931471805599453,2.15452707373751,1.522359422229673,3.6768864959671834,0.41403492435771405,-0.08596507564228595,-0.3473098613016153,-0.3473098613016153,0.6782935012139092,-0.014853679346036097,0.1895985533976333,0.5260036165059168,7.0,1046.692207539701,22.823447014963694,0.4018298963186998,2.1499999999999995,0.0401327041214042,1.0,32.0,19.0,False,False,False,True,susceptible-enriched,mixed,True,0.999000999000999,0.9699300699300699,0.30069930069930073,3.996003996003996,0.95,0.9,0.8,0.02,0.35,4.0,1.38,3.0,10.0,3.0,1.0,0.7,2.15,hi_db_i_10,h_i,d_b,3.0,4.0
0.5,0.6931471805599453,2.1548114061264894,1.5214855434844647,3.676296949610954,0.4138636144845363,-0.08613638551546371,-0.3480160163468802,-0.3480160163468802,0.6782339431211758,-0.014913237438769489,0.18941375643186117,0.5264656089203471,7.0,1046.464501852477,22.850515425551535,0.4018651053831658,2.15,0.04011285556799858,1.0,32.0,19.0,False,False,False,True,susceptible-enriched,mixed,True,0.9995360564601541,0.9699675239522108,0.30032476047789214,3.9981442258406164,0.95,0.9,0.8,0.02,0.35,4.0,1.38,3.0,10.0,3.333333333333333,1.0,0.7,2.15,hi_db_i_10,h_i,d_b,3.333333333333333,4.0
0.5,0.6931471805599453,2.15494379652836,1.5210791745430368,3.6760229710713967,0.4137839144404775,-0.08621608555952248,-0.34834457652702266,-0.34834457652702266,0.678206193136333,-0.014940987423612273,0.189328025631143,0.5266799359221426,7.0,1046.3586521578966,22.863108747668065,0.40188138442653754,2.15,0.04010364154945237,1.0,32.0,19.0,False,False,False,True,susceptible-enriched,mixed,True,0.9997846029368873,0.9699849222055821,0.3001507779441789,3.9991384117475492,0.95,0.9,0.8,0.02,0.35,4.0,1.38,3.0,10.0,3.6666666666666665,1.0,0.7,2.15,hi_db_i_10,h_i,d_b,3.6666666666666665,4.0
0.5,0.6931471805599453,2.1550052814791973,1.5208903567376968,3.675895638216894,0.41374688142002075,-0.08625311857997925,-0.34849724997630815,-0.34849724997630815,0.6781932900575373,-0.01495389050240803,0.1892882424732846,0.5267793938167885,7.0,1046.3094616699254,22.868960358380328,0.4018889218523091,2.15,0.04009936453619239,1.0,32.0,19.0,False,False,False,True,susceptible-enriched,mixed,True,0.9999000099990001,0.96999300069993,0.30006999300070003,3.9996000399960003,0.95,0.9,0.8,0.02,0.35,4.0,1.38,3.0,10.0,4.0,1.0,0.7,2.15,hi_db_i_10,h_i,d_b,4.0,4.0
0.5,0.6931471805599453,2.155033712318287,1.5208025953447728,3.67583630766306,0.41372968436443636,-0.08627031563556364,-0.348568148444435,-0.348568148444435,0.6781872963213371,-0.014959884238608168,0.18926977882561513,0.5268255529359622,7.0,1046.286562617507,22.8716778164723,0.4018924102852347,2.15,0.040097379269782345,1.0,32.0,19.0,False,False,False,True,susceptible-enriched,mixed,True,0.9999535862659986,0.9699967510386199,0.300032489613801,3.9998143450639945,0.95,0.9,0.8,0.02,0.35,4.0,1.38,3.0,10.0,4.333333333333333,1.0,0.7,2.15,hi_db_i_10,h_i,d_b,4.333333333333333,4.0
0.5,0.6931471805599453,2.155046920138878,1.5207618574119806,3.6758087775508583,0.4137217002961845,-0.08627829970381551,-0.3486010647349731,-0.3486010647349733,0.6781845131980468,-0.01496266736189844,0.18926120920298825,0.5268469769925295,7.0,1046.2759355974968,22.872939439546844,0.40189403088457154,2.15,0.04009645777938692,1.0,32.0,19.0,False,False,False,True,susceptible-enriched,mixed,True,0.9999784561172486,0.9699984919282074,0.30001508071792604,3.9999138244689942,0.95,0.9,0.8,0.02,0.35,4.0,1.38,3.0,10.0,4.666666666666666,1.0,0.7,2.15,hi_db_i_10,h_i,d_b,4.666666666666666,4.0
0.5,0.6931471805599453,2.155053084209245,1.5207429687259606,3.6757960529352056,0.41371799382384483,-0.08628200617615517,-0.3486163456448904,-0.3486163456448904,0.6781832210895238,-0.014963959470421506,0.18925723163209124,0.526856920919772,7.0,1046.2710179221926,22.873525093163174,0.4018947835529705,2.15,0.04009603005898714,1.0,32.0,19.0,False,False,False,True,susceptible-enriched,mixed,True,0.999990000099999,0.969999300007,0.3000069999300007,3.999960000399996,0.95,0.9,0.8,0.02,0.35,4.0,1.38,3.0,10.0,5.0,1.0,0.7,2.15,hi_db_i_10,h_i,d_b,5.0,4.0
0.5,0.6931471805599453,2.113279484033477,1.6441236526358942,3.7574031366693714,0.43756913826746696,-0.06243086173253304,-0.2510334904108898,-0.2510334904108898,0.6853315730087834,-0.00781560755116184,0.21330924715118793,0.4667268821220302,6.0,1077.2492720770108,19.422812919378867,0.33806984921659156,2.15,0.03708323486504997,1.0,27.0,17.0,False,False,False,True,susceptible-enriched,mixed,True,0.9090909090909091,0.9636363636363636,0.36363636363636365,4.318181818181818,0.95,0.9,0.8,0.02,0.35,4.75,1.38,3.0,10.0,1.0,1.0,0.7,2.15,hi_db_i_10,h_i,d_b,1.0,4.75
0.5,0.6931471805599453,2.132318183943097,1.5803442362497386,3.7126624201928355,0.4256633265805124,-0.07433667341948758,-0.29956704281513064,-0.29956704281513064,0.6820542195296062,-0.011092961030339077,0.199956253180016,0.50010936704996,6.0,1060.1469131732847,21.322646757309272,0.3396922067612034,2.15,0.03537124552837909,1.0,30.0,18.0,False,False,False,True,susceptible-enriched,mixed,True,0.9556429820556985,0.9668950087438989,0.331049912561011,4.539304164764568,0.95,0.9,0.8,0.02,0.35,4.75,1.38,3.0,10.0,1.3333333333333333,1.0,0.7,2.15,hi_db_i_10,h_i,d_b,1.3333333333333333,4.75
0.5,0.6931471805599453,2.143484926178906,1.5450276033176993,3.688512529496605,0.41887551986398136,-0.08112448013601864,-0.3273911982758681,-0.3273911982758679,0.679926451930513,-0.013220728629432243,0.1922543268553919,0.5193641828615203,7.0,1050.8428836206697,22.40343636854001,0.3406229869596391,2.15,0.034569989604783656,1.0,31.0,19.0,False,False,False,True,susceptible-enriched,mixed,True,0.9789100228828136,0.9685237016017969,0.3147629839820305,4.6498226086933645,0.95,0.9,0.8,0.02,0.35,4.75,1.38,3.0,10.0,1.6666666666666665,1.0,0.7,2.15,hi_db_i_10,h_i,d_b,1.6666666666666665,4.75
0.5,0.6931471805599453,2.149304562627433,1.5271487377009598,3.676453300328393,0.41538640993061166,-0.08461359006938834,-0.34174190390520165,-0.34174190390520165,0.678759122378148,-0.014388058181797336,0.18838860829460768,0.5290284792634807,7.0,1046.174623927515,22.958771677287658,0.34117849213040846,2.15,0.03419672344210867,1.0,32.0,19.0,False,False,False,True,susceptible-enriched,mixed,True,0.9900990099009901,0.9693069306930693,0.306930693069307,4.702970297029703,0.95,0.9,0.8,0.02,0.35,4.75,1.38,3.0,10.0,2.0,1.0,0.7,2.15,hi_db_i_10,h_i,d_b,2.0,4.75
0.5,0.6931471805599453,2.1521577976353417,1.5184982612172266,3.6706560588525683,0.41368579264054034,-0.08631420735945966,-0.3487491052130666,-0.3487491052130666,0.6781719930931751,-0.014975187466770179,0.1866129406986604,0.5334676482533489,7.0,1043.9244791749293,23.229424464363603,0.3414116009342387,2.15,0.03402318388355935,1.0,32.0,19.0,False,False,False,True,susceptible-enriched,mixed,True,0.995379855975302,0.9696765899182711,0.30323410081728863,4.728054315882685,0.95,0.9,0.8,0.02,0.35,4.75,1.38,3.0,10.0,2.333333333333333,1.0,0.7,2.15,hi_db_i_10,h_i,d_b,2.333333333333333,4.75
0.5,0.6931471805599453,2.153519470023973,1.5144056816187992,3.667925151642772,0.4128780220448432,-0.0871219779551568,-0.3520803939429766,-0.3520803939429766,0.6778889384917275,-0.015258242068217798,0.1857927526007542,0.5355181184981146,7.0,1042.863724627492,23.357974942242702,0.3415052609752102,2.15,0.03394257335822191,1.0,33.0,19.0,False,False,False,True,susceptible-enriched,mixed,True,0.9978501969202997,0.969849513784421,0.3015048621557902,4.739788435371424,0.95,0.9,0.8,0.02,0.35,4.75,1.38,3.0,10.0,2.6666666666666665,1.0,0.7,2.15,hi_db_i_10,h_i,d_b,2.6666666666666665,4.75
0.5,0.6931471805599453,2.1541592402999763,1.5124887594837935,3.6666479997837698,0.41249903442408115,-0.08750096557591885,-0.3536440245685527,-0.3536440245685527,0.6777552080960687,-0.01539197246387658,0.18541291634992413,0.5364677091251897,7.0,1042.3676176620777,23.418288169559197,0.34154652286991927,2.15,0.033905144287084674,1.0,33.0,19.0,False,False,False,True,susceptible-enriched,mixed,True,0.999000999000999,0.9699300699300699,0.30069930069930073,4.745254745254745,0.95,0.9,0.8,0.02,0.35,4.75,1.38,3.0,10.0,3.0,1.0,0.7,2.15,hi_db_i_10,h_i,d_b,3.0,4.75
0.5,0.6931471805599453,2.154456600625103,1.5115943914492427,3.6660509920743456,0.41232224939510287,-0.08767775060489713,-0.3543735521303415,-0.3543735521303415,0.6776926246435353,-0.015454555916409984,0.18523679742201005,0.5369080064449749,7.0,1042.1359307528778,23.44642414300477,0.3415653738109127,2.15,0.033887768462418415,1.0,33.0,19.0,False,False,False,True,susceptible-enriched,mixed,True,0.9995360564601541,0.9699675239522108,0.30032476047789214,4.7477962681857315,0.95,0.9,0.8,0.02,0.35,4.75,1.38,3.0,10.0,3.333333333333333,1.0,0.7,2.15,hi_db_i_10,h_i,d_b,3.333333333333333,4.75
0.5,0.6931471805599453,2.1545954401272467,1.5111787451790286,3.665774185306275,0.41223999864377076,-0.08776000135622924,-0.35471300288940966,-0.35471300288940966,0.677663463192719,-0.015483717367226313,0.18515509019650545,0.5371122745087364,7.0,1042.028425983359,23.459514084553227,0.3415741008165676,2.15,0.033879702718974995,1.0,33.0,19.0,False,False,False,True,susceptible-enriched,mixed,True,0.9997846029368873,0.9699849222055821,0.3001507779441789,4.748976863950214,0.95,0.9,0.8,0.02,0.35,4.75,1.38,3.0,10.0,3.6666666666666665,1.0,0.7,2.15,hi_db_i_10,h_i,d_b,3.6666666666666665,4.75
0.5,0.6931471805599453,2.1546599621032625,1.5109856428989934,3.665645605002256,0.4122017799093984,-0.08779822009060162,-0.354870739374144,-0.354870739374144,0.6776499034964525,-0.015497277063492798,0.18511717366534916,0.5372070658366271,7.0,1041.9784882381975,23.465596520226608,0.34157814691485106,2.1499999999999995,0.03387595880330003,1.0,33.0,19.0,False,False,False,True,susceptible-enriched,mixed,True,0.9999000099990001,0.96999300069993,0.30006999300070003,4.749525047495251,0.95,0.9,0.8,0.02,0.35,4.75,1.38,3.0,10.0,4.0,1.0,0.7,2.15,hi_db_i_10,h_i,d_b,4.0,4.75
0.5,0.6931471805599453,2.154689889131237,1.5108959492757827,3.6655858384070195,0.41218403166146667,-0.08781596833853333,-0.35494399148615235,-0.35494399148615235,0.6776436045125395,-0.01550357604740582,0.18509957622400194,0.5372510594399952,7.0,1041.9552829192212,23.46842109337616,0.3415800241404183,2.15,0.033874221003752224,1.0,33.0,19.0,False,False,False,True,susceptible-enriched,mixed,True,0.9999535862659986,0.9699967510386199,0.300032489613801,4.749779534763493,0.95,0.9,0.8,0.02,0.35,4.75,1.38,3.0,10.0,4.333333333333333,1.0,0.7,2.15,hi_db_i_10,h_i,d_b,4.333333333333333,4.75
0.5,0.6931471805599453,2.1547037745296063,1.510854302904689,3.6655580774342953,0.41217579178617475,-0.08782420821382525,-0.3549780001362057,-0.3549780001362059,0.6776406796782006,-0.015506500881744656,0.18509140861456744,0.5372714784635815,7.0,1041.944505973382,23.46973250182826,0.34158089364158517,2.1500000000000004,0.0338734143826599,1.0,33.0,19.0,False,False,False,True,susceptible-enriched,mixed,True,0.9999784561172486,0.9699984919282074,0.30001508071792604,4.74989766655693,0.95,0.9,0.8,0.02,0.35,4.75,1.38,3.0,10.0,4.666666666666666,1.0,0.7,2.15,hi_db_i_10,h_i,d_b,4.666666666666666,4.75
0.5,0.6931471805599453,2.1547102819093875,1.5108350114715787,3.6655452933809665,0.41217196639194686,-0.08782803360805314,-0.35499378885362654,-0.35499378885362654,0.677639321717209,-0.01550785884273631,0.1850876176321185,0.5372809559197038,7.0,1041.939532144755,23.470341258979474,0.3415812985159625,2.15,0.03387303998102289,1.0,33.0,19.0,False,False,False,True,susceptible-enriched,mixed,True,0.999990000099999,0.969999300007,0.3000069999300007,4.749952500474995,0.95,0.9,0.8,0.02,0.35,4.75,1.38,3.0,10.0,5.0,1.0,0.7,2.15,hi_db_i_10,h_i,d_b,5.0,4.75
0.5,0.6931471805599453,2.1117176162005133,1.638813611523034,3.750531227723547,0.4369550637011338,-0.0630449362988662,-0.2535290800116056,-0.2535290800116056,0.6851766535279629,-0.007970527031982422,0.2104426400941668,0.473893399764583,6.0,1074.4464881305141,19.768187011026413,0.29412694758448255,2.15,0.03206572782855799,1.0,27.0,18.0,False,False,False,True,susceptible-enriched,mixed,True,0.9090909090909091,0.9636363636363636,0.36363636363636365,5.0,0.95,0.9,0.8,0.02,0.35,5.5,1.38,3.0,10.0,1.0,1.0,0.7,2.15,hi_db_i_10,h_i,d_b,1.0,5.5
0.5,0.6931471805599453,2.1314027705975818,1.574007723683987,3.7054104942815687,0.42478632964231583,-0.07521367035768417,-0.3031552836744256,-0.3031552836744256,0.6817899268528731,-0.01135725370707219,0.19721723507725053,0.5069569123068737,7.0,1057.1216319925502,21.720922696724905,0.29544748040369506,2.15,0.03055132494404874,1.0,30.0,19.0,False,False,False,True,susceptible-enriched,mixed,True,0.9556429820556985,0.9668950087438989,0.331049912561011,5.256036401306342,0.95,0.9,0.8,0.02,0.35,5.5,1.38,3.0,10.0,1.3333333333333333,1.0,0.7,2.15,hi_db_i_10,h_i,d_b,1.3333333333333333,5.5
0.5,0.6931471805599453,2.14296403797993,1.5381069721090217,3.6810710100889517,0.4178422442526731,-0.08215775574732692,-0.33163751379188805,-0.33163751379188783,0.6795859730363591,-0.013561207523586138,0.1890148331315235,0.5274629171711913,7.0,1047.7030021224148,22.832637632879667,0.29621927052485086,2.15,0.029844935628967995,1.0,31.0,19.0,False,False,False,True,susceptible-enriched,mixed,True,0.9789100228828136,0.9685237016017969,0.3147629839820305,5.384005125855475,0.95,0.9,0.8,0.02,0.35,5.5,1.38,3.0,10.0,1.6666666666666665,1.0,0.7,2.15,hi_db_i_10,h_i,d_b,1.6666666666666665,5.5
0.5,0.6931471805599453,2.1489958289751065,1.5199313327006485,3.668927161675755,0.41427132938949685,-0.08572867061050315,-0.3463355187612717,-0.3463355187612717,0.678375491839758,-0.014771688720187304,0.18528772121296952,0.5367806969675762,7.0,1042.9762436260771,23.403995403922252,0.296604030430484,2.15,0.02951636868690789,1.0,32.0,19.0,False,False,False,True,susceptible-enriched,mixed,True,0.9900990099009901,0.9693069306930693,0.306930693069307,5.445544554455445,0.95,0.9,0.8,0.02,0.35,5.5,1.38,3.0,10.0,2.0,1.0,0.7,2.15,hi_db_i_10,h_i,d_b,2.0,5.5
0.5,0.6931471805599453,2.1519544064256375,1.5111370983177024,3.66309150474334,0.4125305350305691,-0.08746946496943092,-0.35351404279587206,-0.35351404279587206,0.6777663460500634,-0.015380834509881924,0.18357491884552057,0.5410627028861985,7.0,1040.7033933968978,23.68248264354395,0.2967473813100554,2.15,0.029363718445570133,1.0,33.0,20.0,False,False,False,True,susceptible-enriched,mixed,True,0.995379855975302,0.9696765899182711,0.30323410081728863,5.474589207864161,0.95,0.9,0.8,0.02,0.35,5.5,1.38,3.0,10.0,2.333333333333333,1.0,0.7,2.15,hi_db_i_10,h_i,d_b,2.333333333333333,5.5
0.5,0.6931471805599453,2.153366956669118,1.506976738720304,3.6603436953894217,0.4117036169632091,-0.08829638303679088,-0.3569271595190091,-0.3569271595190091,0.677472607858165,-0.0156745727017803,0.18278359608477684,0.5430410097880579,7.0,1039.6317735096754,23.814769642210443,0.2968229921264914,2.15,0.029292834255471224,1.0,33.0,20.0,False,False,False,True,susceptible-enriched,mixed,True,0.9978501969202997,0.969849513784421,0.3015048621557902,5.488176083061648,0.95,0.9,0.8,0.02,0.35,5.5,1.38,3.0,10.0,2.6666666666666665,1.0,0.7,2.15,hi_db_i_10,h_i,d_b,2.6666666666666665,5.5
0.5,0.6931471805599453,2.1540291071503748,1.5050270251469438,3.6590561322973185,0.41131564281360744,-0.08868435718639256,-0.3585292367638955,-0.3585292367638955,0.6773338185793889,-0.015813361980556384,0.18241709054734873,0.5439572736316283,7.0,1039.1295682474242,23.87684017431748,0.29686161081000434,2.15,0.02925992627544931,1.0,33.0,20.0,False,False,False,True,susceptible-enriched,mixed,True,0.999000999000999,0.9699300699300699,0.30069930069930073,5.4945054945054945,0.95,0.9,0.8,0.02,0.35,5.5,1.38,3.0,10.0,3.0,1.0,0.7,2.15,hi_db_i_10,h_i,d_b,3.0,5.5
0.5,0.6931471805599453,2.1543413151717137,1.5041202242885887,3.658461539460302,0.41113462805747497,-0.08886537194252503,-0.3592768639262787,-0.3592768639262787,0.6772688518327524,-0.01587832872719286,0.18224714471283826,0.5443821382179044,7.0,1038.8970042684828,23.905796604952613,0.2968804743125074,2.15,0.02924465035957494,1.0,33.0,20.0,False,False,False,True,susceptible-enriched,mixed,True,0.9995360564601541,0.9699675239522108,0.30032476047789214,5.497448310530848,0.95,0.9,0.8,0.02,0.35,5.5,1.38,3.0,10.0,3.333333333333333,1.0,0.7,2.15,hi_db_i_10,h_i,d_b,3.333333333333333,5.5
0.5,0.6931471805599453,2.154482182285063,1.5036956286961434,3.658177810981206,0.4110504481718504,-0.08894955182814962,-0.3596245775295686,-0.3596245775295686,0.6772385933123447,-0.01590858724760058,0.18216829966796777,0.5445792508300806,7.0,1038.786812527771,23.91926814150432,0.2968892704608775,2.15,0.02923755960978948,1.0,33.0,20.0,False,False,False,True,susceptible-enriched,mixed,True,0.9997846029368873,0.9699849222055821,0.3001507779441789,5.49881531615288,0.95,0.9,0.8,0.02,0.35,5.5,1.38,3.0,10.0,3.6666666666666665,1.0,0.7,2.15,hi_db_i_10,h_i,d_b,3.6666666666666665,5.5
0.5,0.6931471805599453,2.1545497780802414,1.5034997599937232,3.6580495380739646,0.4110113174643735,-0.08898868253562647,-0.35978621822988766,-0.35978621822988766,0.6772245177856575,-0.015922662774287777,0.18213171097247094,0.5446707225688227,7.0,1038.7366142852272,23.925527525055212,0.29689344505718274,2.1499999999999995,0.0292342683112002,1.0,33.0,20.0,False,False,False,True,susceptible-enriched,mixed,True,0.9999000099990001,0.96999300069993,0.30006999300070003,5.499450054994501,0.95,0.9,0.8,0.02,0.35,5.5,1.38,3.0,10.0,4.0,1.0,0.7,2.15,hi_db_i_10,h_i,d_b,4.0,5.5
0.5,0.6931471805599453,2.1545810239676215,1.5034087090875412,3.657989733055163,0.41099314618138366,-0.08900685381861634,-0.3598612815487734,-0.3598612815487734,0.6772179793264734,-0.015929201233471857,0.18211472971332923,0.544713175716677,7.0,1038.7132354407895,23.928434516722348,0.29689538630957274,2.15,0.029232740611920844,1.0,33.0,20.0,False,False,False,True,susceptible-enriched,mixed,True,0.9999535862659986,0.9699967510386199,0.300032489613801,5.4997447244629925,0.95,0.9,0.8,0.02,0.35,5.5,1.38,3.0,10.0,4.333333333333333,1.0,0.7,2.15,hi_db_i_10,h_i,d_b,4.333333333333333,5.5
0.5,0.6931471805599453,2.1545954721443463,1.5033663998862947,3.657961872030641,0.4109847101964823,-0.0890152898035177,-0.3598961298982149,-0.3598961298982151,0.6772149433951458,-0.015932237164799523,0.18210684807921146,0.5447328798019714,7.0,1038.7023546672349,23.92978411900778,0.2968962915620776,2.1500000000000004,0.029232031513756456,1.0,33.0,20.0,False,False,False,True,susceptible-enriched,mixed,True,0.9999784561172486,0.9699984919282074,0.30001508071792604,5.499881508644867,0.95,0.9,0.8,0.02,0.35,5.5,1.38,3.0,10.0,4.666666666666666,1.0,0.7,2.15,hi_db_i_10,h_i,d_b,4.666666666666666,5.5
0.5,0.6931471805599453,2.1546021720499375,1.5033467551740107,3.6579489272239485,0.4109807941782595,-0.0890192058217405,-0.3599123067160809,-0.3599123067160809,0.6772135340036683,-0.015933646556276937,0.1821031898280359,0.5447420254299102,7.0,1038.6973004614151,23.930410632804623,0.2968967107141139,2.15,0.029231702378903823,1.0,33.0,20.0,False,False,False,True,susceptible-enriched,mixed,True,0.999990000099999,0.969999300007,0.3000069999300007,5.499945000549995,0.95,0.9,0.8,0.02,0.35,5.5,1.38,3.0,10.0,5.0,1.0,0.7,2.15,hi_db_i_10,h_i,d_b,5.0,5.5
0.5,0.6931471805599453,2.110546646326419,1.634656463737674,3.745203110064093,0.4364667057295324,-0.06353329427046761,-0.2555143196721468,-0.2555143196721468,0.6850523558472017,-0.008094824712743587,0.2082752637948101,0.4793118405129748,6.0,1072.255702541106,20.042814328766934,0.26026348424705986,2.15,0.028185889378656934,1.0,27.0,18.0,False,False,False,True,susceptible-enriched,mixed,True,0.9090909090909091,0.9636363636363636,0.36363636363636365,5.681818181818182,0.95,0.9,0.8,0.02,0.35,6.25,1.38,3.0,10.0,1.0,1.0,0.7,2.15,hi_db_i_10,h_i,d_b,1.0,6.25
0.5,0.6931471805599453,2.1307550549713854,1.5690479778437114,3.6998030328150966,0.42408959718319333,-0.07591040281680667,-0.30600735091178477,-0.30600735091178477,0.6815777152340464,-0.011569465325898864,0.19455195181987728,0.5136201204503068,7.0,1054.7677829918773,22.03734634245651,0.2613201305337589,2.15,0.0268385697952884,1.0,30.0,19.0,False,False,False,True,susceptible-enriched,mixed,True,0.9556429820556985,0.9668950087438989,0.331049912561011,5.972768637848116,0.95,0.9,0.8,0.02,0.35,6.25,1.38,3.0,10.0,1.3333333333333333,1.0,0.7,2.15,hi_db_i_10,h_i,d_b,1.3333333333333333,6.25
0.5,0.6931471805599453,2.142638688208064,1.5326937521347224,3.6753324403427863,0.4170218006161568,-0.08297819938384321,-0.3350112917112487,-0.3350112917112485,0.6793124992797377,-0.013834681280207595,0.18658369340346515,0.5335407664913372,7.0,1045.2574423018848,23.17351036526587,0.2620074000136371,2.15,0.02621151107153502,1.0,32.0,19.0,False,False,False,True,susceptible-enriched,mixed,True,0.9789100228828136,0.9685237016017969,0.3147629839820305,6.118187643017585,0.95,0.9,0.8,0.02,0.35,6.25,1.38,3.0,10.0,1.6666666666666665,1.0,0.7,2.15,hi_db_i_10,h_i,d_b,1.6666666666666665,6.25
0.5,0.6931471805599453,2.1488399535967893,1.5142860298824623,3.663125983479252,0.41338628174731445,-0.08661371825268555,-0.3499840795843582,-0.3499840795843582,0.6780673539996054,-0.015079826560339904,0.18296010044811595,0.5425997488797101,7.0,1040.4931519021316,23.75748865435876,0.2622613593611134,2.15,0.025920131906130173,1.0,33.0,20.0,False,False,False,True,susceptible-enriched,mixed,True,0.9900990099009901,0.9693069306930693,0.306930693069307,6.188118811881188,0.95,0.9,0.8,0.02,0.35,6.25,1.38,3.0,10.0,2.0,1.0,0.7,2.15,hi_db_i_10,h_i,d_b,2.0,6.25
0.5,0.6931471805599453,2.1518833027621476,1.505379897879769,3.657263200641917,0.4116137710885963,-0.08838622891140369,-0.3572981233004933,-0.3572981233004933,0.6774405227607442,-0.015706657799201107,0.1812942564636147,0.5467643588409633,7.0,1038.1997983914646,24.042181527861924,0.2624140658655042,2.15,0.02578481965983761,1.0,33.0,20.0,False,False,False,True,susceptible-enriched,mixed,True,0.995379855975302,0.9696765899182711,0.30323410081728863,6.221124099845637,0.95,0.9,0.8,0.02,0.35,6.25,1.38,3.0,10.0,2.333333333333333,1.0,0.7,2.15,hi_db_i_10,h_i,d_b,2.333333333333333,6.25
0.5,0.6931471805599453,2.1533340041036086,1.5011650423879561,3.6544990464915648,0.4107717701634434,-0.0892282298365566,-0.3607758390675204,-0.3607758390675204,0.6771382134411525,-0.01600896711879274,0.18052449713888896,0.5486887571527777,7.0,1037.116195325621,24.177419873134838,0.262498434963285,2.15,0.025721999433161502,1.0,33.0,20.0,False,False,False,True,susceptible-enriched,mixed,True,0.9978501969202997,0.969849513784421,0.3015048621557902,6.2365637307518735,0.95,0.9,0.8,0.02,0.35,6.25,1.38,3.0,10.0,2.6666666666666665,1.0,0.7,2.15,hi_db_i_10,h_i,d_b,2.6666666666666665,6.25
0.5,0.6931471805599453,2.1540154460718255,1.4991905835380575,3.653206029609883,0.41037668595388593,-0.08962331404611407,-0.36240839809563274,-0.36240839809563274,0.6769953541204948,-0.016151826439450456,0.18016795053543042,0.549580123661424,7.0,1036.6088373462012,24.24087927171295,0.2625388946278509,2.15,0.025692837921381353,1.0,33.0,20.0,False,False,False,True,susceptible-enriched,mixed,True,0.999000999000999,0.9699300699300699,0.30069930069930073,6.243756243756244,0.95,0.9,0.8,0.02,0.35,6.25,1.38,3.0,10.0,3.0,1.0,0.7,2.15,hi_db_i_10,h_i,d_b,3.0,6.25
0.5,0.6931471805599453,2.1543344193210485,1.4982708141354006,3.652605233456449,0.41019237458563007,-0.08980762541436993,-0.36317016914947375,-0.36317016914947375,0.676928487932841,-0.016218692627104292,0.1800026164806165,0.5499934587984587,7.0,1036.3728347254998,24.27048211789218,0.26255772146475614,2.1500000000000004,0.025679301715768932,1.0,33.0,20.0,False,False,False,True,susceptible-enriched,mixed,True,0.9995360564601541,0.9699675239522108,0.30032476047789214,6.247100352875963,0.95,0.9,0.8,0.02,0.35,6.25,1.38,3.0,10.0,3.333333333333333,1.0,0.7,2.15,hi_db_i_10,h_i,d_b,3.333333333333333,6.25
0.5,0.6931471805599453,2.154482052529755,1.4978424989066232,3.6523245514363785,0.4101066260164516,-0.08989337398354841,-0.3635246091633079,-0.3635246091633079,0.6768973314142674,-0.01624984914567784,0.17992590972064243,0.5501852256983939,7.0,1036.262705950689,24.284256039579024,0.26256643240097505,2.15,0.025673018630142416,1.0,33.0,20.0,False,False,False,True,susceptible-enriched,mixed,True,0.9997846029368873,0.9699849222055821,0.3001507779441789,6.248653768355545,0.95,0.9,0.8,0.02,0.35,6.25,1.38,3.0,10.0,3.6666666666666665,1.0,0.7,2.15,hi_db_i_10,h_i,d_b,3.6666666666666665,6.25
0.5,0.6931471805599453,2.1545508979168884,1.4976436738573158,3.652194571774204,0.4100667816090022,-0.08993321839099783,-0.3636893129178864,-0.3636893129178864,0.6768828437103764,-0.01626433684956885,0.17989031303082614,0.5502742174229347,7.0,1036.2116596247388,24.29065581855696,0.2625704696331164,2.1499999999999995,0.025670102250968736,1.0,33.0,20.0,False,False,False,True,susceptible-enriched,mixed,True,0.9999000099990001,0.96999300069993,0.30006999300070003,6.24937506249375,0.95,0.9,0.8,0.02,0.35,6.25,1.38,3.0,10.0,4.0,1.0,0.7,2.15,hi_db_i_10,h_i,d_b,4.0,6.25
0.5,0.6931471805599453,2.154582871041295,1.4975513480864755,3.6521342191277704,0.41004827813916755,-0.08995172186083245,-0.3637658018720752,-0.3637658018720752,0.6768761134884917,-0.016271067071453538,0.17987379211261145,0.5503155197184714,7.0,1036.1879567211972,24.29362783143083,0.26257234172002675,2.15,0.025668748581388255,1.0,33.0,20.0,False,False,False,True,susceptible-enriched,mixed,True,0.9999535862659986,0.9699967510386199,0.300032489613801,6.249709914162492,0.95,0.9,0.8,0.02,0.35,6.25,1.38,3.0,10.0,4.333333333333333,1.0,0.7,2.15,hi_db_i_10,h_i,d_b,4.333333333333333,6.25
0.5,0.6931471805599453,2.1545977155247047,1.4975084857829661,3.652106201307671,0.4100396875772039,-0.08996031242279612,-0.36380131357480155,-0.3638013135748018,0.676872988383298,-0.016274192176647273,0.17986612412670333,0.5503346896832417,7.0,1036.176952809732,24.295007640869212,0.26257321024273983,2.15,0.02566812026227471,1.0,33.0,20.0,False,False,False,True,susceptible-enriched,mixed,True,0.9999784561172486,0.9699984919282074,0.30001508071792604,6.2498653507328035,0.95,0.9,0.8,0.02,0.35,6.25,1.38,3.0,10.0,4.666666666666666,1.0,0.7,2.15,hi_db_i_10,h_i,d_b,4.666666666666666,6.25
0.5,0.6931471805599453,2.154605114114223,1.4974889377877019,3.652094051901925,0.41003569911017074,-0.08996430088982926,-0.36381780119444346,-0.36381780119444346,0.676871537340872,-0.016275643219073266,0.1798625650372616,0.550343587406846,7.0,1036.1720889249996,24.295647225526007,0.26257361088153086,2.1500000000000004,0.025667828622085324,1.0,33.0,20.0,False,False,False,True,susceptible-enriched,mixed,True,0.999990000099999,0.969999300007,0.3000069999300007,6.249937500624994,0.95,0.9,0.8,0.02,0.35,6.25,1.38,3.0,10.0,5.0,1.0,0.7,2.15,hi_db_i_10,h_i,d_b,5.0,6.25
0.5,0.6931471805599453,2.1096404984923587,1.6313157128430815,3.7409562113354404,0.4360691814301502,-0.06393081856984978,-0.2571306780975153,-0.2571306780975153,0.6849504614364486,-0.008196719123496732,0.20657962381980682,0.48355094045048297,6.0,1070.5005236217355,20.266308374200896,0.23336156427034188,2.1499999999999995,0.025115271868717915,1.0,27.0,18.0,False,False,False,True,susceptible-enriched,mixed,True,0.9090909090909091,0.9636363636363636,0.36363636363636365,6.363636363636363,0.95,0.9,0.8,0.02,0.35,7.0,1.38,3.0,10.0,1.0,1.0,0.7,2.15,hi_db_i_10,h_i,d_b,1.0,7.0
0.5,0.6931471805599453,2.1302803384331304,1.565062850119298,3.695343188552428,0.42352300456628983,-0.07647699543371017,-0.3083276023424177,-0.3083276023424177,0.6814036764483721,-0.01174350411157321,0.1924793488815275,0.5188016277961812,7.0,1052.8851642856023,22.294694566816464,0.23424354190045324,2.15,0.023907547111724266,1.0,30.0,19.0,False,False,False,True,susceptible-enriched,mixed,True,0.9556429820556985,0.9668950087438989,0.331049912561011,6.68950087438989,0.95,0.9,0.8,0.02,0.35,7.0,1.38,3.0,10.0,1.3333333333333333,1.0,0.7,2.15,hi_db_i_10,h_i,d_b,1.3333333333333333,7.0
0.5,0.6931471805599453,2.1424283287942734,1.528344507128587,3.67077283592286,0.41635496813421025,-0.08364503186578975,-0.3377547906803291,-0.3377547906803289,0.6790881882111841,-0.014058992348761179,0.1846924661500585,0.5382688346248539,7.0,1043.3031974970042,23.45061069502572,0.23482604331978285,2.15,0.02334624156932651,1.0,32.0,20.0,False,False,False,True,susceptible-enriched,mixed,True,0.9789100228828136,0.9685237016017969,0.3147629839820305,6.852370160179695,0.95,0.9,0.8,0.02,0.35,7.0,1.38,3.0,10.0,1.6666666666666665,1.0,0.7,2.15,hi_db_i_10,h_i,d_b,1.6666666666666665,7.0
0.5,0.6931471805599453,2.148770665212921,1.5097514058461403,3.6585220710590614,0.4126670214153172,-0.08733297858468281,-0.35295088960353754,-0.35295088960353754,0.67781455747172,-0.01533262308822525,0.18114908482121683,0.547127287946958,7.0,1038.5071441174084,24.04486541946773,0.23506106052221618,2.15,0.023085574349118034,1.0,33.0,20.0,False,False,False,True,susceptible-enriched,mixed,True,0.9900990099009901,0.9693069306930693,0.306930693069307,6.930693069306931,0.95,0.9,0.8,0.02,0.35,7.0,1.38,3.0,10.0,2.0,1.0,0.7,2.15,hi_db_i_10,h_i,d_b,2.0,7.0
0.5,0.6931471805599453,2.151884359575223,1.5007559245634385,3.6526402841386614,0.4108687984087477,-0.08913120159125232,-0.36037497372171234,-0.36037497372171234,0.6771731994399032,-0.015973981120042113,0.17951963176712826,0.5512009205821793,7.0,1036.1952603320024,24.334582963644948,0.23521817779223433,2.1499999999999995,0.0229645570938771,1.0,33.0,20.0,False,False,False,True,susceptible-enriched,mixed,True,0.995379855975302,0.9696765899182711,0.30323410081728863,6.967658991827114,0.95,0.9,0.8,0.02,0.35,7.0,1.38,3.0,10.0,2.333333333333333,1.0,0.7,2.15,hi_db_i_10,h_i,d_b,2.333333333333333,7.0
0.5,0.6931471805599453,2.153368597245917,1.4964986774575255,3.6498672747034426,0.4100145470575004,-0.0899854529424996,-0.3639052408691578,-0.3639052408691578,0.6768638409228168,-0.01628333963712847,0.17876658417269253,0.5530835395682687,7.0,1035.103270930396,24.47220490839087,0.23528842559808666,2.15,0.022908380430641608,1.0,33.0,20.0,False,False,False,True,susceptible-enriched,mixed,True,0.9978501969202997,0.969849513784421,0.3015048621557902,6.984951378442098,0.95,0.9,0.8,0.02,0.35,7.0,1.38,3.0,10.0,2.6666666666666665,1.0,0.7,2.15,hi_db_i_10,h_i,d_b,2.6666666666666665,7.0
0.5,0.6931471805599453,2.154066093974048,1.4945045690329746,3.6485706630070225,0.40961371097613797,-0.09038628902386203,-0.36556250259064355,-0.36556250259064355,0.6767176424434802,-0.01642953811646508,0.17841775600388693,0.5539556099902827,7.0,1034.5923823615074,24.536779326903915,0.23531824395143108,2.1499999999999995,0.02288230438613958,1.0,34.0,20.0,False,False,False,True,susceptible-enriched,mixed,True,0.999000999000999,0.9699300699300699,0.30069930069930073,6.993006993006993,0.95,0.9,0.8,0.02,0.35,7.0,1.38,3.0,10.0,3.0,1.0,0.7,2.15,hi_db_i_10,h_i,d_b,3.0,7.0
0.5,0.6931471805599453,2.1543913699051918,1.49357490697509,3.6479662768802816,0.40942673084477804,-0.09057326915522196,-0.366335743968141,-0.366335743968141,0.6766492172300242,-0.01649796332992104,0.17825599626167427,0.5543600093458143,7.0,1034.354259870764,24.56690069330363,0.2353312882340081,2.15,0.022870200713519914,1.0,34.0,20.0,False,False,False,True,susceptible-enriched,mixed,True,0.9995360564601541,0.9699675239522108,0.30032476047789214,6.996752395221079,0.95,0.9,0.8,0.02,0.35,7.0,1.38,3.0,10.0,3.333333333333333,1.0,0.7,2.15,hi_db_i_10,h_i,d_b,3.333333333333333,7.0
0.5,0.6931471805599453,2.1545427212568216,1.493142510433654,3.6476852316904758,0.4093397361870709,-0.09066026381292908,-0.36669554032486595,-0.36669554032486595,0.6766173323273614,-0.016529848232583855,0.1781809467712812,0.554547633071797,7.0,1034.2435287954581,24.580915160307782,0.23533717194105797,2.15,0.022864582633809378,1.0,34.0,20.0,False,False,False,True,susceptible-enriched,mixed,True,0.9997846029368873,0.9699849222055821,0.3001507779441789,6.998492220558211,0.95,0.9,0.8,0.02,0.35,7.0,1.38,3.0,10.0,3.6666666666666665,1.0,0.7,2.15,hi_db_i_10,h_i,d_b,3.6666666666666665,7.0
0.5,0.6931471805599453,2.1546131301337845,1.4929416680020504,3.647554798135835,0.40929931162790256,-0.09070068837209744,-0.366862737993066,-0.366862737993066,0.6766025054423659,-0.0165446751175794,0.17814611893468824,0.5546347026632794,7.0,1034.1921236029075,24.587427276351818,0.23533986703266546,2.15,0.022861974940906592,1.0,34.0,20.0,False,False,False,True,susceptible-enriched,mixed,True,0.9999000099990001,0.96999300069993,0.30006999300070003,6.999300069993001,0.95,0.9,0.8,0.02,0.35,7.0,1.38,3.0,10.0,4.0,1.0,0.7,2.15,hi_db_i_10,h_i,d_b,4.0,7.0
0.5,0.6931471805599453,2.1546459859307645,1.4928485085175196,3.647494494448284,0.40928053785680246,-0.09071946214319754,-0.3669403888201945,-0.3669403888201945,0.6765956173163999,-0.016551563243545342,0.1781299548039943,0.5546751129900143,7.0,1034.1683274790944,24.590451441008565,0.2353411097289449,2.1500000000000004,0.022860764554649075,1.0,34.0,20.0,False,False,False,True,susceptible-enriched,mixed,True,0.9999535862659986,0.9699967510386199,0.300032489613801,6.99967510386199,0.95,0.9,0.8,0.02,0.35,7.0,1.38,3.0,10.0,4.333333333333333,1.0,0.7,2.15,hi_db_i_10,h_i,d_b,4.333333333333333,7.0
0.5,0.6931471805599453,2.154661170873309,1.4928052138676537,3.647466384740963,0.40927182224701164,-0.09072817775298836,-0.3669764381193022,-0.3669764381193024,0.6765924190500588,-0.01655476150988644,0.1781224524064033,0.5546938689839918,7.0,1034.1572482923075,24.591855501422096,0.23534168460003813,2.15,0.022860202742591602,1.0,34.0,20.0,False,False,False,True,susceptible-enriched,mixed,True,0.9999784561172486,0.9699984919282074,0.30001508071792604,6.99984919282074,0.95,0.9,0.8,0.02,0.35,7.0,1.38,3.0,10.0,4.666666666666666,1.0,0.7,2.15,hi_db_i_10,h_i,d_b,4.666666666666666,7.0
0.5,0.6931471805599453,2.1546682199267564,1.4927851164091621,3.6474533363359187,0.4092677763792182,-0.09073222362078182,-0.3669931726221315,-0.3669931726221315,0.6765909342780541,-0.01655624628189123,0.178118970172422,0.554702574568945,7.0,1034.1521053744518,24.59250726807455,0.23534195103622546,2.1500000000000004,0.022859941972421582,1.0,34.0,20.0,False,False,False,True,susceptible-enriched,mixed,True,0.999990000099999,0.969999300007,0.3000069999300007,6.999930000699994,0.95,0.9,0.8,0.02,0.35,7.0,1.38,3.0,10.0,5.0,1.0,0.7,2.15,hi_db_i_10,h_i,d_b,5.0,7.0
0.5,0.6931471805599453,2.1089195584004665,1.6285725275482725,3.7374920859487393,0.4357393915751582,-0.06426060842484183,-0.25847187755633305,-0.25847187755633305,0.6848654411967544,-0.008281739363190876,0.20521709239568878,0.48695726901077807,6.0,1069.0639021426512,20.45168713401266,0.21148141689165534,2.15,0.02263428851798069,1.0,28.0,18.0,False,False,False,True,susceptible-enriched,mixed,True,0.9090909090909091,0.9636363636363636,0.36363636363636365,7.045454545454545,0.95,0.9,0.8,0.02,0.35,7.75,1.38,3.0,10.0,1.0,1.0,0.7,2.15,hi_db_i_10,h_i,d_b,1.0,7.75
0.5,0.6931471805599453,2.1299215812276,1.5617910064549099,3.6917125876825096,0.42305324950427187,-0.07694675049572813,-0.31025191893731063,-0.31025191893731063,0.6812583860399213,-0.011888794520024004,0.19082184560445675,0.5229453859888582,7.0,1051.3431196343759,22.50808056080772,0.21226180108485374,2.15,0.02154306145413456,1.0,30.0,19.0,False,False,False,True,susceptible-enriched,mixed,True,0.9556429820556985,0.9668950087438989,0.331049912561011,7.406233110931663,0.95,0.9,0.8,0.02,0.35,7.75,1.38,3.0,10.0,1.3333333333333333,1.0,0.7,2.15,hi_db_i_10,h_i,d_b,1.3333333333333333,7.75
0.5,0.6931471805599453,2.1422914911800763,1.5247745086025786,3.667065999782655,0.4158023086284651,-0.08419769137153488,-0.34002951050273755,-0.34002951050273733,0.678900896282735,-0.014246284277210308,0.18317954384981922,0.542051140375452,7.0,1041.7067747951553,23.68029548342211,0.21273830407034594,2.15,0.021036322700284396,1.0,32.0,20.0,False,False,False,True,susceptible-enriched,mixed,True,0.9789100228828136,0.9685237016017969,0.3147629839820305,7.586552677341805,0.95,0.9,0.8,0.02,0.35,7.75,1.38,3.0,10.0,1.6666666666666665,1.0,0.7,2.15,hi_db_i_10,h_i,d_b,1.6666666666666665,7.75
0.5,0.6931471805599453,2.1487513067551416,1.5060298535317485,3.6547811602868903,0.4120711439295942,-0.08792885607040579,-0.3554099336179223,-0.3554099336179223,0.6776035093911825,-0.015543671168762763,0.1797001197898982,0.5507497005252545,7.0,1036.8809516316035,24.28301294678252,0.212986980378742,2.15,0.020801078344673984,1.0,33.0,20.0,False,False,False,True,susceptible-enriched,mixed,True,0.9900990099009901,0.9693069306930693,0.306930693069307,7.673267326732673,0.95,0.9,0.8,0.02,0.35,7.75,1.38,3.0,10.0,2.0,1.0,0.7,2.15,hi_db_i_10,h_i,d_b,2.0,7.75
0.5,0.6931471805599453,2.1519229844765273,1.4969608965394923,3.64888388101602,0.41025172226710277,-0.08974827773289723,-0.36292486989625944,-0.36292486989625944,0.6769500339613357,-0.016197146598609602,0.17809968662301345,0.5547507834424663,7.0,1034.5550650447171,24.57684884588857,0.21311448790669907,2.1499999999999995,0.020691880881710065,1.0,33.0,20.0,False,False,False,True,susceptible-enriched,mixed,True,0.995379855975302,0.9696765899182711,0.30323410081728863,7.714193883808591,0.95,0.9,0.8,0.02,0.35,7.75,1.38,3.0,10.0,2.333333333333333,1.0,0.7,2.15,hi_db_i_10,h_i,d_b,2.333333333333333,7.75
0.5,0.6931471805599453,2.153434600030029,1.4926685867245302,3.6461031867545595,0.40938736790199637,-0.09061263209800363,-0.36649854006343435,-0.36649854006343435,0.6766347939730446,-0.016512386586900685,0.17717112592109274,0.5570721851972682,8.0,1033.457390148304,24.71642801314803,0.2131596724670532,2.15,0.020641194566126637,1.0,34.0,20.0,False,False,False,True,susceptible-enriched,mixed,True,0.9978501969202997,0.969849513784421,0.3015048621557902,7.733339026132323,0.95,0.9,0.8,0.02,0.35,7.75,1.38,3.0,10.0,2.6666666666666665,1.0,0.7,2.15,hi_db_i_10,h_i,d_b,2.6666666666666665,7.75
0.5,0.6931471805599453,2.154145115718115,1.4906581237349552,3.6448032394530703,0.40898178195173013,-0.09101821804826987,-0.3681762305863562,-0.3681762305863562,0.6764858071078281,-0.016661373452117156,0.17671291709001807,0.5582177072749548,8.0,1032.9441180872827,24.78192185616486,0.21317709678799782,2.1499999999999995,0.02061766778410568,1.0,34.0,20.0,False,False,False,True,susceptible-enriched,mixed,True,0.999000999000999,0.9699300699300699,0.30069930069930073,7.742257742257743,0.95,0.9,0.8,0.02,0.35,7.75,1.38,3.0,10.0,3.0,1.0,0.7,2.15,hi_db_i_10,h_i,d_b,3.0,7.75
0.5,0.6931471805599453,2.154477538820814,1.489721504525407,3.6441990433462212,0.4087925732941021,-0.09120742670589788,-0.368959060006517,-0.368959060006517,0.6764160709201772,-0.016731109639768094,0.17650057376562242,0.558748565585944,8.0,1032.705409839712,24.812472501290937,0.21318450203283634,2.15,0.020606747560374627,1.0,34.0,20.0,False,False,False,True,susceptible-enriched,mixed,True,0.9995360564601541,0.9699675239522108,0.30032476047789214,7.746404437566194,0.95,0.9,0.8,0.02,0.35,7.75,1.38,3.0,10.0,3.333333333333333,1.0,0.7,2.15,hi_db_i_10,h_i,d_b,3.333333333333333,7.75
0.5,0.6931471805599453,2.154631506597964,1.4892855342778841,3.6439170408758486,0.40870456642446523,-0.09129543357553477,-0.3693232165553731,-0.3693232165553731,0.6763835839643204,-0.016763596595624874,0.17640208552961437,0.5589947861759641,8.0,1032.594134468482,24.826681250084725,0.21318776006960072,2.15,0.020601678828951787,1.0,34.0,20.0,False,False,False,True,susceptible-enriched,mixed,True,0.9997846029368873,0.9699849222055821,0.3001507779441789,7.7483306727608765,0.95,0.9,0.8,0.02,0.35,7.75,1.38,3.0,10.0,3.6666666666666665,1.0,0.7,2.15,hi_db_i_10,h_i,d_b,3.6666666666666665,7.75
0.5,0.6931471805599453,2.154703321807997,1.4890831086704477,3.643786430478445,0.40866366267106513,-0.09133633732893487,-0.36949247714847083,-0.36949247714847083,0.6763684737968665,-0.0167787067630788,0.176356387015655,0.5591090324608625,8.0,1032.5425462165094,24.833285918227485,0.21318926149238604,2.15,0.020599326129537562,1.0,34.0,20.0,False,False,False,True,susceptible-enriched,mixed,True,0.9999000099990001,0.96999300069993,0.30006999300070003,7.749225077492251,0.95,0.9,0.8,0.02,0.35,7.75,1.38,3.0,10.0,4.0,1.0,0.7,2.15,hi_db_i_10,h_i,d_b,4.0,7.75
0.5,0.6931471805599453,2.15473668686005,1.4889891196037117,3.6437258064637614,0.4086446672146214,-0.0913553327853786,-0.3695710825267239,-0.3695710825267239,0.6763614543720398,-0.016785726187905525,0.17633517902071724,0.5591620524482069,8.0,1032.5185988110236,24.83635299572207,0.21318995147188785,2.15,0.02059823410262461,1.0,34.0,20.0,False,False,False,True,susceptible-enriched,mixed,True,0.9999535862659986,0.9699967510386199,0.300032489613801,7.749640293561489,0.95,0.9,0.8,0.02,0.35,7.75,1.38,3.0,10.0,4.333333333333333,1.0,0.7,2.15,hi_db_i_10,h_i,d_b,4.333333333333333,7.75
0.5,0.6931471805599453,2.1547521557434615,1.4889454705089051,3.643697626252367,0.40863584831552624,-0.09136415168447376,-0.36960757652675313,-0.36960757652675336,0.6763581950010362,-0.016788985558909064,0.1763253358687742,0.5591866603280645,8.0,1032.5074710074496,24.837777021057057,0.2131902725733782,2.15,0.020597727228507248,1.0,34.0,20.0,False,False,False,True,susceptible-enriched,mixed,True,0.9999784561172486,0.9699984919282074,0.30001508071792604,7.749833034908677,0.95,0.9,0.8,0.02,0.35,7.75,1.38,3.0,10.0,4.666666666666666,1.0,0.7,2.15,hi_db_i_10,h_i,d_b,4.666666666666666,7.75
0.5,0.6931471805599453,2.1547593217038856,1.4889251989207761,3.643684520624662,0.40863175461346457,-0.09136824538653543,-0.3696245169964064,-0.3696245169964064,0.6763566819030638,-0.016790498656881536,0.17632076723903545,0.5591980819024114,8.0,1032.5022987858501,24.838438098600726,0.21319042020734955,2.15,0.02059749195835609,1.0,34.0,20.0,False,False,False,True,susceptible-enriched,mixed,True,0.999990000099999,0.969999300007,0.3000069999300007,7.749922500774993,0.95,0.9,0.8,0.02,0.35,7.75,1.38,3.0,10.0,5.0,1.0,0.7,2.15,hi_db_i_10,h_i,d_b,5.0,7.75
0.5,0.6931471805599453,2.1083309661994565,1.6262787989881047,3.734609765187561,0.43546150769153497,-0.06453849230846503,-0.2596021636737798,-0.2596021636737798,0.684793458987274,-0.008353721572671335,0.20409843056139196,0.48975392359652015,6.0,1067.8653508450448,20.60788747859643,0.19334575225379239,2.15,0.020592843195833557,1.0,28.0,18.0,False,False,False,True,susceptible-enriched,mixed,True,0.9090909090909091,0.9636363636363636,0.36363636363636365,7.727272727272727,0.95,0.9,0.8,0.02,0.35,8.5,1.38,3.0,10.0,1.0,1.0,0.7,2.15,hi_db_i_10,h_i,d_b,1.0,8.5
0.5,0.6931471805599453,2.1296431657912263,1.5590571667919735,3.6887003325832,0.42265758294877925,-0.07734241705122075,-0.31187317960092037,-0.31187317960092037,0.6811353090058809,-0.012011871554064357,0.18946626381430287,0.5263343404642429,7.0,1050.0562431648607,22.68783199151236,0.1940615972364783,2.15,0.019599287196469674,1.0,31.0,19.0,False,False,False,True,susceptible-enriched,mixed,True,0.9556429820556985,0.9668950087438989,0.331049912561011,8.122965347473437,0.95,0.9,0.8,0.02,0.35,8.5,1.38,3.0,10.0,1.3333333333333333,1.0,0.7,2.15,hi_db_i_10,h_i,d_b,1.3333333333333333,8.5
0.5,0.6931471805599453,2.1422017850212036,1.5217921969390622,3.6639939819602656,0.4153369804731206,-0.08466301952687938,-0.34194545438699364,-0.3419454543869934,0.6787422252305699,-0.014404955329375357,0.1819418888365717,0.5451452779085708,7.0,1040.3770954942208,23.873722437035852,0.19445472809953385,2.15,0.01913812118085412,1.0,32.0,20.0,False,False,False,True,susceptible-enriched,mixed,True,0.9789100228828136,0.9685237016017969,0.3147629839820305,8.320735194503916,0.95,0.9,0.8,0.02,0.35,8.5,1.38,3.0,10.0,1.6666666666666665,1.0,0.7,2.15,hi_db_i_10,h_i,d_b,1.6666666666666665,8.5
0.5,0.6931471805599453,2.1487618362757113,1.5029213750716732,3.6516832113473843,0.41156948401258797,-0.08843051598741203,-0.35748098873923034,-0.35748098873923034,0.6774246950223339,-0.015722485537611353,0.1785146412021229,0.5537133969946928,7.0,1035.525921831595,24.48353912656901,0.19469865920861051,2.15,0.018924073885499944,1.0,33.0,20.0,False,False,False,True,susceptible-enriched,mixed,True,0.9900990099009901,0.9693069306930693,0.306930693069307,8.415841584158416,0.95,0.9,0.8,0.02,0.35,8.5,1.38,3.0,10.0,2.0,1.0,0.7,2.15,hi_db_i_10,h_i,d_b,2.0,8.5
0.5,0.6931471805599453,2.1519827326329413,1.4937911795923697,3.645773912225311,0.4097322586524813,-0.09026774134751869,-0.36507231415225383,-0.36507231415225383,0.6767609499729415,-0.016386230587003836,0.17658072865243607,0.5585481783689099,8.0,1033.1905485135612,24.780821623581712,0.19478560816460672,2.15,0.018824723945197123,1.0,34.0,20.0,False,False,False,True,susceptible-enriched,mixed,True,0.995379855975302,0.9696765899182711,0.30323410081728863,8.460728775790066,0.95,0.9,0.8,0.02,0.35,8.5,1.38,3.0,10.0,2.333333333333333,1.0,0.7,2.15,hi_db_i_10,h_i,d_b,2.333333333333333,8.5
0.5,0.6931471805599453,2.153518180165179,1.4894701089572584,3.642988289122437,0.408859428234961,-0.09114057176503898,-0.3686824424909894,-0.3686824424909894,0.6764407284096117,-0.016706452150333617,0.17560787923675003,0.560980301908125,8.0,1032.089220477139,24.922039073359155,0.1948120384298962,2.15,0.018778610264403365,1.0,34.0,20.0,False,False,False,True,susceptible-enriched,mixed,True,0.9978501969202997,0.969849513784421,0.3015048621557902,8.481726673822548,0.95,0.9,0.8,0.02,0.35,8.5,1.38,3.0,10.0,2.6666666666666665,1.0,0.7,2.15,hi_db_i_10,h_i,d_b,2.6666666666666665,8.5
0.5,0.6931471805599453,2.154237826273954,1.487445508813401,3.6416833350873548,0.408449986434013,-0.09155001356598702,-0.3703767590580806,-0.3703767590580806,0.6762894275622614,-0.016857752997683884,0.17515784068111084,0.5621053982972228,8.0,1031.5735884098776,24.988271231242003,0.1948223607845179,2.15,0.018757206296880033,1.0,34.0,21.0,False,False,False,True,susceptible-enriched,mixed,True,0.999000999000999,0.9699300699300699,0.30069930069930073,8.491508491508492,0.95,0.9,0.8,0.02,0.35,8.5,1.38,3.0,10.0,3.0,1.0,0.7,2.15,hi_db_i_10,h_i,d_b,3.0,8.5
0.5,0.6931471805599453,2.154575772447562,1.4865024823025057,3.6410782547500675,0.40825886682420204,-0.09174113317579796,-0.3711678134918102,-0.3711678134918102,0.6762185657094065,-0.01692861485053876,0.17494927782271094,0.5626268054432226,8.0,1031.3340860915432,25.019196223281938,0.1948271697161826,2.15,0.018747271478710224,1.0,34.0,21.0,False,False,False,True,susceptible-enriched,mixed,True,0.9995360564601541,0.9699675239522108,0.30032476047789214,8.49605647991131,0.95,0.9,0.8,0.02,0.35,8.5,1.38,3.0,10.0,3.333333333333333,1.0,0.7,2.15,hi_db_i_10,h_i,d_b,3.333333333333333,8.5
0.5,0.6931471805599453,2.154732673736103,1.4860637763300044,3.6407964500661074,0.40816996959635615,-0.09183003040364385,-0.37153580305347533,-0.37153580305347533,0.6761855535632797,-0.01696162699666559,0.1748525417969054,0.5628686455077365,8.0,1031.2226103038292,25.03357864022672,0.19482936138804302,2.15,0.018742660149706648,1.0,34.0,21.0,False,False,False,True,susceptible-enriched,mixed,True,0.9997846029368873,0.9699849222055821,0.3001507779441789,8.498169124963542,0.95,0.9,0.8,0.02,0.35,8.5,1.38,3.0,10.0,3.6666666666666665,1.0,0.7,2.15,hi_db_i_10,h_i,d_b,3.6666666666666665,8.5
0.5,0.6931471805599453,2.1548055945990576,1.4858599710609959,3.6406655656600533,0.40812866336202713,-0.09187133663797287,-0.37170679843388416,-0.37170679843388416,0.676170203286768,-0.016976977273177263,0.17480765604483692,0.5629808598879078,8.0,1031.1708329640142,25.040261403901848,0.1948303756515729,2.1499999999999995,0.018740519761489483,1.0,34.0,21.0,False,False,False,True,susceptible-enriched,mixed,True,0.9999000099990001,0.96999300069993,0.30006999300070003,8.4991500849915,0.95,0.9,0.8,0.02,0.35,8.5,1.38,3.0,10.0,4.0,1.0,0.7,2.15,hi_db_i_10,h_i,d_b,4.0,8.5
0.5,0.6931471805599453,2.1548396982727467,1.4857654814437047,3.6406051797164514,0.4081094785343967,-0.09189052146560328,-0.3717862196742577,-0.3717862196742577,0.6761630713940714,-0.016984109165873895,0.17478682518400207,0.5630329370399949,8.0,1031.1468991351219,25.043364992532933,0.19483085443609222,2.15,0.01873952628152294,1.0,34.0,21.0,False,False,False,True,susceptible-enriched,mixed,True,0.9999535862659986,0.9699967510386199,0.300032489613801,8.499605483260988,0.95,0.9,0.8,0.02,0.35,8.5,1.38,3.0,10.0,4.333333333333333,1.0,0.7,2.15,hi_db_i_10,h_i,d_b,4.333333333333333,8.5
0.5,0.6931471805599453,2.1548555531915667,1.4857216160655933,3.64057716925716,0.40810056949534373,-0.09189943050465627,-0.3718231016576358,-0.37182310165763605,0.6761597589718298,-0.016987421588115503,0.17477715705711144,0.5630571073572215,8.0,1031.135793636008,25.044806233578974,0.19483108844272273,2.1500000000000004,0.018739065149022398,1.0,34.0,21.0,False,False,False,True,susceptible-enriched,mixed,True,0.9999784561172486,0.9699984919282074,0.30001508071792604,8.499816876996613,0.95,0.9,0.8,0.02,0.35,8.5,1.38,3.0,10.0,4.666666666666666,1.0,0.7,2.15,hi_db_i_10,h_i,d_b,4.666666666666666,8.5
0.5,0.6931471805599453,2.1548628906680434,1.4857012461802264,3.64056413684827,0.4080964351493162,-0.0919035648506838,-0.37184021726766064,-0.37184021726766064,0.6761582216910855,-0.01698895886885976,0.1747726696614102,0.5630683258464746,8.0,1031.1306305452758,25.045475040321396,0.19483119057370976,2.15,0.018738851110286888,1.0,34.0,21.0,False,False,False,True,susceptible-enriched,mixed,True,0.999990000099999,0.969999300007,0.3000069999300007,8.499915000849992,0.95,0.9,0.8,0.02,0.35,8.5,1.38,3.0,10.0,5.0,1.0,0.7,2.15,hi_db_i_10,h_i,d_b,5.0,8.5
0.5,0.6931471805599453,2.1078454375018008,1.624334462611559,3.7321799001133598,0.4352240529890379,-0.06477594701096212,-0.26056813570403525,-0.26056813570403525,0.6847317005478185,-0.008415480012126775,0.2031636276009244,0.49209093099768897,6.0,1066.8511920743344,20.741334268092263,0.1780753135785983,2.15,0.018886056764723307,1.0,28.0,18.0,False,False,False,True,susceptible-enriched,mixed,True,0.9090909090909091,0.9636363636363636,0.36363636363636365,8.409090909090908,0.95,0.9,0.8,0.02,0.35,9.25,1.38,3.0,10.0,1.0,1.0,0.7,2.15,hi_db_i_10,h_i,d_b,1.0,9.25
0.5,0.6931471805599453,2.1294229624991297,1.5567390275982902,3.68616199009742,0.422319754742289,-0.077680245257711,-0.3132577669230309,-0.3132577669230309,0.6810297155810047,-0.012117464978940617,0.18833714508174865,0.5291571372956284,7.0,1048.9664674127182,22.841308226700814,0.1787392142295703,2.15,0.017975010055175232,1.0,31.0,19.0,False,False,False,True,susceptible-enriched,mixed,True,0.9556429820556985,0.9668950087438989,0.331049912561011,8.83969758401521,0.95,0.9,0.8,0.02,0.35,9.25,1.38,3.0,10.0,1.3333333333333333,1.0,0.7,2.15,hi_db_i_10,h_i,d_b,1.3333333333333333,9.25
0.5,0.6931471805599453,2.14213669704999,1.519259989120114,3.6613966861701037,0.41494001315363926,-0.08505998684636074,-0.3435804204274426,-0.34358042042744236,0.678606159561098,-0.014541020998847243,0.18091075932824935,0.5477231016793767,7.0,1039.2488172140265,24.038798621126872,0.17907497167167732,2.15,0.017552243416331572,1.0,32.0,20.0,False,False,False,True,susceptible-enriched,mixed,True,0.9789100228828136,0.9685237016017969,0.3147629839820305,9.054917711666025,0.95,0.9,0.8,0.02,0.35,9.25,1.38,3.0,10.0,1.6666666666666665,1.0,0.7,2.15,hi_db_i_10,h_i,d_b,1.6666666666666665,9.25
0.5,0.6931471805599453,2.1487833676637895,1.5002828830849202,3.6490662507487097,0.41114158526913414,-0.08885841473086586,-0.35924812741556056,-0.35924812741556056,0.677271351297976,-0.015875829261969288,0.17734678185808933,0.5566330453547768,8.0,1034.377942620325,24.654636586458174,0.17929069079682167,2.15,0.017356036974855892,1.0,33.0,20.0,False,False,False,True,susceptible-enriched,mixed,True,0.9900990099009901,0.9693069306930693,0.306930693069307,9.158415841584159,0.95,0.9,0.8,0.02,0.35,9.25,1.38,3.0,10.0,2.0,1.0,0.7,2.15,hi_db_i_10,h_i,d_b,2.0,9.25
0.5,0.6931471805599453,2.152044845855116,1.491100122183828,3.6431449680389436,0.40928926388193315,-0.09071073611806685,-0.366904296677615,-0.366904296677615,0.6765988190899836,-0.016548361469961637,0.17526765730684213,0.5618308567328947,8.0,1032.0350627814164,24.954839119292448,0.1793454345149668,2.15,0.01726497135194131,1.0,34.0,21.0,False,False,False,True,susceptible-enriched,mixed,True,0.995379855975302,0.9696765899182711,0.30323410081728863,9.207263667771544,0.95,0.9,0.8,0.02,0.35,9.25,1.38,3.0,10.0,2.333333333333333,1.0,0.7,2.15,hi_db_i_10,h_i,d_b,2.333333333333333,9.25
0.5,0.6931471805599453,2.1536022815103655,1.486755678896847,3.6403579604072123,0.40840919905869305,-0.09159080094130695,-0.37054557059251825,-0.37054557059251825,0.676274317423708,-0.01687286313623726,0.17430947709021194,0.5642263072744702,8.0,1030.9313164134658,25.09745563194884,0.1793638572179878,2.15,0.01722270358924438,1.0,34.0,21.0,False,False,False,True,susceptible-enriched,mixed,True,0.9978501969202997,0.969849513784421,0.3015048621557902,9.230114321512772,0.95,0.9,0.8,0.02,0.35,9.25,1.38,3.0,10.0,2.6666666666666665,1.0,0.7,2.15,hi_db_i_10,h_i,d_b,2.6666666666666665,9.25
0.5,0.6931471805599453,2.154334025514794,1.4847205263271581,3.639054551841952,0.40799622681546466,-0.09200377318453534,-0.3722550821261336,-0.3722550821261336,0.6761209394162604,-0.017026241143684895,0.17386620277450388,0.5653344930637403,8.0,1030.4149346707572,25.16438077265649,0.1793729748068233,2.15,0.01720308488086378,1.0,34.0,21.0,False,False,False,True,susceptible-enriched,mixed,True,0.999000999000999,0.9699300699300699,0.30069930069930073,9.24075924075924,0.95,0.9,0.8,0.02,0.35,9.25,1.38,3.0,10.0,3.0,1.0,0.7,2.15,hi_db_i_10,h_i,d_b,3.0,9.25
0.5,0.6931471805599453,2.154675490600547,1.48377188058655,3.6384473711870973,0.4078035846654139,-0.09219641533458611,-0.37305271416077335,-0.37305271416077335,0.6760491505699785,-0.01709802998996679,0.17366076987696338,0.5658480753075916,8.0,1030.1743470592953,25.195598193074616,0.17937753481258284,2.15,0.017193978736788247,1.0,34.0,21.0,False,False,False,True,susceptible-enriched,mixed,True,0.9995360564601541,0.9699675239522108,0.30032476047789214,9.245708522256425,0.95,0.9,0.8,0.02,0.35,9.25,1.38,3.0,10.0,3.333333333333333,1.0,0.7,2.15,hi_db_i_10,h_i,d_b,3.333333333333333,9.25
0.5,0.6931471805599453,2.1548336006169873,1.483330222814634,3.638163823431621,0.4077139718836284,-0.0922860281163716,-0.37342379455454244,-0.37342379455454244,0.6760157036519265,-0.01713147690801875,0.17356548456298523,0.566086288592537,8.0,1030.0621343569996,25.21011985915901,0.17937971646265272,2.15,0.017189752050693282,1.0,34.0,21.0,False,False,False,True,susceptible-enriched,mixed,True,0.9997846029368873,0.9699849222055821,0.3001507779441789,9.248007577166208,0.95,0.9,0.8,0.02,0.35,9.25,1.38,3.0,10.0,3.6666666666666665,1.0,0.7,2.15,hi_db_i_10,h_i,d_b,3.6666666666666665,9.25
0.5,0.6931471805599453,2.1549078116086466,1.483125454722673,3.6380332663313197,0.4076723180209653,-0.09232768197903468,-0.3735962889992593,-0.3735962889992593,0.6760001455159621,-0.017147035043983183,0.1735212717227074,0.5661968206932315,8.0,1030.010323700975,25.216869838213054,0.1793807817965835,2.1499999999999995,0.017187790199288126,1.0,34.0,21.0,False,False,False,True,susceptible-enriched,mixed,True,0.9999000099990001,0.96999300069993,0.30006999300070003,9.24907509249075,0.95,0.9,0.8,0.02,0.35,9.25,1.38,3.0,10.0,4.0,1.0,0.7,2.15,hi_db_i_10,h_i,d_b,4.0,9.25
0.5,0.6931471805599453,2.154942216001669,1.4830303308357577,3.637972546837427,0.4076529747661208,-0.09234702523387922,-0.3736763939787465,-0.3736763939787465,0.6759929181729913,-0.017154262386953945,0.17350075310319701,0.5662481172420075,8.0,1029.9862385816173,25.220004448243056,0.17938128246667367,2.15,0.017186879589067713,1.0,34.0,21.0,False,False,False,True,susceptible-enriched,mixed,True,0.9999535862659986,0.9699967510386199,0.300032489613801,9.249570672960488,0.95,0.9,0.8,0.02,0.35,9.25,1.38,3.0,10.0,4.333333333333333,1.0,0.7,2.15,hi_db_i_10,h_i,d_b,4.333333333333333,9.25
0.5,0.6931471805599453,2.1549582030748478,1.482986180673075,3.637944383747923,0.40764399458610107,-0.09235600541389893,-0.3737135834245629,-0.3737135834245631,0.6759895623247205,-0.01715761823522477,0.17349122988507376,0.5662719252873156,8.0,1029.9750645824993,25.221459638553043,0.17938151435815047,2.1500000000000004,0.01718645692136037,1.0,34.0,21.0,False,False,False,True,susceptible-enriched,mixed,True,0.9999784561172486,0.9699984919282074,0.30001508071792604,9.249800719084549,0.95,0.9,0.8,0.02,0.35,9.25,1.38,3.0,10.0,4.666666666666666,1.0,0.7,2.15,hi_db_i_10,h_i,d_b,4.666666666666666,9.25
0.5,0.6931471805599453,2.154965772066581,1.4829657811911983,3.637931553257779,0.4076398248513493,-0.09236017514865069,-0.37373085155328534,-0.37373085155328534,0.6759880040022028,-0.01715917655774246,0.1734868097455768,0.5662829756360581,8.0,1029.9699451986658,25.222135195417952,0.17938162336822533,2.1500000000000004,0.017186260736414227,1.0,34.0,21.0,False,False,False,True,susceptible-enriched,mixed,True,0.999990000099999,0.969999300007,0.3000069999300007,9.24990750092499,0.95,0.9,0.8,0.02,0.35,9.25,1.38,3.0,10.0,5.0,1.0,0.7,2.15,hi_db_i_10,h_i,d_b,5.0,9.25
0.5,0.6931471805599453,2.1074364795659686,1.6226645502101178,3.7301010297760864,0.4350189277065036,-0.06498107229349642,-0.26140268810875866,-0.26140268810875866,0.6846781658430086,-0.00846901471693673,0.20237084661374743,0.4940728834656315,6.0,1065.980839585821,20.8566145676595,0.16504327115921485,2.15,0.017439068735414974,1.0,28.0,18.0,False,False,False,True,susceptible-enriched,mixed,True,0.9090909090909091,0.9636363636363636,0.36363636363636365,9.09090909090909,0.95,0.9,0.8,0.02,0.35,10.0,1.38,3.0,10.0,1.0,1.0,0.7,2.15,hi_db_i_10,h_i,d_b,1.0,10.0
0.5,0.6931471805599453,2.1292414549004413,1.5547464553922616,3.6839879102927027,0.42202811009462105,-0.07797188990537895,-0.31445331069185317,-0.31445331069185317,0.6809381812983776,-0.01220899926156771,0.18738215761974913,0.5315446059506272,7.0,1048.0305821986153,22.973829226210164,0.16565763608970266,2.15,0.01659834081726776,1.0,31.0,19.0,False,False,False,True,susceptible-enriched,mixed,True,0.9556429820556985,0.9668950087438989,0.331049912561011,9.556429820556986,0.95,0.9,0.8,0.02,0.35,10.0,1.38,3.0,10.0,1.3333333333333333,1.0,0.7,2.15,hi_db_i_10,h_i,d_b,1.3333333333333333,10.0
0.5,0.6931471805599453,2.1421010798652724,1.5170899123581223,3.6591909922233947,0.41459708323022226,-0.08540291676977774,-0.3449931919345998,-0.3449931919345996,0.6784880933227438,-0.01465908723720144,0.18003851210845695,0.5499037197288577,7.0,1038.2843035080941,24.18137986179109,0.16595668416389972,2.15,0.016208246581378077,1.0,33.0,20.0,False,False,False,True,susceptible-enriched,mixed,True,0.9789100228828136,0.9685237016017969,0.3147629839820305,9.789100228828136,0.95,0.9,0.8,0.02,0.35,10.0,1.38,3.0,10.0,1.6666666666666665,1.0,0.7,2.15,hi_db_i_10,h_i,d_b,1.6666666666666665,10.0
0.5,0.6931471805599453,2.1488200387047143,1.4980200630239615,3.646840101728676,0.4107720715020847,-0.08922792849791528,-0.36077459406381973,-0.36077459406381973,0.6771383221566663,-0.016008858403279036,0.17621199297268775,0.5594700175682806,8.0,1033.39721792528,24.802377041383313,0.16613261293229098,2.15,0.016027209703761664,1.0,33.0,20.0,False,False,False,True,susceptible-enriched,mixed,True,0.9900990099009901,0.9693069306930693,0.306930693069307,9.900990099009901,0.95,0.9,0.8,0.02,0.35,10.0,1.38,3.0,10.0,2.0,1.0,0.7,2.15,hi_db_i_10,h_i,d_b,2.0,10.0
0.5,0.6931471805599453,2.152119902921941,1.488793829301732,3.640913732223673,0.4089066478354754,-0.09109335216452458,-0.3684870761275372,-0.3684870761275372,0.6764581328346747,-0.016689047725270578,0.1741598558916052,0.564600360270987,8.0,1031.0493095685372,25.105118116779856,0.16616938154328786,2.15,0.015943185878337398,1.0,34.0,21.0,False,False,False,True,susceptible-enriched,mixed,True,0.995379855975302,0.9696765899182711,0.30323410081728863,9.95379855975302,0.95,0.9,0.8,0.02,0.35,10.0,1.38,3.0,10.0,2.333333333333333,1.0,0.7,2.15,hi_db_i_10,h_i,d_b,2.333333333333333,10.0
0.5,0.6931471805599453,2.1536939137377846,1.4844280659590778,3.6381219796968622,0.40802042214174583,-0.09197957785825417,-0.3721549100074447,-0.3721549100074447,0.67612994503758,-0.017017235522365337,0.17321401437202838,0.566964964069929,8.0,1029.9420972306002,25.248927824792265,0.16618742201105668,2.15,0.015904186759071653,1.0,34.0,21.0,False,False,False,True,susceptible-enriched,mixed,True,0.9978501969202997,0.969849513784421,0.3015048621557902,9.978501969202998,0.95,0.9,0.8,0.02,0.35,10.0,1.38,3.0,10.0,2.6666666666666665,1.0,0.7,2.15,hi_db_i_10,h_i,d_b,2.6666666666666665,10.0
0.5,0.6931471805599453,2.1544331449932437,1.4823827253950652,3.636815870388309,0.40760455800496403,-0.09239544199503597,-0.3738769043999551,-0.3738769043999551,0.6759748211182716,-0.017172359441673724,0.17277642900425766,0.5680589274893559,8.0,1029.4237901933056,25.31641400950482,0.16619796748263865,2.15,0.015886085246505796,1.0,34.0,21.0,False,False,False,True,susceptible-enriched,mixed,True,0.999000999000999,0.9699300699300699,0.30069930069930073,9.990009990009991,0.95,0.9,0.8,0.02,0.35,10.0,1.38,3.0,10.0,3.0,1.0,0.7,2.15,hi_db_i_10,h_i,d_b,3.0,10.0
0.5,0.6931471805599453,2.154778842394357,1.481429696687899,3.636208539082256,0.4074105433627846,-0.0925894566372154,-0.3746804601873171,-0.3746804601873171,0.6759022055755821,-0.01724497498436317,0.17257362857853564,0.5685659285536608,8.0,1029.182566638013,25.34789794868192,0.1662035051971656,2.1500000000000004,0.015877683327712135,1.0,34.0,21.0,False,False,False,True,susceptible-enriched,mixed,True,0.9995360564601541,0.9699675239522108,0.30032476047789214,9.99536056460154,0.95,0.9,0.8,0.02,0.35,10.0,1.38,3.0,10.0,3.333333333333333,1.0,0.7,2.15,hi_db_i_10,h_i,d_b,3.333333333333333,10.0
0.5,0.6931471805599453,2.1549399950889705,1.480986639075792,3.6359266341647625,0.40732027570627843,-0.09267972429372157,-0.3750543649726462,-0.3750543649726462,0.6758683671729429,-0.017278813387002434,0.17247956344912768,0.5688010913771808,8.0,1029.0705223390055,25.36254597696104,0.16620621655054027,2.15,0.0158737835151718,1.0,34.0,21.0,False,False,False,True,susceptible-enriched,mixed,True,0.9997846029368873,0.9699849222055821,0.3001507779441789,9.997846029368873,0.95,0.9,0.8,0.02,0.35,10.0,1.38,3.0,10.0,3.6666666666666665,1.0,0.7,2.15,hi_db_i_10,h_i,d_b,3.6666666666666665,10.0
0.5,0.6931471805599453,2.1550145051904845,1.480780560871574,3.635795066062059,0.4072783349902645,-0.0927216650097355,-0.37522809973924864,-0.37522809973924864,0.675852633481071,-0.017294547078874234,0.17243591660271484,0.5689102084932129,8.0,1029.0182993955186,25.36935220493911,0.16620749854732625,2.1499999999999995,0.015871973385272978,1.0,34.0,21.0,False,False,False,True,susceptible-enriched,mixed,True,0.9999000099990001,0.96999300069993,0.30006999300070003,9.99900009999,0.95,0.9,0.8,0.02,0.35,10.0,1.38,3.0,10.0,4.0,1.0,0.7,2.15,hi_db_i_10,h_i,d_b,4.0,10.0
0.5,0.6931471805599453,2.1550493034732248,1.480684993199393,3.635734296672618,0.40725885677468204,-0.09274114322531796,-0.3753087879912779,-0.3753087879912779,0.6758453239214222,-0.017301856638523128,0.17241566061557573,0.5689608484610607,8.0,1028.9941394565278,25.372512940745853,0.16620810225603755,2.15,0.015871133197989464,1.0,34.0,21.0,False,False,False,True,susceptible-enriched,mixed,True,0.9999535862659986,0.9699967510386199,0.300032489613801,9.999535862659986,0.95,0.9,0.8,0.02,0.35,10.0,1.38,3.0,10.0,4.333333333333333,1.0,0.7,2.15,hi_db_i_10,h_i,d_b,4.333333333333333,10.0
0.5,0.6931471805599453,2.155065407592179,1.4806405920872987,3.6357059996794776,0.4072498139887635,-0.09275018601123652,-0.3753462480235276,-0.37534624802352784,0.6758419299150277,-0.017305250644917614,0.1724062592836461,0.5689843517908848,8.0,1028.9828994701606,25.373980428856566,0.16620838358176526,2.15,0.015870743217725036,1.0,34.0,21.0,False,False,False,True,susceptible-enriched,mixed,True,0.9999784561172486,0.9699984919282074,0.30001508071792604,9.999784561172486,0.95,0.9,0.8,0.02,0.35,10.0,1.38,3.0,10.0,4.666666666666666,1.0,0.7,2.15,hi_db_i_10,h_i,d_b,4.666666666666666,10.0
0.5,0.6931471805599453,2.155072768160219,1.4806199063073557,3.635692674467575,0.4072456169646362,-0.09275438303536382,-0.37536363441974985,-0.37536363441974985,0.675840354541283,-0.01730682601866229,0.17240189571506187,0.5689952607123454,8.0,1028.977629009875,25.37466156175175,0.1662085126782223,2.1500000000000004,0.015870562204948306,1.0,34.0,21.0,False,False,False,True,susceptible-enriched,mixed,True,0.999990000099999,0.969999300007,0.3000069999300007,9.99990000099999,0.95,0.9,0.8,0.02,0.35,10.0,1.38,3.0,10.0,5.0,1.0,0.7,2.15,hi_db_i_10,h_i,d_b,5.0,10.0
