parameter,endpoint,bin,parameter_mean,endpoint_mean,endpoint_sd,n
i,peak_loss_total,"(0.099, 0.126]",0.11294627058970835,0.14613903988353902,0.00695765996968943,882
i,peak_loss_total,"(0.126, 0.2]",0.1790077753714996,0.14927325425471355,0.010478748798665618,882
i,peak_loss_total,"(0.2, 0.316]",0.28370820458389806,0.15561702374992398,0.015201961113989443,882
i,peak_loss_total,"(0.316, 0.501]",0.4496472020903847,0.16991520959706063,0.019885499629347516,882
i,peak_loss_total,"(0.501, 0.794]",0.7126427896022374,0.20477736615468523,0.022232667191305077,882
i,peak_loss_total,"(0.794, 1.259]",1.1294627058970839,0.2965157302419702,0.04017062984160241,882
i,peak_loss_total,"(1.259, 1.995]",1.7900777537149968,0.4114961264207102,0.06379561164573044,882
i,peak_loss_total,"(1.995, 3.162]",2.8370820458389803,0.4739269164234197,0.06236876535249175,882
i,peak_loss_total,"(3.162, 5.012]",4.496472020903849,0.5008420586276782,0.05352879402298087,882
i,peak_loss_total,"(5.012, 7.943]",7.126427896022373,0.5135255516957272,0.04738928466370944,882
i,peak_loss_total,"(7.943, 10.0]",10.0,0.5189018404401003,0.04475975531840579,441
i,t_recovery_S_own_final,"(0.099, 0.126]",0.11294627058970835,7.1938775510204085,0.3955583974954736,882
i,t_recovery_S_own_final,"(0.126, 0.2]",0.1790077753714996,7.307256235827665,0.4761431791007847,882
i,t_recovery_S_own_final,"(0.2, 0.316]",0.28370820458389806,7.54875283446712,0.6011751904964666,882
i,t_recovery_S_own_final,"(0.316, 0.501]",0.4496472020903847,8.0578231292517,0.59705199001711,882
i,t_recovery_S_own_final,"(0.501, 0.794]",0.7126427896022374,8.914965986394558,0.7088082506472964,882
i,t_recovery_S_own_final,"(0.794, 1.259]",1.1294627058970839,11.25283446712018,1.1625141615249053,882
i,t_recovery_S_own_final,"(1.259, 1.995]",1.7900777537149968,14.568027210884354,2.097622665851503,882
i,t_recovery_S_own_final,"(1.995, 3.162]",2.8370820458389803,16.67800453514739,2.2420380727401037,882
i,t_recovery_S_own_final,"(3.162, 5.012]",4.496472020903849,17.632653061224488,2.0384999247144955,882
i,t_recovery_S_own_final,"(5.012, 7.943]",7.126427896022373,18.089569160997733,1.865489207802641,882
i,t_recovery_S_own_final,"(7.943, 10.0]",10.0,18.281179138321995,1.7908440029317285,441
i,t_steady_state,"(0.099, 0.126]",0.11294627058970835,9.03968253968254,0.19532304250144375,882
i,t_steady_state,"(0.126, 0.2]",0.1790077753714996,9.104308390022675,0.3058336110316858,882
i,t_steady_state,"(0.2, 0.316]",0.28370820458389806,9.227891156462585,0.44081479293430587,882
i,t_steady_state,"(0.316, 0.501]",0.4496472020903847,9.570294784580499,0.6603250698761421,882
i,t_steady_state,"(0.501, 0.794]",0.7126427896022374,10.572562358276643,0.720902455827125,882
i,t_steady_state,"(0.794, 1.259]",1.1294627058970839,12.853741496598639,1.1893075719245347,882
i,t_steady_state,"(1.259, 1.995]",1.7900777537149968,16.29138321995465,2.1324248033554536,882
i,t_steady_state,"(1.995, 3.162]",2.8370820458389803,18.44671201814059,2.2775605427604764,882
i,t_steady_state,"(3.162, 5.012]",4.496472020903849,19.430839002267575,2.0676090089225974,882
i,t_steady_state,"(5.012, 7.943]",7.126427896022373,19.903628117913833,1.8821125830515866,882
i,t_steady_state,"(7.943, 10.0]",10.0,20.11111111111111,1.8024954643465505,441
i,final_total,"(0.099, 0.126]",0.11294627058970835,4.182609206567154,0.011076038682472537,882
i,final_total,"(0.126, 0.2]",0.1790077753714996,4.177893585390548,0.01662967520272852,882
i,final_total,"(0.2, 0.316]",0.28370820458389806,4.168295357257965,0.024261458119373205,882
i,final_total,"(0.316, 0.501]",0.4496472020903847,4.146319404083269,0.03291492218077848,882
i,final_total,"(0.501, 0.794]",0.7126427896022374,4.092755765174133,0.03733827361634552,882
i,final_total,"(0.794, 1.259]",1.1294627058970839,3.975069930854733,0.053309315662471844,882
i,final_total,"(1.259, 1.995]",1.7900777537149968,3.8294903554546322,0.08161355088729762,882
i,final_total,"(1.995, 3.162]",2.8370820458389803,3.7487671475389286,0.07884080880660022,882
i,final_total,"(3.162, 5.012]",4.496472020903849,3.713645535769003,0.06630838254264293,882
i,final_total,"(5.012, 7.943]",7.126427896022373,3.697008171091156,0.05721013547391206,882
i,final_total,"(7.943, 10.0]",10.0,3.6899429242765365,0.05313107428211535,441
i,final_fR,"(0.099, 0.126]",0.11294627058970835,0.5062980108606708,0.0005189345158501424,882
i,final_fR,"(0.126, 0.2]",0.1790077753714996,0.5062772560371867,0.0007576559920373471,882
i,final_fR,"(0.2, 0.316]",0.28370820458389806,0.506122005021154,0.0012234593058220691,882
i,final_fR,"(0.316, 0.501]",0.4496472020903847,0.505401951780794,0.0022808136393408893,882
i,final_fR,"(0.501, 0.794]",0.7126427896022374,0.5013225622753373,0.003977116595404196,882
i,final_fR,"(0.794, 1.259]",1.1294627058970839,0.48322659567927806,0.008632959886857815,882
i,final_fR,"(1.259, 1.995]",1.7900777537149968,0.45240352768568437,0.01696364060769842,882
i,final_fR,"(1.995, 3.162]",2.8370820458389803,0.43244028109541827,0.017180197975177926,882
i,final_fR,"(3.162, 5.012]",4.496472020903849,0.4232745567933637,0.013671115087416825,882
i,final_fR,"(5.012, 7.943]",7.126427896022373,0.41881492065989856,0.010486950904592684,882
i,final_fR,"(7.943, 10.0]",10.0,0.41688245359246257,0.008754469726516525,441
i,final_H,"(0.099, 0.126]",0.11294627058970835,0.6930673105187889,1.3164212727820109e-05,882
i,final_H,"(0.126, 0.2]",0.1790077753714996,0.6930672236548254,1.7658657378633936e-05,882
i,final_H,"(0.2, 0.316]",0.28370820458389806,0.6930692301297967,2.4668684179888442e-05,882
i,final_H,"(0.316, 0.501]",0.4496472020903847,0.6930784239332359,3.713827326478523e-05,882
i,final_H,"(0.501, 0.794]",0.7126427896022374,0.6931120822818915,3.796448015857814e-05,882
i,final_H,"(0.794, 1.259]",1.1294627058970839,0.6924352705063838,0.0006929033324600499,882
i,final_H,"(1.259, 1.995]",1.7900777537149968,0.6880289573879936,0.003356138861068109,882
i,final_H,"(1.995, 3.162]",2.8370820458389803,0.6833908338601002,0.0043402995259172045,882
i,final_H,"(3.162, 5.012]",4.496472020903849,0.6809454855501973,0.003875705197386065,882
i,final_H,"(5.012, 7.943]",7.126427896022373,0.6796814637408721,0.0032007464421708056,882
i,final_H,"(7.943, 10.0]",10.0,0.6791087926721427,0.0027803722636125785,441
h_i,peak_loss_total,"(0.999, 1.2]",1.0999999999999999,0.28941748026262654,0.10671440147138392,882
h_i,peak_loss_total,"(1.2, 1.6]",1.5,0.2987342542496573,0.12859145699995517,882
h_i,peak_loss_total,"(1.6, 2.0]",1.9000000000000001,0.30555803688203725,0.1432828735582288,882
h_i,peak_loss_total,"(2.0, 2.4]",2.3,0.3104177008813635,0.15320498378749148,882
h_i,peak_loss_total,"(2.4, 2.8]",2.7000000000000006,0.3140197099481101,0.1601668351726522,882
h_i,peak_loss_total,"(2.8, 3.2]",3.0999999999999996,0.31679291761425626,0.16526307141371943,882
h_i,peak_loss_total,"(3.2, 3.6]",3.5,0.31890990030288224,0.1690382059272528,882
h_i,peak_loss_total,"(3.6, 4.0]",3.899999999999999,0.32058670944717665,0.17195500423847168,882
h_i,peak_loss_total,"(4.0, 4.4]",4.3,0.32197298037192734,0.17431975412987943,882
h_i,peak_loss_total,"(4.4, 4.8]",4.699999999999999,0.3231284105631454,0.17625013400735065,882
h_i,peak_loss_total,"(4.8, 5.0]",5.0,0.32388219349259123,0.177587446812098,441
h_i,t_recovery_S_own_final,"(0.999, 1.2]",1.0999999999999999,11.201814058956916,2.9671062919033555,882
h_i,t_recovery_S_own_final,"(1.2, 1.6]",1.5,11.572562358276643,3.622332046363117,882
h_i,t_recovery_S_own_final,"(1.6, 2.0]",1.9000000000000001,11.816326530612244,4.137292662668564,882
h_i,t_recovery_S_own_final,"(2.0, 2.4]",2.3,11.98185941043084,4.49766110873168,882
h_i,t_recovery_S_own_final,"(2.4, 2.8]",2.7000000000000006,12.086167800453515,4.742333707987854,882
h_i,t_recovery_S_own_final,"(2.8, 3.2]",3.0999999999999996,12.197278911564625,4.923440362691578,882
h_i,t_recovery_S_own_final,"(3.2, 3.6]",3.5,12.255102040816327,5.056053792783826,882
h_i,t_recovery_S_own_final,"(3.6, 4.0]",3.899999999999999,12.306122448979592,5.162660285597924,882
h_i,t_recovery_S_own_final,"(4.0, 4.4]",4.3,12.348072562358277,5.229157505922295,882
h_i,t_recovery_S_own_final,"(4.4, 4.8]",4.699999999999999,12.40249433106576,5.306937026609103,882
h_i,t_recovery_S_own_final,"(4.8, 5.0]",5.0,12.433106575963718,5.342853477477888,441
h_i,t_steady_state,"(0.999, 1.2]",1.0999999999999999,12.854875283446711,3.025698489029711,882
h_i,t_steady_state,"(1.2, 1.6]",1.5,13.178004535147393,3.756953944028371,882
h_i,t_steady_state,"(1.6, 2.0]",1.9000000000000001,13.454648526077097,4.239520824689663,882
h_i,t_steady_state,"(2.0, 2.4]",2.3,13.656462585034014,4.566684389654773,882
h_i,t_steady_state,"(2.4, 2.8]",2.7000000000000006,13.816326530612244,4.798108416768871,882
h_i,t_steady_state,"(2.8, 3.2]",3.0999999999999996,13.91609977324263,4.956312131706523,882
h_i,t_steady_state,"(3.2, 3.6]",3.5,14.024943310657596,5.066129235795916,882
h_i,t_steady_state,"(3.6, 4.0]",3.899999999999999,14.107709750566894,5.166772339286055,882
h_i,t_steady_state,"(4.0, 4.4]",4.3,14.156462585034014,5.230488651747185,882
h_i,t_steady_state,"(4.4, 4.8]",4.699999999999999,14.20748299319728,5.289896845918597,882
h_i,t_steady_state,"(4.8, 5.0]",5.0,14.24716553287982,5.3398286823293635,441
h_i,final_total,"(0.999, 1.2]",1.0999999999999999,3.9864827411459696,0.1386669232345353,882
h_i,final_total,"(1.2, 1.6]",1.5,3.9757951319293654,0.16769803374877224,882
h_i,final_total,"(1.6, 2.0]",1.9000000000000001,3.967899892643006,0.1873855339291221,882
h_i,final_total,"(2.0, 2.4]",2.3,3.96217157896163,0.20076492192362333,882
h_i,final_total,"(2.4, 2.8]",2.7000000000000006,3.9579487784307323,0.2101387455367627,882
h_i,final_total,"(2.8, 3.2]",3.0999999999999996,3.9547528141229016,0.21695907807775078,882
h_i,final_total,"(3.2, 3.6]",3.5,3.952266769092946,0.22210375760192458,882
h_i,final_total,"(3.6, 4.0]",3.899999999999999,3.950284182833587,0.22610851933873055,882
h_i,final_total,"(4.0, 4.4]",4.3,3.9486684223726125,0.22930958745391394,882
h_i,final_total,"(4.4, 4.8]",4.699999999999999,3.947327257768241,0.2319253337628691,882
h_i,final_total,"(4.8, 5.0]",5.0,3.946456704037598,0.23373616138914569,441
h_i,final_fR,"(0.999, 1.2]",1.0999999999999999,0.48149738451848895,0.02459436826605723,882
h_i,final_fR,"(1.2, 1.6]",1.5,0.4774533010708217,0.030393305043382175,882
h_i,final_fR,"(1.6, 2.0]",1.9000000000000001,0.4743016791860074,0.03429388653563973,882
h_i,final_fR,"(2.0, 2.4]",2.3,0.47195765512902055,0.03688653846203834,882
h_i,final_fR,"(2.4, 2.8]",2.7000000000000006,0.4702109558664976,0.038656293299749206,882
h_i,final_fR,"(2.8, 3.2]",3.0999999999999996,0.4688828425000419,0.03991223115021821,882
h_i,final_fR,"(3.2, 3.6]",3.5,0.46784773757173337,0.04083892364539177,882
h_i,final_fR,"(3.6, 4.0]",3.899999999999999,0.4670215494105805,0.041546754884589615,882
h_i,final_fR,"(4.0, 4.4]",4.3,0.46634801657297653,0.042103505306624926,882
h_i,final_fR,"(4.4, 4.8]",4.699999999999999,0.4657888374338569,0.04255225608831352,882
h_i,final_fR,"(4.8, 5.0]",5.0,0.46542587084998366,0.04286147988156252,441
h_i,final_H,"(0.999, 1.2]",1.0999999999999999,0.69125033057076,0.002772398437791217,882
h_i,final_H,"(1.2, 1.6]",1.5,0.6902767908347467,0.004069347224798728,882
h_i,final_H,"(1.6, 2.0]",1.9000000000000001,0.6894639704395269,0.005018489822577371,882
h_i,final_H,"(2.0, 2.4]",2.3,0.6888394209355155,0.005655689909009876,882
h_i,final_H,"(2.4, 2.8]",2.7000000000000006,0.6883672087922013,0.006081725306859041,882
h_i,final_H,"(2.8, 3.2]",3.0999999999999996,0.6880058809063007,0.006374897561518926,882
h_i,final_H,"(3.2, 3.6]",3.5,0.6877235037513517,0.006584385988472911,882
h_i,final_H,"(3.6, 4.0]",3.899999999999999,0.6874978597891287,0.006739680345135075,882
h_i,final_H,"(4.0, 4.4]",4.3,0.6873138193318696,0.006858605694827567,882
h_i,final_H,"(4.4, 4.8]",4.699999999999999,0.6871609963379217,0.006952240440650493,882
h_i,final_H,"(4.8, 5.0]",5.0,0.687061792421668,0.007014588942442442,441
d_b,peak_loss_total,"(0.999, 1.45]",1.2249999999999999,0.2702979474762325,0.1159884314986818,882
d_b,peak_loss_total,"(1.45, 2.35]",2.125,0.28973617019000686,0.13549895743514587,882
d_b,peak_loss_total,"(2.35, 3.25]",3.025,0.30190767367408966,0.14708018919383292,882
d_b,peak_loss_total,"(3.25, 4.15]",3.925,0.3100897562475216,0.15460467445488815,882
d_b,peak_loss_total,"(4.15, 5.05]",4.824999999999999,0.31592745797866406,0.15975289363864673,882
d_b,peak_loss_total,"(5.05, 5.95]",5.7250000000000005,0.3201677272857005,0.16328967180559317,882
d_b,peak_loss_total,"(5.95, 6.85]",6.625,0.3233937730431776,0.16583781780779952,882
d_b,peak_loss_total,"(6.85, 7.75]",7.5249999999999995,0.3259977565648459,0.16781944209815258,882
d_b,peak_loss_total,"(7.75, 8.65]",8.425000000000002,0.32822054259650374,0.1695057398464521,882
d_b,peak_loss_total,"(8.65, 9.55]",9.324999999999998,0.3300871077638142,0.17088106353063587,882
d_b,peak_loss_total,"(9.55, 10.0]",10.0,0.331306568897843,0.17184938584811868,441
d_b,t_recovery_S_own_final,"(0.999, 1.45]",1.2249999999999999,10.348072562358277,3.064598068343535,882
d_b,t_recovery_S_own_final,"(1.45, 2.35]",2.125,11.162131519274377,3.8131463844588898,882
d_b,t_recovery_S_own_final,"(2.35, 3.25]",3.025,11.665532879818594,4.293480552521076,882
d_b,t_recovery_S_own_final,"(3.25, 4.15]",3.925,11.926303854875284,4.531164597684911,882
d_b,t_recovery_S_own_final,"(4.15, 5.05]",4.824999999999999,12.17687074829932,4.731425618199112,882
d_b,t_recovery_S_own_final,"(5.05, 5.95]",5.7250000000000005,12.300453514739228,4.782841520095513,882
d_b,t_recovery_S_own_final,"(5.95, 6.85]",6.625,12.488662131519275,4.979912728622235,882
d_b,t_recovery_S_own_final,"(6.85, 7.75]",7.5249999999999995,12.589569160997732,5.063661019881685,882
d_b,t_recovery_S_own_final,"(7.75, 8.65]",8.425000000000002,12.654195011337869,5.096740570966793,882
d_b,t_recovery_S_own_final,"(8.65, 9.55]",9.324999999999998,12.706349206349206,5.119119581968027,882
d_b,t_recovery_S_own_final,"(9.55, 10.0]",10.0,12.732426303854876,5.137302596042642,441
d_b,t_steady_state,"(0.999, 1.45]",1.2249999999999999,12.104308390022675,3.102926674596183,882
d_b,t_steady_state,"(1.45, 2.35]",2.125,12.901360544217686,3.872311907492313,882
d_b,t_steady_state,"(2.35, 3.25]",3.025,13.36281179138322,4.276735394858557,882
d_b,t_steady_state,"(3.25, 4.15]",3.925,13.64172335600907,4.520201167323704,882
d_b,t_steady_state,"(4.15, 5.05]",4.824999999999999,13.918367346938776,4.79596435166128,882
d_b,t_steady_state,"(5.05, 5.95]",5.7250000000000005,14.037414965986395,4.878520330990651,882
d_b,t_steady_state,"(5.95, 6.85]",6.625,14.13718820861678,4.954091193512756,882
d_b,t_steady_state,"(6.85, 7.75]",7.5249999999999995,14.30498866213152,5.117346925623916,882
d_b,t_steady_state,"(7.75, 8.65]",8.425000000000002,14.374149659863946,5.1761842879039435,882
d_b,t_steady_state,"(8.65, 9.55]",9.324999999999998,14.465986394557824,5.197515296512034,882
d_b,t_steady_state,"(9.55, 10.0]",10.0,14.496598639455783,5.210183406726231,441
d_b,final_total,"(0.999, 1.45]",1.2249999999999999,4.02063631960228,0.15924479735523467,882
d_b,final_total,"(1.45, 2.35]",2.125,3.988376795864562,0.18614504222043038,882
d_b,final_total,"(2.35, 3.25]",3.025,3.9716342854084297,0.19871385905294536,882
d_b,final_total,"(3.25, 4.15]",3.925,3.9613123385885856,0.20569783434804753,882
d_b,final_total,"(4.15, 5.05]",4.824999999999999,3.954253818613226,0.21002253115006236,882
d_b,final_total,"(5.05, 5.95]",5.7250000000000005,3.9490855798619333,0.21290002553301474,882
d_b,final_total,"(5.95, 6.85]",6.625,3.9451146232934233,0.2149139130203688,882
d_b,final_total,"(6.85, 7.75]",7.5249999999999995,3.9419533024339946,0.2163756623274936,882
d_b,final_total,"(7.75, 8.65]",8.425000000000002,3.9393654065427444,0.2174676037162691,882
d_b,final_total,"(8.65, 9.55]",9.324999999999998,3.9372007749178315,0.2183010023799692,882
d_b,final_total,"(9.55, 10.0]",10.0,3.9357853523855617,0.21892779913035482,441
d_b,final_fR,"(0.999, 1.45]",1.2249999999999999,0.47411522807861944,0.03161539504334814,882
d_b,final_fR,"(1.45, 2.35]",2.125,0.4723495356677549,0.03461570346035486,882
d_b,final_fR,"(2.35, 3.25]",3.025,0.4714037614494394,0.03643268165243875,882
d_b,final_fR,"(3.25, 4.15]",3.925,0.4708424151217593,0.037647589191675365,882
d_b,final_fR,"(4.15, 5.05]",4.824999999999999,0.4704838830419843,0.038521114076171876,882
d_b,final_fR,"(5.05, 5.95]",5.7250000000000005,0.4702429091044663,0.039182881529915184,882
d_b,final_fR,"(5.95, 6.85]",6.625,0.4700750385275535,0.03970403483232917,882
d_b,final_fR,"(6.85, 7.75]",7.5249999999999995,0.46995508378160483,0.04012687565519227,882
d_b,final_fR,"(7.75, 8.65]",8.425000000000002,0.4698678906698499,0.0404780629283811,882
d_b,final_fR,"(8.65, 9.55]",9.324999999999998,0.4698038318231488,0.04077530838003109,882
d_b,final_fR,"(9.55, 10.0]",10.0,0.46976663483767334,0.04099467683333509,441
d_b,final_H,"(0.999, 1.45]",1.2249999999999999,0.6898008618619668,0.004149003016158522,882
d_b,final_H,"(1.45, 2.35]",2.125,0.6892108240146111,0.004992297149727631,882
d_b,final_H,"(2.35, 3.25]",3.025,0.6888436746648607,0.00551988797010458,882
d_b,final_H,"(3.25, 4.15]",3.925,0.6885969624744059,0.005873530921046953,882
d_b,final_H,"(4.15, 5.05]",4.824999999999999,0.6884204143272495,0.006125200103930765,882
d_b,final_H,"(5.05, 5.95]",5.7250000000000005,0.6882879167370123,0.006312774756705778,882
d_b,final_H,"(5.95, 6.85]",6.625,0.6881847913784461,0.006457661252586586,882
d_b,final_H,"(6.85, 7.75]",7.5249999999999995,0.6881021916611397,0.006572790880925272,882
d_b,final_H,"(7.75, 8.65]",8.425000000000002,0.6880345032930172,0.006666368076572407,882
d_b,final_H,"(8.65, 9.55]",9.324999999999998,0.687977983142115,0.006743862062589667,882
d_b,final_H,"(9.55, 10.0]",10.0,0.6879411086906652,0.0067979001511035055,441
