parameter,endpoint,spearman_rho,p_value
i,delta_fR,-0.9082638618278243,0.0
i,final_fR,-0.9082638084215852,0.0
i,final_H,-0.8230358250009142,0.0
i,final_total,-0.9402466216032659,0.0
i,t_steady_state,0.9308233349782115,0.0
i,t_recovery_S_own_final,0.9324219993463128,0.0
i,peak_loss_total,0.9402605287820462,0.0
h_i,delta_fR,-0.07158160158761474,5.3296352178982695e-12
h_i,final_fR,-0.07158187172741434,5.32865682174053e-12
h_i,final_H,-0.14344032153119396,9.133023649273851e-44
h_i,final_total,0.0258250538202104,0.01294315542544874
h_i,t_steady_state,0.016036224857599028,0.12280107941432049
h_i,t_recovery_S_own_final,-0.011883935910671911,0.2528203666130197
h_i,peak_loss_total,-0.03080586296586993,0.00302803352129043
d_b,delta_fR,0.07754445828984273,7.858585766978108e-14
d_b,final_fR,0.07754445828603522,7.858585788964459e-14
d_b,final_H,-0.17797943527924384,8.876794244124187e-67
d_b,final_total,-0.13887838991002963,4.136274445561965e-41
d_b,t_steady_state,0.14097656506484565,2.546918026296858e-42
d_b,t_recovery_S_own_final,0.14140538341094475,1.4331682582436545e-42
d_b,peak_loss_total,0.12254249060346101,2.548912029704351e-32
