parameter,bin,parameter_mean,metric,mean,sd,n
i,"(0.099, 0.126]",0.11294627058970835,final_ns,2.064965066915168,0.006719051447724087,882
i,"(0.099, 0.126]",0.11294627058970835,final_nr,2.117644139651986,0.0050256304727859654,882
i,"(0.099, 0.126]",0.11294627058970835,final_total,4.182609206567154,0.011076038682472537,882
i,"(0.099, 0.126]",0.11294627058970835,final_fR,0.5062980108606708,0.0005189345158501424,882
i,"(0.126, 0.2]",0.1790077753714996,final_ns,2.062723691031775,0.009379130070333842,882
i,"(0.126, 0.2]",0.1790077753714996,final_nr,2.115169894358773,0.008359709534665182,882
i,"(0.126, 0.2]",0.1790077753714996,final_total,4.177893585390548,0.01662967520272852,882
i,"(0.126, 0.2]",0.1790077753714996,final_fR,0.5062772560371867,0.0007576559920373471,882
i,"(0.2, 0.316]",0.28370820458389806,final_ns,2.0586255710604244,0.012403595256341259,882
i,"(0.2, 0.316]",0.28370820458389806,final_nr,2.1096697861975398,0.013868601352933625,882
i,"(0.2, 0.316]",0.28370820458389806,final_total,4.168295357257965,0.024261458119373205,882
i,"(0.2, 0.316]",0.28370820458389806,final_fR,0.506122005021154,0.0012234593058220691,882
i,"(0.316, 0.501]",0.4496472020903847,final_ns,2.0507309415297073,0.015143273971262293,882
i,"(0.316, 0.501]",0.4496472020903847,final_nr,2.095588462553562,0.02218617455365921,882
i,"(0.316, 0.501]",0.4496472020903847,final_total,4.146319404083269,0.03291492218077848,882
i,"(0.316, 0.501]",0.4496472020903847,final_fR,0.505401951780794,0.0022808136393408893,882
i,"(0.501, 0.794]",0.7126427896022374,final_ns,2.04089231324988,0.017766594539233273,882
i,"(0.501, 0.794]",0.7126427896022374,final_nr,2.051863451924253,0.030227642870142922,882
i,"(0.501, 0.794]",0.7126427896022374,final_total,4.092755765174133,0.03733827361634552,882
i,"(0.501, 0.794]",0.7126427896022374,final_fR,0.5013225622753373,0.003977116595404196,882
i,"(0.794, 1.259]",1.1294627058970839,final_ns,2.0538487165980364,0.021100284306585625,882
i,"(0.794, 1.259]",1.1294627058970839,final_nr,1.9212212142566965,0.056534648888477174,882
i,"(0.794, 1.259]",1.1294627058970839,final_total,3.975069930854733,0.053309315662471844,882
i,"(0.794, 1.259]",1.1294627058970839,final_fR,0.48322659567927806,0.008632959886857815,882
i,"(1.259, 1.995]",1.7900777537149968,final_ns,2.095733067695349,0.028701202161857307,882
i,"(1.259, 1.995]",1.7900777537149968,final_nr,1.7337572877592835,0.10003353834308634,882
i,"(1.259, 1.995]",1.7900777537149968,final_total,3.8294903554546322,0.08161355088729762,882
i,"(1.259, 1.995]",1.7900777537149968,final_fR,0.45240352768568437,0.01696364060769842,882
i,"(1.995, 3.162]",2.8370820458389803,final_ns,2.1263823642773954,0.028006727022223475,882
i,"(1.995, 3.162]",2.8370820458389803,final_nr,1.6223847832615328,0.09780200125678329,882
i,"(1.995, 3.162]",2.8370820458389803,final_total,3.7487671475389286,0.07884080880660022,882
i,"(1.995, 3.162]",2.8370820458389803,final_fR,0.43244028109541827,0.017180197975177926,882
i,"(3.162, 5.012]",4.496472020903849,final_ns,2.140918384088216,0.0218706052624937,882
i,"(3.162, 5.012]",4.496472020903849,final_nr,1.5727271516807872,0.07816582962887025,882
i,"(3.162, 5.012]",4.496472020903849,final_total,3.713645535769003,0.06630838254264293,882
i,"(3.162, 5.012]",4.496472020903849,final_fR,0.4232745567933637,0.013671115087416825,882
i,"(5.012, 7.943]",7.126427896022373,final_ns,2.148097818922227,0.01599490711015873,882
i,"(5.012, 7.943]",7.126427896022373,final_nr,1.5489103521689296,0.062002698396536236,882
i,"(5.012, 7.943]",7.126427896022373,final_total,3.697008171091156,0.05721013547391206,882
i,"(5.012, 7.943]",7.126427896022373,final_fR,0.41881492065989856,0.010486950904592684,882
i,"(7.943, 10.0]",10.0,final_ns,2.1512423566266365,0.012469285847108097,441
i,"(7.943, 10.0]",10.0,final_nr,1.5387005676498997,0.05387395077861362,441
i,"(7.943, 10.0]",10.0,final_total,3.6899429242765365,0.05313107428211535,441
i,"(7.943, 10.0]",10.0,final_fR,0.41688245359246257,0.008754469726516525,441
h_i,"(0.999, 1.2]",1.0999999999999999,final_ns,2.063701833356701,0.03155369408227818,882
h_i,"(0.999, 1.2]",1.0999999999999999,final_nr,1.9227809077892684,0.16176146583416046,882
h_i,"(0.999, 1.2]",1.0999999999999999,final_total,3.9864827411459696,0.1386669232345353,882
h_i,"(0.999, 1.2]",1.0999999999999999,final_fR,0.48149738451848895,0.02459436826605723,882
h_i,"(1.2, 1.6]",1.5,final_ns,2.0725672322874256,0.03701189052088738,882
h_i,"(1.2, 1.6]",1.5,final_nr,1.9032278996419398,0.19727315224122713,882
h_i,"(1.2, 1.6]",1.5,final_total,3.9757951319293654,0.16769803374877224,882
h_i,"(1.2, 1.6]",1.5,final_fR,0.4774533010708217,0.030393305043382175,882
h_i,"(1.6, 2.0]",1.9000000000000001,final_ns,2.0796270969077653,0.040608637237780305,882
h_i,"(1.6, 2.0]",1.9000000000000001,final_nr,1.888272795735241,0.22107735410821308,882
h_i,"(1.6, 2.0]",1.9000000000000001,final_total,3.967899892643006,0.1873855339291221,882
h_i,"(1.6, 2.0]",1.9000000000000001,final_fR,0.4743016791860074,0.03429388653563973,882
h_i,"(2.0, 2.4]",2.3,final_ns,2.0849263694463547,0.042769973656450404,882
h_i,"(2.0, 2.4]",2.3,final_nr,1.8772452095152752,0.23704273876462287,882
h_i,"(2.0, 2.4]",2.3,final_total,3.96217157896163,0.20076492192362333,882
h_i,"(2.0, 2.4]",2.3,final_fR,0.47195765512902055,0.03688653846203834,882
h_i,"(2.4, 2.8]",2.7000000000000006,final_ns,2.088890270975332,0.04404379853211306,882
h_i,"(2.4, 2.8]",2.7000000000000006,final_nr,1.8690585074554005,0.2480882195855057,882
h_i,"(2.4, 2.8]",2.7000000000000006,final_total,3.9579487784307323,0.2101387455367627,882
h_i,"(2.4, 2.8]",2.7000000000000006,final_fR,0.4702109558664976,0.038656293299749206,882
h_i,"(2.8, 3.2]",3.0999999999999996,final_ns,2.0919090714500688,0.0448016655069838,882
h_i,"(2.8, 3.2]",3.0999999999999996,final_nr,1.8628437426728328,0.2560362216668015,882
h_i,"(2.8, 3.2]",3.0999999999999996,final_total,3.9547528141229016,0.21695907807775078,882
h_i,"(2.8, 3.2]",3.0999999999999996,final_fR,0.4688828425000419,0.03991223115021821,882
h_i,"(3.2, 3.6]",3.5,final_ns,2.0942633991631463,0.045259888719463064,882
h_i,"(3.2, 3.6]",3.5,final_nr,1.8580033699298004,0.26197556268509065,882
h_i,"(3.2, 3.6]",3.5,final_total,3.952266769092946,0.22210375760192458,882
h_i,"(3.2, 3.6]",3.5,final_fR,0.46784773757173337,0.04083892364539177,882
h_i,"(3.6, 4.0]",3.899999999999999,final_ns,2.0961431033875373,0.045540343617515244,882
h_i,"(3.6, 4.0]",3.899999999999999,final_nr,1.8541410794460498,0.2665628467262095,882
h_i,"(3.6, 4.0]",3.899999999999999,final_total,3.950284182833587,0.22610851933873055,882
h_i,"(3.6, 4.0]",3.899999999999999,final_fR,0.4670215494105805,0.041546754884589615,882
h_i,"(4.0, 4.4]",4.3,final_ns,2.0976756405012416,0.04571229637221206,882
h_i,"(4.0, 4.4]",4.3,final_nr,1.850992781871371,0.27020564832607685,882
h_i,"(4.0, 4.4]",4.3,final_total,3.9486684223726125,0.22930958745391394,882
h_i,"(4.0, 4.4]",4.3,final_fR,0.46634801657297653,0.042103505306624926,882
h_i,"(4.4, 4.8]",4.699999999999999,final_ns,2.0989480823081985,0.04581615199513577,882
h_i,"(4.4, 4.8]",4.699999999999999,final_nr,1.848379175460042,0.2731660185953739,882
h_i,"(4.4, 4.8]",4.699999999999999,final_total,3.947327257768241,0.2319253337628691,882
h_i,"(4.4, 4.8]",4.699999999999999,final_fR,0.4657888374338569,0.04255225608831352,882
h_i,"(4.8, 5.0]",5.0,final_ns,2.099774027795454,0.04589071165939274,441
h_i,"(4.8, 5.0]",5.0,final_nr,1.8466826762421442,0.2752135855362758,441
h_i,"(4.8, 5.0]",5.0,final_total,3.946456704037598,0.23373616138914569,441
h_i,"(4.8, 5.0]",5.0,final_fR,0.46542587084998366,0.04286147988156252,441
d_b,"(0.999, 1.45]",1.2249999999999999,final_ns,2.10937992967214,0.04243007878324354,882
d_b,"(0.999, 1.45]",1.2249999999999999,final_nr,1.9112563899301411,0.20079345544847682,882
d_b,"(0.999, 1.45]",1.2249999999999999,final_total,4.02063631960228,0.15924479735523467,882
d_b,"(0.999, 1.45]",1.2249999999999999,final_fR,0.47411522807861944,0.03161539504334814,882
d_b,"(1.45, 2.35]",2.125,final_ns,2.098066720430578,0.03869770027262658,882
d_b,"(1.45, 2.35]",2.125,final_nr,1.8903100754339843,0.22351706207959673,882
d_b,"(1.45, 2.35]",2.125,final_total,3.988376795864562,0.18614504222043038,882
d_b,"(1.45, 2.35]",2.125,final_fR,0.4723495356677549,0.03461570346035486,882
d_b,"(2.35, 3.25]",3.025,final_ns,2.092220094332285,0.03917887147145567,882
d_b,"(2.35, 3.25]",3.025,final_nr,1.8794141910761442,0.2353938292410779,882
d_b,"(2.35, 3.25]",3.025,final_total,3.9716342854084297,0.19871385905294536,882
d_b,"(2.35, 3.25]",3.025,final_fR,0.4714037614494394,0.03643268165243875,882
d_b,"(3.25, 4.15]",3.925,final_ns,2.0885073706107136,0.040483684671216554,882
d_b,"(3.25, 4.15]",3.925,final_nr,1.8728049679778713,0.24264016346561787,882
d_b,"(3.25, 4.15]",3.925,final_total,3.9613123385885856,0.20569783434804753,882
d_b,"(3.25, 4.15]",3.925,final_fR,0.4708424151217593,0.037647589191675365,882
d_b,"(4.15, 5.05]",4.824999999999999,final_ns,2.0858636152108647,0.04186613688364873,882
d_b,"(4.15, 5.05]",4.824999999999999,final_nr,1.8683902034023612,0.24751763167206461,882
d_b,"(4.15, 5.05]",4.824999999999999,final_total,3.954253818613226,0.21002253115006236,882
d_b,"(4.15, 5.05]",4.824999999999999,final_fR,0.4704838830419843,0.038521114076171876,882
d_b,"(5.05, 5.95]",5.7250000000000005,final_ns,2.083843095728955,0.04314801321199621,882
d_b,"(5.05, 5.95]",5.7250000000000005,final_nr,1.865242484132978,0.25102650182957686,882
d_b,"(5.05, 5.95]",5.7250000000000005,final_total,3.9490855798619333,0.21290002553301474,882
d_b,"(5.05, 5.95]",5.7250000000000005,final_fR,0.4702429091044663,0.039182881529915184,882
d_b,"(5.95, 6.85]",6.625,final_ns,2.082224194560719,0.04429539878403895,882
d_b,"(5.95, 6.85]",6.625,final_nr,1.8628904287327042,0.2536744086806523,882
d_b,"(5.95, 6.85]",6.625,final_total,3.9451146232934233,0.2149139130203688,882
d_b,"(5.95, 6.85]",6.625,final_fR,0.4700750385275535,0.03970403483232917,882
d_b,"(6.85, 7.75]",7.5249999999999995,final_ns,2.080883391742595,0.04531471192650634,882
d_b,"(6.85, 7.75]",7.5249999999999995,final_nr,1.8610699106913995,0.25574547078771515,882
d_b,"(6.85, 7.75]",7.5249999999999995,final_total,3.9419533024339946,0.2163756623274936,882
d_b,"(6.85, 7.75]",7.5249999999999995,final_fR,0.46995508378160483,0.04012687565519227,882
d_b,"(7.75, 8.65]",8.425000000000002,final_ns,2.079744342258622,0.04622044431944666,882
d_b,"(7.75, 8.65]",8.425000000000002,final_nr,1.859621064284122,0.2574116254427238,882
d_b,"(7.75, 8.65]",8.425000000000002,final_total,3.9393654065427444,0.2174676037162691,882
d_b,"(7.75, 8.65]",8.425000000000002,final_fR,0.4698678906698499,0.0404780629283811,882
d_b,"(8.65, 9.55]",9.324999999999998,final_ns,2.078758322269799,0.04702879133585339,882
d_b,"(8.65, 9.55]",9.324999999999998,final_nr,1.8584424526480328,0.25878236254474785,882
d_b,"(8.65, 9.55]",9.324999999999998,final_total,3.9372007749178315,0.2183010023799692,882
d_b,"(8.65, 9.55]",9.324999999999998,final_fR,0.4698038318231488,0.04077530838003109,882
d_b,"(9.55, 10.0]",10.0,final_ns,2.0780960737284526,0.04760933668804867,441
d_b,"(9.55, 10.0]",10.0,final_nr,1.8576892786571093,0.2598139653310678,441
d_b,"(9.55, 10.0]",10.0,final_total,3.9357853523855617,0.21892779913035482,441
d_b,"(9.55, 10.0]",10.0,final_fR,0.46976663483767334,0.04099467683333509,441
