endpoint,term,standardized_coefficient,std_error,t_statistic,p_value,r_squared,n
delta_fR,intercept,-2.2976123457849253e-17,0.005382217063216158,-4.268895733484188e-15,0.9999999999999967,0.7319277171888674,9261
delta_fR,i,-0.8407010058465612,0.005382217063216168,-156.19975857016001,0.0,0.7319277171888674,9261
delta_fR,h_i,-0.12364105412129897,0.005382217063216106,-22.972141901578777,1.2805966152369167e-113,0.7319277171888674,9261
delta_fR,d_b,-0.029843037751332156,0.005382217063216066,-5.544748084444569,3.0246914494468134e-08,0.7319277171888674,9261
delta_fR,i:h_i,-0.0711830273624813,0.005382217063216113,-13.225595795637847,1.4257028089722966e-39,0.7319277171888674,9261
delta_fR,i:d_b,-0.05962949372928485,0.0053822170632160755,-11.078983442866573,2.390806964364606e-28,0.7319277171888674,9261
delta_fR,h_i:d_b,-0.01868472328130187,0.005382217063216009,-3.471566282415463,0.0005197940180256285,0.7319277171888674,9261
final_fR,intercept,1.782806898260334e-15,0.00538221706321616,3.3124024492520423e-13,0.9999999999997358,0.7319277171888672,9261
final_fR,i,-0.840701005846561,0.005382217063216169,-156.19975857015996,0.0,0.7319277171888672,9261
final_fR,h_i,-0.12364105412129862,0.005382217063216107,-22.97214190157871,1.2805966152386674e-113,0.7319277171888672,9261
final_fR,d_b,-0.029843037751332003,0.005382217063216068,-5.544748084444539,3.024691449447333e-08,0.7319277171888672,9261
final_fR,i:h_i,-0.07118302736248126,0.005382217063216114,-13.225595795637838,1.4257028089724803e-39,0.7319277171888672,9261
final_fR,i:d_b,-0.05962949372928484,0.005382217063216076,-11.07898344286657,2.390806964364674e-28,0.7319277171888672,9261
final_fR,h_i:d_b,-0.01868472328130189,0.0053822170632160105,-3.4715662824154654,0.0005197940180256236,0.7319277171888672,9261
final_H,intercept,3.874759800385818e-15,0.004764952633134247,8.131790804050689e-13,0.9999999999993512,0.7898900251424958,9261
final_H,i,-0.8434519908845876,0.004764952633134255,-177.01162127393235,0.0,0.7898900251424958,9261
final_H,h_i,-0.2059372217907238,0.0047649526331342,-43.21915402866583,0.0,0.7898900251424958,9261
final_H,d_b,-0.08574755071246856,0.004764952633134165,-17.995467597348977,3.4281146013042765e-71,0.7898900251424958,9261
final_H,i:h_i,-0.13030789428254871,0.004764952633134206,-27.347154172409287,2.054869829747325e-158,0.7898900251424958,9261
final_H,i:d_b,-0.10405691091919796,0.004764952633134174,-21.837973833279,3.943842553771419e-103,0.7898900251424958,9261
final_H,h_i:d_b,-0.030132945771328717,0.004764952633134115,-6.323870999638664,2.6688946487663246e-10,0.7898900251424958,9261
final_total,intercept,6.229654237871265e-16,0.0058751887458974835,1.0603326135217864e-13,0.9999999999999154,0.6805718827295362,9261
final_total,i,-0.8106193627694437,0.005875188745897495,-137.97333121178107,0.0,0.6805718827295362,9261
final_total,h_i,-0.05616028828054297,0.005875188745897426,-9.558890907080904,1.4965003737708762e-21,0.6805718827295362,9261
final_total,d_b,-0.10915469132674048,0.005875188745897383,-18.57892504355076,1.1209398582468286e-75,0.6805718827295362,9261
final_total,i:h_i,-0.0709242089031919,0.005875188745897434,-12.071817939928708,2.6460191703114483e-33,0.6805718827295362,9261
final_total,i:d_b,-0.057971158935314654,0.005875188745897393,-9.867114307739568,7.493000770238755e-23,0.6805718827295362,9261
final_total,h_i:d_b,0.0029168711941728294,0.00587518874589732,0.4964727637405178,0.6195726912507837,0.6805718827295362,9261
t_steady_state,intercept,8.640557943124834e-17,0.005595129607484275,1.5442998731551935e-14,0.9999999999999877,0.7102991313466408,9261
t_steady_state,i,0.8161530288072594,0.005595129607484285,145.86847598946378,0.0,0.7102991313466408,9261
t_steady_state,h_i,0.08752093284538247,0.005595129607484221,15.6423423558074,1.8604264927171223e-54,0.7102991313466408,9261
t_steady_state,d_b,0.1404776037868839,0.005595129607484179,25.107122379967336,1.241147494039377e-134,0.7102991313466408,9261
t_steady_state,i:h_i,0.0752927062224985,0.005595129607484228,13.456829690197798,6.795749969825492e-41,0.7102991313466408,9261
t_steady_state,i:d_b,0.10495161100634562,0.00559512960748419,18.75767289929435,4.456464895056227e-77,0.7102991313466408,9261
t_steady_state,h_i:d_b,0.010754617632163286,0.00559512960748412,1.9221391436183652,0.0546189189948757,0.7102991313466408,9261
t_recovery_S_own_final,intercept,4.0997815147304973e-16,0.0056492761268396125,7.2571802522672e-14,0.999999999999942,0.7046648757121311,9261
t_recovery_S_own_final,i,0.8134819500931718,0.005649276126839624,143.99755505459038,0.0,0.7046648757121311,9261
t_recovery_S_own_final,h_i,0.07370634692683324,0.005649276126839558,13.047042713429493,1.4446418406844282e-38,0.7046648757121311,9261
t_recovery_S_own_final,d_b,0.14183576222281954,0.005649276126839516,25.106891403123797,1.2479151005651737e-134,0.7046648757121311,9261
t_recovery_S_own_final,i:h_i,0.08191840074809723,0.005649276126839566,14.500689806770996,3.9340456782103144e-47,0.7046648757121311,9261
t_recovery_S_own_final,i:d_b,0.10259822451427009,0.005649276126839527,18.161304600925643,1.8776090743670008e-72,0.7046648757121311,9261
t_recovery_S_own_final,h_i:d_b,0.01117870777466651,0.005649276126839456,1.978785869849231,0.04786971959865277,0.7046648757121311,9261
peak_loss_total,intercept,2.3042350738738144e-16,0.005831745704358613,3.951192645714374e-14,0.9999999999999685,0.6852783268353362,9261
peak_loss_total,i,0.811759230996873,0.0058317457043586245,139.1966097544629,0.0,0.6852783268353362,9261
peak_loss_total,h_i,0.06324044925030117,0.005831745704358557,10.844171274998537,3.0980319762563153e-27,0.6852783268353362,9261
peak_loss_total,d_b,0.10771600401744325,0.005831745704358514,18.470627746497716,7.800737086662764e-75,0.6852783268353362,9261
peak_loss_total,i:h_i,0.0663505787285814,0.005831745704358565,11.37748147677151,8.537156820000515e-30,0.6852783268353362,9261
peak_loss_total,i:d_b,0.07929510942762388,0.005831745704358524,13.597147997787419,1.0459813316000322e-41,0.6852783268353362,9261
peak_loss_total,h_i:d_b,0.00575083533777493,0.005831745704358452,0.986125875392157,0.3240971293527223,0.6852783268353362,9261
