parameter,level,value,antibiotic_clearance_time_a_le_0p1,antibiotic_AUC,free_Bla_AUC,min_total,final_total,final_fR,peak_loss_total
i,low,0.1,6.0,5.950162482519623,23.195062763849656,0.33842597259594853,4.1869511802324535,0.5059632166800327,0.15393506851012873
i,middle,1.0,8.6,8.741680789771133,1.5638024527157783,0.3044974659459373,4.0819197467162285,0.4864921071657794,0.23875633513515682
i,high,10.0,15.5,16.105515929426826,1.3421793606501928,0.235944903502736,3.832301046908375,0.4325550753083803,0.41013774124316016
h_i,low,1.0,8.6,8.741680789771133,1.5638024527157783,0.3044974659459373,4.0819197467162285,0.4864921071657794,0.23875633513515682
h_i,middle,2.0,8.6,8.741680789771133,1.5638024527157783,0.3044974659459373,4.0819197467162285,0.4864921071657794,0.23875633513515682
h_i,high,5.0,8.6,8.741680789771133,1.5638024527157783,0.3044974659459373,4.0819197467162285,0.4864921071657794,0.23875633513515682
d_b,low,1.0,8.6,8.741680789771133,1.5638024527157783,0.3044974659459373,4.0819197467162285,0.4864921071657794,0.23875633513515682
d_b,middle,5.5,10.200000000000001,10.756732407207657,0.35510568181556335,0.29151479840547123,4.004631718025224,0.49097492509127005,0.271213003986322
d_b,high,10.0,10.5,11.24316523458046,0.20282535376616176,0.28692975327079173,3.989858514121712,0.49203930473605545,0.28267561682302067
