endpoint,column,min,median,max,finite_fraction
Change in resistant fraction,delta_fR,-0.0927543830353638,-0.0090250749087318,0.0085065181050037,1.0
Final resistant fraction,final_fR,0.4072456169646362,0.4909749250912681,0.5085065181050037,1.0
Final Shannon diversity,final_H,0.675840354541283,0.6929842677586764,0.6931471801904308,1.0
Minimum Shannon diversity,min_H,0.675840354541283,0.691279168772749,0.6927514679222078,1.0
Final total population,final_total,3.635692674467575,4.010396106027761,4.188397473743424,1.0
Time to steady state,t_steady_state,9.0,12.0,22.0,1.0
Sensitive recovery time,t_recovery_S_own_final,7.0,10.0,20.0,1.0
Peak total population loss,peak_loss_total,0.1422856815931608,0.2693214938877966,0.5689952607123454,1.0
Final susceptible population,final_ns,2.018121688707865,2.0680848279874304,2.1775958103955984,1.0
Final resistant population,final_nr,1.4806199063073555,1.9661737577758305,2.120276995876446,1.0
