check,i,h_i,d_b,max_normalized_error,within_tolerance,solver_success_raw,solver_success_log
0,5.160448035142177,4.185761489575054,9.885218660300387,0.631250924959638,True,True,True
1,8.421780729368638,4.187905107628415,8.739248122180015,0.4787025199987183,True,True,True
2,1.69011912869919,1.7824390661151464,6.7902073021706295,0.3762384530979663,True,True,True
3,4.8243985715356645,1.4308443367920338,3.5248239674524533,0.07925100477263743,True,True,True
4,4.567033650224652,4.449227961301032,5.633248737793896,0.358022989069492,True,True,True
5,9.1571108446887,4.944653419201954,2.6391007619507034,0.05563319473026694,True,True,True
6,9.724021470843146,4.652412983767585,1.7913521109268649,0.14027126754619948,True,True,True
7,0.35148330360501445,1.2497548434767456,5.922467338781255,0.044766345453548906,True,True,True
8,7.155690541726456,4.6036263235197366,2.8606111494543187,0.03572191579403643,True,True,True
9,2.6402792825709365,3.8652402697970345,7.2745814978414725,0.1026934864481182,True,True,True
10,6.300496997396569,1.4174673373026283,2.6490845241182073,0.07949432148017803,True,True,True
11,0.41947221011880437,1.976170283593166,6.591616515129398,0.019784019104114692,True,True,True
