initial_fR,initial_H,final_ns,final_nr,final_total,final_fR,delta_fR,final_log_ratio,delta_log_ratio,final_H,delta_H,min_total,peak_loss,peak_loss_time,auc_total,auc_a,auc_b,peak_a,peak_b,time_peak_b,time_to_ss,time_to_recovery,resistant_extinct,susceptible_extinct,community_collapsed,susceptible_recovered,selection_direction,outcome,solver_success,iota,beta,phi,effective_db_iota,alpha,beta_min,xi,d_a,kappa_b,d_b,gamma,h_a,i,h_i,phi_max,c,target_iota,matched_group
0.5,0.6931471805599453,2.0722419513757804,2.100613649826849,4.172855601202629,0.5033995543055566,0.003399554305556607,0.013598426766946767,0.013598426766946767,0.6931240664429044,-2.3114117040923254e-05,0.3352153504238613,0.16196162394034674,2.0,1229.2018473319586,6.362920009939284,5.588373330557468,2.15,0.40615097752569085,5.0,59.0,,False,False,False,False,resistant-enriched,mixed,True,0.1,0.907,0.93,0.1,0.95,0.9,0.8,0.02,0.35,1.0,1.38,3.0,0.11111111111111112,1.0,1.0,0.7,0.1,iota_0.1
0.5,0.6931471805599453,2.0722419513757644,2.100613649826836,4.172855601202601,0.5033995543055569,0.00339955430555694,0.013598426766948519,0.013598426766948519,0.6931240664429044,-2.3114117040923254e-05,0.33521535042385986,0.1619616239403504,2.0,1229.20184733195,6.362920009939284,5.588373330557481,2.15,0.4061509775256865,5.0,59.0,,False,False,False,False,resistant-enriched,mixed,True,0.10000000000000002,0.907,0.9299999999999999,0.10000000000000002,0.95,0.9,0.8,0.02,0.35,1.0,1.38,3.0,0.33333333333333337,2.0,1.0,0.7,0.1,iota_0.1
0.5,0.6931471805599453,2.0722419513758097,2.1006136498268724,4.1728556012026825,0.5033995543055558,0.0033995543055558297,0.01359842676694392,0.01359842676694392,0.6931240664429044,-2.3114117040923254e-05,0.3352153504238676,0.1619616239403311,2.0,1229.201847331975,6.362920009939222,5.588373330557456,2.15,0.40615097752569707,5.0,59.0,,False,False,False,False,resistant-enriched,mixed,True,0.09999999999999999,0.907,0.93,0.09999999999999999,0.95,0.9,0.8,0.02,0.35,1.0,1.38,3.0,0.6443940149772542,5.0,1.0,0.7,0.1,iota_0.1
0.5,0.6931471805599453,2.096098007850193,1.9858217388575845,4.0819197467077775,0.48649210716580715,-0.013507892834192847,-0.05404472212509797,-0.05404472212509797,0.6927822098189301,-0.00036497074101515814,0.3079105564865327,0.23022360878366832,2.0,1196.7551619938977,8.768447369565557,1.5484362658035131,2.15,0.20499869561068434,3.0,19.0,,False,False,False,False,susceptible-enriched,mixed,True,0.5,0.935,0.65,0.5,0.95,0.9,0.8,0.02,0.35,1.0,1.38,3.0,1.0,1.0,1.0,0.7,0.5,iota_0.5
0.5,0.6931471805599453,2.096098007850193,1.9858217388575845,4.0819197467077775,0.48649210716580715,-0.013507892834192847,-0.05404472212509797,-0.05404472212509797,0.6927822098189301,-0.00036497074101515814,0.3079105564865327,0.23022360878366832,2.0,1196.7551619938977,8.768447369565557,1.5484362658035131,2.15,0.20499869561068434,3.0,19.0,,False,False,False,False,susceptible-enriched,mixed,True,0.5,0.935,0.65,0.5,0.95,0.9,0.8,0.02,0.35,1.0,1.38,3.0,1.0,2.0,1.0,0.7,0.5,iota_0.5
0.5,0.6931471805599453,2.096098007850193,1.9858217388575845,4.0819197467077775,0.48649210716580715,-0.013507892834192847,-0.05404472212509797,-0.05404472212509797,0.6927822098189301,-0.00036497074101515814,0.3079105564865327,0.23022360878366832,2.0,1196.7551619938977,8.768447369565557,1.5484362658035131,2.15,0.20499869561068434,3.0,19.0,,False,False,False,False,susceptible-enriched,mixed,True,0.5,0.935,0.65,0.5,0.95,0.9,0.8,0.02,0.35,1.0,1.38,3.0,1.0,5.0,1.0,0.7,0.5,iota_0.5
0.5,0.6931471805599453,2.1513604055462348,1.7480722043560506,3.899432609902285,0.44828886128637446,-0.05171113871362554,-0.20758680558534556,-0.20758680558534556,0.6877895217997436,-0.005357658760201667,0.2533398880219121,0.3666502799452198,4.0,1131.4107238305392,13.979427917937246,1.3090164896968273,2.15,0.1358979738685,2.0,22.0,13.0,False,False,False,True,susceptible-enriched,mixed,True,0.9,0.963,0.37,0.9,0.95,0.9,0.8,0.02,0.35,1.0,1.38,3.0,9.000000000000002,1.0,1.0,0.7,0.9,iota_0.9
0.5,0.6931471805599453,2.1513604055462348,1.7480722043560506,3.899432609902285,0.44828886128637446,-0.05171113871362554,-0.20758680558534556,-0.20758680558534556,0.6877895217997436,-0.005357658760201667,0.2533398880219121,0.3666502799452198,4.0,1131.4107238305392,13.979427917937246,1.3090164896968273,2.15,0.1358979738685,2.0,22.0,13.0,False,False,False,True,susceptible-enriched,mixed,True,0.9,0.963,0.37,0.9,0.95,0.9,0.8,0.02,0.35,1.0,1.38,3.0,3.0000000000000004,2.0,1.0,0.7,0.9,iota_0.9
0.5,0.6931471805599453,2.1513604055462348,1.7480722043560506,3.899432609902285,0.44828886128637446,-0.05171113871362554,-0.20758680558534556,-0.20758680558534556,0.6877895217997436,-0.005357658760201667,0.2533398880219121,0.3666502799452198,4.0,1131.4107238305392,13.979427917937246,1.3090164896968273,2.15,0.1358979738685,2.0,22.0,13.0,False,False,False,True,susceptible-enriched,mixed,True,0.9,0.963,0.37,0.9,0.95,0.9,0.8,0.02,0.35,1.0,1.38,3.0,1.5518455739153598,5.0,1.0,0.7,0.9,iota_0.9
