initial_fR,initial_H,final_ns,final_nr,final_total,final_fR,delta_fR,final_log_ratio,delta_log_ratio,final_H,delta_H,min_total,peak_loss,peak_loss_time,auc_total,auc_a,auc_b,peak_a,peak_b,time_peak_b,time_to_ss,time_to_recovery,resistant_extinct,susceptible_extinct,community_collapsed,susceptible_recovered,selection_direction,outcome,solver_success,iota,beta,phi,effective_db_iota,alpha,beta_min,xi,d_a,kappa_b,d_b,gamma,h_a,i,h_i,phi_max,c,a0,regime
0.05,0.19851524334587262,3.053835376776011,0.07559720305945988,3.129432579835471,0.02415684029960293,-0.025843159700397078,-3.698734294259,-0.7542953150925591,0.11380313616755637,-0.08471210717831622,0.040397987445928436,0.899005031385179,20.0,812.42567477536,79.34957952718275,0.020425940584746404,2.1499999999999995,0.0016008811278616507,1.0,164.0,,False,False,False,False,susceptible-enriched,susceptible-dominant,True,0.999990000099999,0.969999300007,0.3000069999300007,9.99990000099999,0.95,0.9,0.8,0.02,0.35,10.0,1.38,3.0,10.0,5.0,1.0,0.7,2.15,most_susceptible_enriched
0.1,0.32508297339144826,3.008102202224166,0.16582805549558116,3.1739302577197472,0.0522469121973453,-0.04775308780265472,-2.8981132200290034,-0.7008886426927843,0.20507873350083872,-0.12000423989060954,0.05226083984145023,0.8693479003963744,18.0,834.4827880780722,66.32950185025881,0.04149703228274858,2.1500000000000004,0.00319891482960277,1.0,120.0,,False,False,False,False,susceptible-enriched,susceptible-dominant,True,0.999990000099999,0.969999300007,0.3000069999300007,9.99990000099999,0.95,0.9,0.8,0.02,0.35,10.0,1.38,3.0,10.0,5.0,1.0,0.7,2.15,most_susceptible_enriched
0.15,0.42270908780599087,2.9518773272308163,0.2728102987459739,3.2246876259767903,0.08460053511798277,-0.06539946488201723,-2.3814199517826884,-0.6468188963945822,0.2898641375970679,-0.132844950208923,0.06600303978332556,0.8349924005416861,17.0,858.6326755251562,57.30067468146142,0.06262405877603283,2.15,0.0047940191659748,1.0,95.0,,False,False,False,False,susceptible-enriched,susceptible-dominant,True,0.999990000099999,0.969999300007,0.3000069999300007,9.99990000099999,0.95,0.9,0.8,0.02,0.35,10.0,1.38,3.0,10.0,5.0,1.0,0.7,2.15,most_susceptible_enriched
0.2,0.5004024235381879,2.883440076362687,0.39793678581275715,3.281376862175444,0.12127128413678709,-0.07872871586321292,-1.9804461682228978,-0.5941518071030076,0.3694503070585615,-0.13095211647962646,0.08125874048645643,0.7968531487838589,15.0,884.4287006573733,50.07706564877435,0.08306636553500692,2.15,0.0063861117370085495,1.0,78.0,,False,False,False,False,susceptible-enriched,susceptible-dominant,True,0.999990000099999,0.969999300007,0.3000069999300007,9.99990000099999,0.95,0.9,0.8,0.02,0.35,10.0,1.38,3.0,10.0,5.0,1.0,0.7,2.15,most_susceptible_enriched
0.25,0.5623351446188083,2.800969791013424,0.5414206483922981,3.342390439405722,0.1619860570474115,-0.08801394295258849,-1.643524474792127,-0.5449121861240176,0.44294858960272065,-0.11938655501608764,0.09750786803561179,0.7562303299109705,13.0,911.0529118259706,44.023930845388996,0.10206526387549272,2.1500000000000004,0.007975107295918389,1.0,65.0,,False,False,False,False,susceptible-enriched,susceptible-dominant,True,0.999990000099999,0.969999300007,0.3000069999300007,9.99990000099999,0.95,0.9,0.8,0.02,0.35,10.0,1.38,3.0,10.0,5.0,1.0,0.7,2.15,most_susceptible_enriched
0.3,0.6108643020548935,2.703050324444288,0.7022577577030762,3.4053080821473642,0.20622444159596778,-0.0937755584040322,-1.3478356512512129,-0.5005377908640094,0.5089111842719144,-0.10195311778297911,0.11385100613386848,0.7153724846653288,12.0,937.5338627067705,38.90779181157775,0.1191018065132542,2.15,0.009560920164398612,1.0,56.0,,False,False,False,False,susceptible-enriched,mixed,True,0.999990000099999,0.969999300007,0.3000069999300007,9.99990000099999,0.95,0.9,0.8,0.02,0.35,10.0,1.38,3.0,10.0,5.0,1.0,0.7,2.15,most_susceptible_enriched
0.35,0.6474466390346324,2.5890462282502993,0.8786227175364691,3.4676689457867687,0.2533756051320871,-0.0966243948679128,-1.0806892475063605,-0.461650039100137,0.5660133304666473,-0.08143330856798514,0.13007974443211417,0.6748006389197145,11.0,963.0157143116576,34.596191191589135,0.13391320585387628,2.15,0.011143462353617751,1.0,48.0,,False,False,False,False,susceptible-enriched,mixed,True,0.999990000099999,0.969999300007,0.3000069999300007,9.99990000099999,0.95,0.9,0.8,0.02,0.35,10.0,1.38,3.0,10.0,5.0,1.0,0.7,2.15,most_susceptible_enriched
0.39999999999999997,0.6730116670092563,2.459141247421648,1.0684074049704329,3.5275486523920807,0.3028753137808406,-0.09712468621915937,-0.833643069458738,-0.42817796135057323,0.6132809006230564,-0.05973076638620001,0.14541496913453758,0.6364625771636561,9.0,986.9140091269749,30.974969575170267,0.14660627474742954,2.15,0.012722644390549993,1.0,43.0,,False,False,False,False,susceptible-enriched,mixed,True,0.999990000099999,0.969999300007,0.3000069999300007,9.99990000099999,0.95,0.9,0.8,0.02,0.35,10.0,1.38,3.0,10.0,5.0,1.0,0.7,2.15,most_susceptible_enriched
0.44999999999999996,0.6881388137135884,2.314120081059662,1.269628367863025,3.583748448922687,0.35427385207371037,-0.09572614792628958,-0.6003052867913646,-0.3996345913292134,0.6500522510693956,-0.038086562644192856,0.1596217756513357,0.6009455608716607,9.0,1008.9273419558567,27.934677623168984,0.15728590998204323,2.15,0.014298375259982248,1.0,38.0,23.0,False,False,False,True,susceptible-enriched,mixed,True,0.999990000099999,0.969999300007,0.3000069999300007,9.99990000099999,0.95,0.9,0.8,0.02,0.35,10.0,1.38,3.0,10.0,5.0,1.0,0.7,2.15,most_susceptible_enriched
0.49999999999999994,0.6931471805599453,2.1550727681601844,1.4806199063073409,3.635692674467525,0.4072456169646377,-0.09275438303536226,-0.3753636344197437,-0.3753636344197436,0.6758403545412837,-0.017306826018661625,0.17240189571505996,0.5689952607123501,8.0,1028.9776290098625,25.374661561751285,0.16620851267821876,2.1500000000000004,0.015870562204948292,1.0,34.0,21.0,False,False,False,True,susceptible-enriched,mixed,True,0.999990000099999,0.969999300007,0.3000069999300007,9.99990000099999,0.95,0.9,0.8,0.02,0.35,10.0,1.38,3.0,10.0,5.0,1.0,0.7,2.15,most_susceptible_enriched
0.5499999999999999,0.6881388137135884,1.983174818198894,1.7000763506749588,3.683251168873853,0.46156948650199,-0.08843051349800995,-0.1540258418827816,-0.3546965373449321,0.6901904566014743,0.0020516428878858406,0.18426971347530094,0.5393257163117477,7.0,1047.11096375697,23.20759539010463,0.17376682283760886,2.15,0.01743911082511543,1.0,31.0,19.0,False,False,False,True,susceptible-enriched,mixed,True,0.999990000099999,0.969999300007,0.3000069999300007,9.99990000099999,0.95,0.9,0.8,0.02,0.35,10.0,1.38,3.0,10.0,5.0,1.0,0.7,2.15,most_susceptible_enriched
0.6,0.6730116670092565,1.7995519604912957,1.9270191383997315,3.7265710988910272,0.5171024749730883,-0.08289752502691172,0.06843659800958231,-0.3370285100985821,0.6925620771352903,0.019550410126033757,0.19599003125147263,0.5100249218713184,7.0,1063.4749152563406,21.36065340904847,0.1800608343159709,2.15,0.019003925039620742,1.0,29.0,18.0,False,False,False,True,susceptible-enriched,mixed,True,0.999990000099999,0.969999300007,0.3000069999300007,9.99990000099999,0.95,0.9,0.8,0.02,0.35,10.0,1.38,3.0,10.0,5.0,1.0,0.7,2.15,most_susceptible_enriched
0.65,0.6474466390346325,1.60519209057349,2.1607179857346748,3.765910076308165,0.5737571906796276,-0.07624280932037242,0.2971971352453628,-0.32184207316086105,0.6822271267599167,0.034780487725284304,0.20512461597734793,0.4871884600566302,6.0,1078.2200838691326,19.774722956667382,0.18535145328687588,2.15,0.020564907074751594,1.0,26.0,17.0,False,False,False,True,susceptible-enriched,mixed,True,0.999990000099999,0.969999300007,0.3000069999300007,9.99990000099999,0.95,0.9,0.8,0.02,0.35,10.0,1.38,3.0,10.0,5.0,1.0,0.7,2.15,most_susceptible_enriched
0.7,0.6108643020548936,1.4009659047141332,2.4006710696040647,3.801636974318198,0.6314835124504784,-0.06851648754952144,0.53858637993843,-0.3087114804487737,0.6581614070596591,0.047297105004765694,0.21494304233857453,0.4626423941535637,6.0,1091.522749424705,18.402527760012887,0.1898264238607728,2.15,0.0221219574517717,1.0,25.0,16.0,False,False,False,True,susceptible-enriched,mixed,True,0.999990000099999,0.969999300007,0.3000069999300007,9.99990000099999,0.95,0.9,0.8,0.02,0.35,10.0,1.38,3.0,10.0,5.0,1.0,0.7,2.15,most_susceptible_enriched
0.75,0.5623351446188082,1.187583673742748,2.646516112062414,3.8340997858051624,0.6902574945650886,-0.05974250543491155,0.8013233838182869,-0.29728890484982284,0.6188944830437104,0.05655933842490213,0.22276081470756787,0.4430979632310804,5.0,1103.5476728464623,17.206330341286765,0.19360895834160388,2.15,0.023674974974149242,1.0,23.0,15.0,False,False,False,True,susceptible-enriched,mixed,True,0.999990000099999,0.969999300007,0.3000069999300007,9.99990000099999,0.95,0.9,0.8,0.02,0.35,10.0,1.38,3.0,10.0,5.0,1.0,0.7,2.15,most_susceptible_enriched
0.7999999999999999,0.500402423538188,0.9656298738285269,2.898016385617971,3.863646259446498,0.7500729080806527,-0.04992709191934719,1.0990011695732387,-0.2872931915466519,0.5622550327296394,0.061852609191451524,0.2300865002628875,0.4247837493427813,5.0,1114.4474696385046,16.156102833237398,0.1968065375027496,2.15,0.025223856709720934,1.0,22.0,14.0,False,False,False,True,susceptible-enriched,mixed,True,0.999990000099999,0.969999300007,0.3000069999300007,9.99990000099999,0.95,0.9,0.8,0.02,0.35,10.0,1.38,3.0,10.0,5.0,1.0,0.7,2.15,most_susceptible_enriched
0.85,0.4227090878059909,0.7355694041038908,3.1550206004719756,3.8905900045758663,0.8109362838955633,-0.03906371610443671,1.4561054056729585,-0.2784956497151472,0.48486249185306307,0.062153404047071925,0.23795948742624,0.40510128143440005,5.0,1124.338599671228,15.227830757212114,0.1995533494823829,2.15,0.026768497982758592,1.0,20.0,14.0,False,False,False,True,susceptible-enriched,resistant-dominant,True,0.999990000099999,0.969999300007,0.3000069999300007,9.99990000099999,0.95,0.9,0.8,0.02,0.35,10.0,1.38,3.0,10.0,5.0,1.0,0.7,2.15,most_susceptible_enriched
0.9,0.3250829733914482,0.4977691062573361,3.417447538988848,3.915216645246184,0.8728629469682802,-0.02713705303171987,1.9265128903261652,-0.27071168701005477,0.3809078978431126,0.05582492445166459,0.2442435723252279,0.38939106918693034,4.0,1133.3585654638896,14.402065389633513,0.20189597531743353,2.15,0.028308792413652386,1.0,19.0,13.0,False,False,False,True,susceptible-enriched,resistant-dominant,True,0.999990000099999,0.969999300007,0.3000069999300007,9.99990000099999,0.95,0.9,0.8,0.02,0.35,10.0,1.38,3.0,10.0,5.0,1.0,0.7,2.15,most_susceptible_enriched
0.95,0.19851524334587267,0.25251015796078885,3.685272196908102,3.937782354868891,0.935875034421704,-0.0141249655782959,2.6806481906310022,-0.26379078853543714,0.23816979460278603,0.03965455125691336,0.24929626393634988,0.3767593401591254,4.0,1141.5919420614805,13.663310969645714,0.20389392361267422,2.1499999999999995,0.02984463185235177,1.0,18.0,13.0,False,False,False,True,susceptible-enriched,resistant-dominant,True,0.999990000099999,0.969999300007,0.3000069999300007,9.99990000099999,0.95,0.9,0.8,0.02,0.35,10.0,1.38,3.0,10.0,5.0,1.0,0.7,2.15,most_susceptible_enriched
0.05,0.19851524334587262,3.256207065471314,0.28304518950804824,3.5392522549793624,0.07997316074598325,0.02997316074598324,-2.4427117550106656,0.5017272241557746,0.27870381610195644,0.08018857275608385,0.11878543422152646,0.7030364144461838,11.0,984.8210328220106,34.138246217665184,1.4119303270963959,2.15,0.08046219626152942,24.0,49.0,,False,False,False,False,resistant-enriched,susceptible-dominant,True,0.20076000891310175,0.9140532006239172,0.8594679937608287,0.20076000891310175,0.95,0.9,0.8,0.02,0.35,1.0,1.38,3.0,0.251188643150958,1.0,1.0,0.7,2.15,near_neutral
0.1,0.32508297339144826,3.254033055243187,0.4789232319992938,3.732956287242481,0.12829596575669316,0.028295965756693145,-1.9161101287269762,0.2811144486092434,0.3831345224185063,0.05805154902705806,0.18295163094614741,0.5426209226346315,7.0,1065.7668353573238,22.004058420004455,1.8888766614626504,2.1499999999999995,0.11524136875045496,16.0,40.0,,False,False,False,False,resistant-enriched,susceptible-dominant,True,0.20076000891310175,0.9140532006239172,0.8594679937608287,0.20076000891310175,0.95,0.9,0.8,0.02,0.35,1.0,1.38,3.0,0.251188643150958,1.0,1.0,0.7,2.15,near_neutral
0.15,0.42270908780599087,3.183627194350505,0.6733563903273233,3.8569835846778284,0.17458108792640048,0.024581087926400486,-1.5535017087063159,0.18109934668179073,0.4630762677111885,0.040367179905197725,0.22375424578180597,0.44061438554548515,5.0,1113.5317229195362,16.558401091990472,2.1690646498346338,2.15,0.14826593286490555,12.0,38.0,,False,False,False,False,resistant-enriched,susceptible-dominant,True,0.20076000891310175,0.9140532006239172,0.8594679937608287,0.20076000891310175,0.95,0.9,0.8,0.02,0.35,1.0,1.38,3.0,0.251188643150958,1.0,1.0,0.7,2.15,near_neutral
0.2,0.5004024235381879,3.0716164863244177,0.8691296166219584,3.940746102946376,0.22054950862531758,0.02054950862531757,-1.2624669745734927,0.12382738654639835,0.527602576709458,0.027200153171270114,0.25199952138745385,0.37000119653136554,4.0,1144.8337057246385,13.455046171430824,2.367576578851944,2.15,0.18005380928928227,9.0,37.0,,False,False,False,False,resistant-enriched,mixed,True,0.20076000891310175,0.9140532006239172,0.8594679937608287,0.20076000891310175,0.95,0.9,0.8,0.02,0.35,1.0,1.38,3.0,0.251188643150958,1.0,1.0,0.7,2.15,near_neutral
0.25,0.5623351446188083,2.9345562257646858,1.0663945668728192,4.000950792637505,0.2665352867711305,0.016535286771130475,-1.0122728460475225,0.08633944262058701,0.579782223258974,0.017447078640165703,0.2744610384037609,0.31384740399059774,3.0,1166.9999102403528,11.431507106583645,2.5216192516194207,2.15,0.21191876615716806,8.0,36.0,,False,False,False,False,resistant-enriched,mixed,True,0.20076000891310175,0.9140532006239172,0.8594679937608287,0.20076000891310175,0.95,0.9,0.8,0.02,0.35,1.0,1.38,3.0,0.251188643150958,1.0,1.0,0.7,2.15,near_neutral
0.3,0.6108643020548935,2.781204434632444,1.265222997245597,4.046427431878041,0.31267655692477786,0.012676556924777871,-0.787635694693554,0.05966216569364946,0.6212255096230042,0.010361207568110653,0.2887262244932963,0.27818443876675913,3.0,1183.5984391304178,9.996531183402375,2.6475358273511276,2.1500000000000004,0.24043677418417175,7.0,35.0,,False,False,False,False,resistant-enriched,mixed,True,0.20076000891310175,0.9140532006239172,0.8594679937608287,0.20076000891310175,0.95,0.9,0.8,0.02,0.35,1.0,1.38,3.0,0.251188643150958,1.0,1.0,0.7,2.15,near_neutral
0.35,0.6474466390346324,2.6164031880167897,1.4656973339505048,4.082100521967295,0.3590546891393401,0.009054689139340155,-0.5794694204891353,0.039569787917088206,0.6528723568108841,0.005425717776251671,0.3047574536977793,0.23810636575555177,3.0,1196.552079009654,8.919491408929414,2.753921135771598,2.1499999999999995,0.2677531396780621,6.0,35.0,,False,False,False,False,resistant-enriched,mixed,True,0.20076000891310175,0.9140532006239172,0.8594679937608287,0.20076000891310175,0.95,0.9,0.8,0.02,0.35,1.0,1.38,3.0,0.251188643150958,1.0,1.0,0.7,2.15,near_neutral
0.39999999999999997,0.6730116670092563,2.443013539862073,1.6679102795325715,4.110923819394644,0.4057263896897463,0.005726389689746314,-0.38166082132892676,0.023804286779238015,0.6752653093797656,0.002253642370509179,0.3132504991577007,0.21687375210574833,2.0,1206.965847102789,8.077509787749042,2.8458603765713772,2.15,0.29146350012933453,5.0,35.0,,False,False,False,False,resistant-enriched,mixed,True,0.20076000891310175,0.9140532006239172,0.8594679937608287,0.20076000891310175,0.95,0.9,0.8,0.02,0.35,1.0,1.38,3.0,0.251188643150958,1.0,1.0,0.7,2.15,near_neutral
0.44999999999999996,0.6881388137135884,2.2628064419914646,1.871949822797171,4.134756264788636,0.4527352286127712,0.0027352286127712566,-0.1896252577595405,0.011045437702610739,0.6886725853381364,0.0005337716245479296,0.32028360736792555,0.1992909815801862,2.0,1215.556344144669,7.398802908926822,2.926625579661665,2.15,0.31387882928726063,5.0,35.0,,False,False,False,False,resistant-enriched,mixed,True,0.20076000891310175,0.9140532006239172,0.8594679937608287,0.20076000891310175,0.95,0.9,0.8,0.02,0.35,1.0,1.38,3.0,0.251188643150958,1.0,1.0,0.7,2.15,near_neutral
0.49999999999999994,0.6931471805599453,2.076933103061517,2.0779030873342283,4.154836190395745,0.5001167295445912,0.00011672954459124307,0.0004669181868474554,0.0004669181868474554,0.693147153308372,-2.7251573331277257e-08,0.3277391142041709,0.1806522144895728,2.0,1222.7622381282588,6.8385356783884435,2.998460743237927,2.15,0.33134799759264516,4.0,34.0,,False,False,False,False,neutral,mixed,True,0.20076000891310175,0.9140532006239172,0.8594679937608287,0.20076000891310175,0.95,0.9,0.8,0.02,0.35,1.0,1.38,3.0,0.251188643150958,1.0,1.0,0.7,2.15,near_neutral
0.5499999999999999,0.6881388137135884,1.8861632832856994,2.2858534595087865,4.172016742794486,0.5479013149831427,-0.0020986850168572824,0.19219470289864174,-0.00847599256350931,0.6885510628460897,0.0004122491325012634,0.33563756645514187,0.16090608386214533,2.0,1228.9274538835075,6.367132785931413,3.0629816579347184,2.15,0.3528366641361049,4.0,34.0,,False,False,False,False,susceptible-enriched,mixed,True,0.20076000891310175,0.9140532006239172,0.8594679937608287,0.20076000891310175,0.95,0.9,0.8,0.02,0.35,1.0,1.38,3.0,0.251188643150958,1.0,1.0,0.7,2.15,near_neutral
0.6,0.6730116670092565,1.6910288291111635,2.495884882386821,4.186913711497985,0.5961156723943682,-0.003884327605631732,0.3893062102760962,-0.01615889783206792,0.6745552265195599,0.0015435595103033828,0.3439983603781668,0.1400040990545831,2.0,1234.2620544033884,5.964319075166523,3.1213934369092864,2.15,0.3703109068494516,4.0,34.0,,False,False,False,False,susceptible-enriched,mixed,True,0.20076000891310175,0.9140532006239172,0.8594679937608287,0.20076000891310175,0.95,0.9,0.8,0.02,0.35,1.0,1.38,3.0,0.251188643150958,1.0,1.0,0.7,2.15,near_neutral
0.65,0.6474466390346325,1.4918935593274225,2.7080733601266513,4.199966919454074,0.6447844499876814,-0.005215550012318659,0.5961912865299429,-0.022847921876280708,0.6506156198618674,0.003168980827234935,0.3508224189213104,0.12294395269672409,1.0,1238.9191590401367,5.615633782764001,3.1746214074669785,2.15,0.38378421409172464,4.0,34.0,,False,False,False,False,susceptible-enriched,mixed,True,0.20076000891310175,0.9140532006239172,0.8594679937608287,0.20076000891310175,0.95,0.9,0.8,0.02,0.35,1.0,1.38,3.0,0.251188643150958,1.0,1.0,0.7,2.15,near_neutral
0.7,0.6108643020548936,1.289015665350597,2.9224960595071017,4.211511724857699,0.6939304103696514,-0.0060695896303484265,0.8185591890468538,-0.028738671340349575,0.6159196718253288,0.005055369770435303,0.35283811056887576,0.11790472357781068,1.0,1243.0299419044236,5.310479655340922,3.223396522238685,2.15,0.39390698144019504,3.0,34.0,,False,False,False,False,susceptible-enriched,mixed,True,0.20076000891310175,0.9140532006239172,0.8594679937608287,0.20076000891310175,0.95,0.9,0.8,0.02,0.35,1.0,1.38,3.0,0.251188643150958,1.0,1.0,0.7,2.15,near_neutral
0.75,0.5623351446188082,1.0825753026804072,3.139229399984033,4.22180470266444,0.7435752293332805,-0.006424770666719648,1.064634613631272,-0.033977675036837685,0.5692840221504094,0.006948877531601116,0.3548873859590078,0.11278153510248046,1.0,1246.6938330649243,5.040934949981386,3.2683051340093936,2.15,0.4116499612463827,3.0,34.0,,False,False,False,False,susceptible-enriched,mixed,True,0.20076000891310175,0.9140532006239172,0.8594679937608287,0.20076000891310175,0.95,0.9,0.8,0.02,0.35,1.0,1.38,3.0,0.251188643150958,1.0,1.0,0.7,2.15,near_neutral
0.7999999999999999,0.500402423538188,0.8726977779097338,3.3583532232123043,4.231051001122038,0.7937397167563562,-0.006260283243643694,1.3476167127324847,-0.038677648387405617,0.5089594889988089,0.00855706546062096,0.3569707287019774,0.10757317824505663,1.0,1249.9839758716507,4.800916140483582,3.30982938549744,2.15,0.4272142035731028,3.0,34.0,,False,False,False,False,susceptible-enriched,mixed,True,0.20076000891310175,0.9140532006239172,0.8594679937608287,0.20076000891310175,0.95,0.9,0.8,0.02,0.35,1.0,1.38,3.0,0.251188643150958,1.0,1.0,0.7,2.15,near_neutral
0.85,0.4227090878059909,0.6594636084494144,3.57994199660471,4.239405605054125,0.8444443231232188,-0.005555676876781157,1.6916750870793291,-0.04292596830877704,0.43222613694002954,0.009517049134038391,0.3590885894688823,0.10227852632779433,1.0,1252.9533591606496,4.585678508359687,3.348361689936927,2.1500000000000004,0.4406152033409027,3.0,34.0,,False,False,False,False,susceptible-enriched,resistant-dominant,True,0.20076000891310175,0.9140532006239172,0.8594679937608287,0.20076000891310175,0.95,0.9,0.8,0.02,0.35,1.0,1.38,3.0,0.251188643150958,1.0,1.0,0.7,2.15,near_neutral
0.9,0.3250829733914482,0.44292278033900584,3.804074166480981,4.246996946819987,0.8957091832451982,-0.004290816754801807,2.1504324763429974,-0.046792100993222174,0.3344098502970328,0.009326876905584591,0.36124133146913495,0.09689667132716262,1.0,1255.646094209521,4.39146011260667,3.3842342303174675,2.15,0.4519346583307623,3.0,34.0,,False,False,False,False,susceptible-enriched,resistant-dominant,True,0.20076000891310175,0.9140532006239172,0.8594679937608287,0.20076000891310175,0.95,0.9,0.8,0.02,0.35,1.0,1.38,3.0,0.251188643150958,1.0,1.0,0.7,2.15,near_neutral
0.95,0.19851524334587267,0.22309999396591526,4.030828995436628,4.253928989402543,0.9475543680861374,-0.0024456319138626004,2.894107265457878,-0.05033171370856193,0.2056542474693525,0.007139004123479842,0.3634293264724538,0.09142668381886554,1.0,1258.0992413997715,4.215243773028645,3.4177317782924086,2.15,0.46131169937330635,3.0,34.0,8.0,False,False,False,True,susceptible-enriched,resistant-dominant,True,0.20076000891310175,0.9140532006239172,0.8594679937608287,0.20076000891310175,0.95,0.9,0.8,0.02,0.35,1.0,1.38,3.0,0.251188643150958,1.0,1.0,0.7,2.15,near_neutral
0.05,0.19851524334587262,3.158423649115165,0.35994899219377585,3.518372641308941,0.1023055340891532,0.05230553408915319,-2.1718660038387783,0.7725729753276624,0.33011941847358683,0.13160417512771427,0.09802785935422625,0.7549303516144343,13.0,965.1406683417364,39.415139210694896,0.3701524426093863,2.1499999999999995,0.02860311764217532,27.0,47.0,,False,False,False,False,resistant-enriched,susceptible-dominant,True,0.09090909090909091,0.9063636363636364,0.9363636363636364,0.9090909090909092,0.95,0.9,0.8,0.02,0.35,10.0,1.38,3.0,0.31622776601683794,2.0,1.0,0.7,2.15,most_resistant_enriched
0.1,0.32508297339144826,3.112265405128909,0.549649614746525,3.6619150198754338,0.15009895417103977,0.05009895417103975,-1.7338251549684973,0.4633994223677218,0.42288069542274553,0.09779772203129727,0.16595922129830123,0.5851019467542469,8.0,1035.9095901111368,25.805258719181328,0.5031824390792334,2.1500000000000004,0.03732044054108276,18.0,32.0,,False,False,False,False,resistant-enriched,susceptible-dominant,True,0.09090909090909091,0.9063636363636364,0.9363636363636364,0.9090909090909092,0.95,0.9,0.8,0.02,0.35,10.0,1.38,3.0,0.31622776601683794,2.0,1.0,0.7,2.15,most_resistant_enriched
0.15,0.42270908780599087,3.0510264588738125,0.7328645153368865,3.783890974210699,0.19368013516556415,0.043680135165564155,-1.4262725079035357,0.30832854748457095,0.4915154126818708,0.06880632487588006,0.2142513960968488,0.4643715097578781,6.0,1086.2326818465647,19.03731130820058,0.5719323126392961,2.15,0.04460168172728997,13.0,25.0,,False,False,False,False,resistant-enriched,susceptible-dominant,True,0.09090909090909091,0.9063636363636364,0.9363636363636364,0.9090909090909092,0.95,0.9,0.8,0.02,0.35,10.0,1.38,3.0,0.31622776601683794,2.0,1.0,0.7,2.15,most_resistant_enriched
0.2,0.5004024235381879,2.957498691553436,0.9201655793196637,3.8776642708730997,0.2372989292114446,0.03729892921144459,-1.1675455220655748,0.21874883905431597,0.547946408060096,0.04754398452190811,0.24888346039919967,0.37779134900200095,4.0,1122.3207900491213,15.136936464351448,0.6129468522121743,2.1500000000000004,0.05459943566695287,2.0,20.0,,False,False,False,False,resistant-enriched,mixed,True,0.09090909090909091,0.9063636363636364,0.9363636363636364,0.9090909090909092,0.95,0.9,0.8,0.02,0.35,10.0,1.38,3.0,0.31622776601683794,2.0,1.0,0.7,2.15,most_resistant_enriched
0.25,0.5623351446188083,2.83794816982243,1.1110796343560394,3.949027804178469,0.2813552320853262,0.0313552320853262,-0.9377491294703573,0.16086315919775274,0.5942287314073365,0.03189358678852816,0.2727398334353559,0.31815041641161024,4.0,1148.9059799937042,12.621242222243165,0.6401694235052897,2.15,0.06794285560663461,3.0,17.0,,False,False,False,False,resistant-enriched,mixed,True,0.09090909090909091,0.9063636363636364,0.9363636363636364,0.9090909090909092,0.95,0.9,0.8,0.02,0.35,10.0,1.38,3.0,0.31622776601683794,2.0,1.0,0.7,2.15,most_resistant_enriched
0.3,0.6108643020548935,2.6993743549549105,1.3048913264249082,4.0042656813798185,0.325875311544078,0.025875311544078017,-0.7269002632349609,0.12039759715224252,0.6312190372138782,0.02035473515898467,0.2893690669380476,0.27657733265488094,3.0,1169.1336217008543,10.865434574283128,0.6596446258604084,2.15,0.08109392403431391,2.0,15.0,,False,False,False,False,resistant-enriched,mixed,True,0.09090909090909091,0.9063636363636364,0.9363636363636364,0.9090909090909092,0.95,0.9,0.8,0.02,0.35,10.0,1.38,3.0,0.31622776601683794,2.0,1.0,0.7,2.15,most_resistant_enriched
0.35,0.6474466390346324,2.546772886815177,1.5011924987395198,4.047965385554697,0.3708511204410434,0.02085112044104348,-0.528567231699504,0.09047197670671947,0.6594071079305497,0.011960468895917287,0.30539544105546007,0.23651139736134985,3.0,1184.9618934883051,9.568957824990495,0.674383936081874,2.1499999999999995,0.09405419708134305,2.0,14.0,,False,False,False,False,resistant-enriched,mixed,True,0.09090909090909091,0.9063636363636364,0.9363636363636364,0.9090909090909092,0.95,0.9,0.8,0.02,0.35,10.0,1.38,3.0,0.31622776601683794,2.0,1.0,0.7,2.15,most_resistant_enriched
0.39999999999999997,0.6730116670092563,2.3834899851174742,1.6997770203470235,4.0832670054644975,0.4162786851979725,0.016278685197972542,-0.3380687159415287,0.06739639216663607,0.6790624113105572,0.006050744301300814,0.3162739013029401,0.20931524674264979,2.0,1197.6617958305574,8.570797281906419,0.6860160851107366,2.15,0.10678299757571169,2.0,13.0,,False,False,False,False,resistant-enriched,mixed,True,0.09090909090909091,0.9063636363636364,0.9363636363636364,0.9090909090909092,0.95,0.9,0.8,0.02,0.35,10.0,1.38,3.0,0.31622776601683794,2.0,1.0,0.7,2.15,most_resistant_enriched
0.44999999999999996,0.6881388137135884,2.211770216233868,1.9005520739851844,4.112322290219053,0.4621602928606908,0.012160292860690869,-0.15164878849701657,0.04902190696513467,0.6902807538379176,0.0021419401243292224,0.323795306040396,0.19051173489900997,2.0,1208.0748577054856,7.777282561954536,0.6954946808463085,2.15,0.11924653578971911,2.0,13.0,,False,False,False,False,resistant-enriched,mixed,True,0.09090909090909091,0.9063636363636364,0.9363636363636364,0.9090909090909092,0.95,0.9,0.8,0.02,0.35,10.0,1.38,3.0,0.31622776601683794,2.0,1.0,0.7,2.15,most_resistant_enriched
0.49999999999999994,0.6931471805599453,2.0331416739878434,2.1034866760312463,4.136628350019089,0.5085026978605751,0.00850269786057517,0.03401407046431254,0.034014070464312984,0.6930025818483987,-0.0001445987115465952,0.3317740221274478,0.17056494468138061,2.0,1216.74510561526,7.130485493662648,0.7034134012353526,2.15,0.13140816381112308,2.0,13.0,,False,False,False,False,resistant-enriched,mixed,True,0.09090909090909091,0.9063636363636364,0.9363636363636364,0.9090909090909092,0.95,0.9,0.8,0.02,0.35,10.0,1.38,3.0,0.31622776601683794,2.0,1.0,0.7,2.15,most_resistant_enriched
0.5499999999999999,0.6881388137135884,1.8486652089704796,2.308586415876954,4.157251624847433,0.5553155363699392,0.005315536369939311,0.22217152602948728,0.021500830567336954,0.6870150186763314,-0.0011237950372570138,0.34023451599267396,0.14941371001831516,2.0,1224.0839166383794,6.592397892960529,0.7101550852013498,2.15,0.14322857171903305,2.0,12.0,,False,False,False,False,resistant-enriched,mixed,True,0.09090909090909091,0.9063636363636364,0.9363636363636364,0.9090909090909092,0.95,0.9,0.8,0.02,0.35,10.0,1.38,3.0,0.31622776601683794,2.0,1.0,0.7,2.15,most_resistant_enriched
0.6,0.6730116670092565,1.659088960397733,2.515878136260211,4.174967096657944,0.6026102908150266,0.002610290815026617,0.4163532694818476,0.01088816137368348,0.6719390797528573,-0.001072587256399249,0.3491996334395344,0.12700091640116395,2.0,1230.3852819964914,6.137296727661028,0.7159833957031759,2.1499999999999995,0.1546661230846897,2.0,12.0,,False,False,False,False,resistant-enriched,mixed,True,0.09090909090909091,0.9063636363636364,0.9363636363636364,0.9090909090909092,0.95,0.9,0.8,0.02,0.35,10.0,1.38,3.0,0.31622776601683794,2.0,1.0,0.7,2.15,most_resistant_enriched
0.65,0.6474466390346325,1.4649468105856411,2.725401031430629,4.19034784201627,0.6503997124303761,0.00039971243037606463,0.6207966497421685,0.0017574413359449093,0.6471988501634734,-0.00024778887115906034,0.35360716332317954,0.1159820916920512,1.0,1235.838223072682,5.746998164809402,0.7210821410880949,2.1499999999999995,0.16567735119050633,2.0,12.0,,False,False,False,False,neutral,mixed,True,0.09090909090909091,0.9063636363636364,0.9363636363636364,0.9090909090909092,0.95,0.9,0.8,0.02,0.35,10.0,1.38,3.0,0.31622776601683794,2.0,1.0,0.7,2.15,most_resistant_enriched
0.7,0.6108643020548936,1.266624024643257,2.9372036321453088,4.203827656788565,0.6986974424135004,-0.001302557586499442,0.8411028704536074,-0.006194989933595907,0.6119639199845079,0.0010996179296144382,0.35586971402577083,0.11032571493557297,1.0,1240.6046799993946,5.408296980837973,0.7255819057362713,2.15,0.17621763217031045,2.0,11.0,,False,False,False,False,susceptible-enriched,mixed,True,0.09090909090909091,0.9063636363636364,0.9363636363636364,0.9090909090909092,0.95,0.9,0.8,0.02,0.35,10.0,1.38,3.0,0.31622776601683794,2.0,1.0,0.7,2.15,most_resistant_enriched
0.75,0.5623351446188082,1.0643991468015301,3.151340565059324,4.215739711860854,0.7475178214141457,-0.002482178585854422,1.0854174799708212,-0.013194808697288618,0.5650457026629804,0.0027105580441720845,0.3581711435423724,0.1045721411440691,1.0,1244.8152158539242,5.1114167789544105,0.7295856194074499,2.15,0.186242038885298,2.0,11.0,,False,False,False,False,susceptible-enriched,mixed,True,0.09090909090909091,0.9063636363636364,0.9363636363636364,0.9090909090909092,0.95,0.9,0.8,0.02,0.35,10.0,1.38,3.0,0.31622776601683794,2.0,1.0,0.7,2.15,most_resistant_enriched
0.7999999999999999,0.500402423538188,0.8584733124024047,3.3678727280139875,4.226346040416392,0.7968757635572534,-0.0031242364427465086,1.366880992509984,-0.019413368609905834,0.5047031503580046,0.004300726819816525,0.3605120254021331,0.09871993649466726,1.0,1248.5647072781067,4.848926606217142,0.7331701210394634,2.1499999999999995,0.19570639795389835,2.0,11.0,,False,False,False,False,susceptible-enriched,mixed,True,0.09090909090909091,0.9063636363636364,0.9363636363636364,0.9090909090909092,0.95,0.9,0.8,0.02,0.35,10.0,1.38,3.0,0.31622776601683794,2.0,1.0,0.7,2.15,most_resistant_enriched
0.85,0.4227090878059909,0.6489885786168392,3.586862400956836,4.235850979573676,0.8467867302824336,-0.0032132697175664138,1.709617998200095,-0.024983057188011193,0.4282425737434262,0.005533485937435079,0.3628928743986995,0.09276781400325129,1.0,1251.9224203661597,4.615065463566662,0.7363916425396629,2.15,0.2045684586558788,2.0,11.0,,False,False,False,False,susceptible-enriched,resistant-dominant,True,0.09090909090909091,0.9063636363636364,0.9363636363636364,0.9090909090909092,0.95,0.9,0.8,0.02,0.35,10.0,1.38,3.0,0.31622776601683794,2.0,1.0,0.7,2.15,most_resistant_enriched
0.9,0.3250829733914482,0.4360433853774047,3.8083770188538826,4.244420404231287,0.8972666833514629,-0.002733316648537154,2.167216651917538,-0.03000792541868158,0.33104750980292197,0.005964536411473764,0.3653141396655017,0.08671465083624585,1.0,1254.9445045059947,4.40530855661938,0.73929727107928,2.15,0.21278924896596046,2.0,11.0,,False,False,False,False,susceptible-enriched,resistant-dominant,True,0.09090909090909091,0.9063636363636364,0.9363636363636364,0.9090909090909092,0.95,0.9,0.8,0.02,0.35,10.0,1.38,3.0,0.31622776601683794,2.0,1.0,0.7,2.15,most_resistant_enriched
0.95,0.19851524334587267,0.21970150379055184,4.032484734822077,4.252186238612629,0.9483321069534728,-0.0016678930465271469,2.909868200342724,-0.03457077882371529,0.203397273240382,0.004882029894509338,0.3677761975471534,0.08055950613211649,1.0,1257.6775605924736,4.2160547734739255,0.741927385409162,2.15,0.22033439508287134,2.0,11.0,,False,False,False,False,susceptible-enriched,resistant-dominant,True,0.09090909090909091,0.9063636363636364,0.9363636363636364,0.9090909090909092,0.95,0.9,0.8,0.02,0.35,10.0,1.38,3.0,0.31622776601683794,2.0,1.0,0.7,2.15,most_resistant_enriched
