initial_fR,initial_H,final_ns,final_nr,final_total,final_fR,delta_fR,final_log_ratio,delta_log_ratio,final_H,delta_H,min_total,peak_loss,peak_loss_time,auc_total,auc_a,auc_b,peak_a,peak_b,time_peak_b,time_to_ss,time_to_recovery,resistant_extinct,susceptible_extinct,community_collapsed,susceptible_recovered,selection_direction,outcome,solver_success,iota,beta,phi,effective_db_iota,alpha,beta_min,xi,d_a,kappa_b,d_b,gamma,h_a,i,h_i,phi_max,c,a0,regime,mode
0.5,0.6931471805599453,2.155072768160219,1.4806199063073557,3.635692674467575,0.4072456169646362,-0.09275438303536382,-0.37536363441974985,-0.37536363441974985,0.675840354541283,-0.01730682601866229,0.17240189571506187,0.5689952607123454,8.0,1028.977629009875,25.37466156175175,0.1662085126782223,2.1500000000000004,0.015870562204948306,1.0,34.0,21.0,False,False,False,True,susceptible-enriched,mixed,True,0.999990000099999,0.969999300007,0.3000069999300007,9.99990000099999,0.95,0.9,0.8,0.02,0.35,10.0,1.38,3.0,10.0,5.0,1.0,0.7,2.15,most_susceptible_enriched,full
0.5,0.6931471805599453,2.2468530188145923,1.822701882072735,4.0695549008873275,0.4478872816472662,-0.05211271835273379,-0.20921062805390406,-0.20921062805390384,0.687705833127414,-0.005441347432531329,0.2937254963765259,0.26568625905868526,3.0,1191.904255969547,9.153557479526823,1.56810326138199,2.15,0.20157390055422666,3.0,20.0,10.0,False,False,False,True,susceptible-enriched,mixed,True,0.999990000099999,0.969999300007,0.3000069999300007,9.99990000099999,0.95,0.9,0.8,0.02,0.35,10.0,1.38,3.0,10.0,5.0,1.0,0.7,2.15,most_susceptible_enriched,private_protection_only
0.5,0.6931471805599453,1.9964901646951547,1.950135914178879,3.9466260788740337,0.49412735719195616,-0.0058726428080438375,-0.02349165150993878,-0.023491651509939003,0.693078203106866,-6.89774530793219e-05,0.26970320482492516,0.32574198793768716,4.0,1148.8185918672798,12.727530712533813,2.2314007714775212,2.15,0.20864264500169433,3.0,23.0,,False,False,False,False,susceptible-enriched,mixed,True,0.999990000099999,0.969999300007,0.3000069999300007,9.99990000099999,0.95,0.9,0.8,0.02,0.35,10.0,1.38,3.0,10.0,5.0,1.0,0.7,2.15,most_susceptible_enriched,public_degradation_only
0.5,0.6931471805599453,2.0185477243614147,1.9612841922234203,3.979831916584835,0.4928057851012043,-0.007194214898795681,-0.02877884570335536,-0.02877884570335536,0.6930436635319508,-0.00010351702799449303,0.28432740961142955,0.2891814759714262,3.0,1159.8026689649523,11.623506095848423,0.09675945299920605,2.15,0.015572602128238733,1.0,16.0,,False,False,False,False,susceptible-enriched,mixed,True,0.999990000099999,0.969999300007,0.3000069999300007,9.99990000099999,0.95,0.9,0.8,0.02,0.35,10.0,1.38,3.0,10.0,5.0,1.0,0.7,2.15,most_susceptible_enriched,free_bla_turnover_only
0.5,0.6931471805599453,2.096098007850193,1.9858217388575845,4.0819197467077775,0.48649210716580715,-0.013507892834192847,-0.05404472212509797,-0.05404472212509797,0.6927822098189301,-0.00036497074101515814,0.3079105564865327,0.23022360878366832,2.0,1196.7551619938977,8.768447369565557,1.5484362658035131,2.15,0.20499869561068434,3.0,19.0,,False,False,False,False,susceptible-enriched,mixed,True,0.999990000099999,0.969999300007,0.3000069999300007,9.99990000099999,0.95,0.9,0.8,0.02,0.35,10.0,1.38,3.0,10.0,5.0,1.0,0.7,2.15,most_susceptible_enriched,inhibitor_independent_control
0.5,0.6931471805599453,2.0769331030603584,2.077903087333134,4.1548361903934925,0.500116729544599,0.00011672954459895912,0.0004669181868785271,0.00046691818687830507,0.693147153308372,-2.7251573331277257e-08,0.3277391142042215,0.18065221448944624,2.0,1222.7622381276,6.8385356783880304,2.9984607432382546,2.15,0.33134799759269556,4.0,34.0,,False,False,False,False,neutral,mixed,True,0.20076000891310175,0.9140532006239172,0.8594679937608287,0.20076000891310175,0.95,0.9,0.8,0.02,0.35,1.0,1.38,3.0,0.251188643150958,1.0,1.0,0.7,2.15,near_neutral,full
0.5,0.6931471805599453,2.0107005490174292,2.0780418495157806,4.08874239853321,0.5082349649274199,0.00823496492741993,0.032942838601151395,0.032942838601151395,0.6930115451327996,-0.000135635427145675,0.3145867536142134,0.21353311596446656,2.0,1199.450556342132,8.556445779315506,1.534899322677116,2.15,0.20862812193949606,4.0,19.0,,False,False,False,False,resistant-enriched,mixed,True,0.20076000891310175,0.9140532006239172,0.8594679937608287,0.20076000891310175,0.95,0.9,0.8,0.02,0.35,1.0,1.38,3.0,0.251188643150958,1.0,1.0,0.7,2.15,near_neutral,private_protection_only
0.5,0.6931471805599453,2.1319472814063922,1.997918533001783,4.129865814408175,0.48377323205792633,-0.016226767942073672,-0.06492987358087361,-0.06492987358087361,0.6926204720838176,-0.0005267084761276797,0.3191561826563174,0.2021095433592065,2.0,1213.9177609142157,7.411504145902276,1.3088663533522529,2.15,0.2012051894149878,3.0,18.0,9.0,False,False,False,True,susceptible-enriched,mixed,True,0.20076000891310175,0.9140532006239172,0.8594679937608287,0.20076000891310175,0.95,0.9,0.8,0.02,0.35,1.0,1.38,3.0,0.251188643150958,1.0,1.0,0.7,2.15,near_neutral,public_degradation_only
0.5,0.6931471805599453,2.119933525318875,1.9958015699579565,4.115735095276832,0.4849198317569842,-0.015080168243015779,-0.0603389731119805,-0.0603389731119805,0.6926922886317299,-0.00045489192821535074,0.3092980218515789,0.22675494537105279,2.0,1208.3905596468794,8.037886089759695,3.4613749395203373,2.15,0.3532875410980046,5.0,36.0,9.0,False,False,False,True,susceptible-enriched,mixed,True,0.20076000891310175,0.9140532006239172,0.8594679937608287,0.20076000891310175,0.95,0.9,0.8,0.02,0.35,1.0,1.38,3.0,0.251188643150958,1.0,1.0,0.7,2.15,near_neutral,free_bla_turnover_only
0.5,0.6931471805599453,2.096098007850193,1.9858217388575845,4.0819197467077775,0.48649210716580715,-0.013507892834192847,-0.05404472212509797,-0.05404472212509797,0.6927822098189301,-0.00036497074101515814,0.3079105564865327,0.23022360878366832,2.0,1196.7551619938977,8.768447369565557,1.5484362658035131,2.15,0.20499869561068434,3.0,19.0,,False,False,False,False,susceptible-enriched,mixed,True,0.20076000891310175,0.9140532006239172,0.8594679937608287,0.20076000891310175,0.95,0.9,0.8,0.02,0.35,1.0,1.38,3.0,0.251188643150958,1.0,1.0,0.7,2.15,near_neutral,inhibitor_independent_control
0.5,0.6931471805599453,2.033141673988049,2.103486676031458,4.136628350019507,0.508502697860575,0.008502697860575004,0.03401407046431211,0.03401407046431222,0.6930025818483987,-0.0001445987115465952,0.3317740221274488,0.17056494468137806,2.0,1216.7451056153814,7.130485493662598,0.7034134012352884,2.15,0.13140816381110954,2.0,13.0,,False,False,False,False,resistant-enriched,mixed,True,0.09090909090909091,0.9063636363636364,0.9363636363636364,0.9090909090909092,0.95,0.9,0.8,0.02,0.35,10.0,1.38,3.0,0.31622776601683794,2.0,1.0,0.7,2.15,most_resistant_enriched,full
0.5,0.6931471805599453,1.9802806788693075,2.1108740138120776,4.0911546926813855,0.515960449402755,0.015960449402754984,0.06386349461158485,0.06386349461158485,0.6926376221138508,-0.0005095584460944602,0.3171039602233499,0.20724009944162525,2.0,1200.407685632999,8.481741461359054,1.5296099022389988,2.15,0.2099876549063666,4.0,19.0,,False,False,False,False,resistant-enriched,mixed,True,0.09090909090909091,0.9063636363636364,0.9363636363636364,0.9090909090909092,0.95,0.9,0.8,0.02,0.35,10.0,1.38,3.0,0.31622776601683794,2.0,1.0,0.7,2.15,most_resistant_enriched,private_protection_only
0.5,0.6931471805599453,2.1426001071027754,2.001476781871388,4.144076888974164,0.48297288768858704,-0.017027112311412962,-0.06813479581443967,-0.06813479581443989,0.6925672233271444,-0.0005799572328009095,0.32370319593057595,0.19074201017356018,2.0,1219.0043652779498,7.01493433173485,1.2381188823376772,2.15,0.19941886030310255,3.0,18.0,9.0,False,False,False,True,susceptible-enriched,mixed,True,0.09090909090909091,0.9063636363636364,0.9363636363636364,0.9090909090909092,0.95,0.9,0.8,0.02,0.35,10.0,1.38,3.0,0.31622776601683794,2.0,1.0,0.7,2.15,most_resistant_enriched,public_degradation_only
0.5,0.6931471805599453,2.074158271161569,1.9774294637816572,4.051587734943226,0.4880628516882818,-0.011937148311718215,-0.04775766829749499,-0.04775766829749499,0.6928621624608452,-0.00028501809910008724,0.30360290789355515,0.24099273026611212,3.0,1186.1337901336638,9.473972371841164,0.9283238021197339,2.15,0.1337142722132915,2.0,15.0,,False,False,False,False,susceptible-enriched,mixed,True,0.09090909090909091,0.9063636363636364,0.9363636363636364,0.9090909090909092,0.95,0.9,0.8,0.02,0.35,10.0,1.38,3.0,0.31622776601683794,2.0,1.0,0.7,2.15,most_resistant_enriched,free_bla_turnover_only
0.5,0.6931471805599453,2.096098007850193,1.9858217388575845,4.0819197467077775,0.48649210716580715,-0.013507892834192847,-0.05404472212509797,-0.05404472212509797,0.6927822098189301,-0.00036497074101515814,0.3079105564865327,0.23022360878366832,2.0,1196.7551619938977,8.768447369565557,1.5484362658035131,2.15,0.20499869561068434,3.0,19.0,,False,False,False,False,susceptible-enriched,mixed,True,0.09090909090909091,0.9063636363636364,0.9363636363636364,0.9090909090909092,0.95,0.9,0.8,0.02,0.35,10.0,1.38,3.0,0.31622776601683794,2.0,1.0,0.7,2.15,most_resistant_enriched,inhibitor_independent_control
