initial_fR,initial_H,final_ns,final_nr,final_total,final_fR,delta_fR,final_log_ratio,delta_log_ratio,final_H,delta_H,min_total,peak_loss,peak_loss_time,auc_total,auc_a,auc_b,peak_a,peak_b,time_peak_b,time_to_ss,time_to_recovery,resistant_extinct,susceptible_extinct,community_collapsed,susceptible_recovered,selection_direction,outcome,solver_success,iota,beta,phi,effective_db_iota,alpha,beta_min,xi,d_a,kappa_b,d_b,gamma,h_a,i,h_i,phi_max,c,a0,plane,x_name,y_name,x_value,y_value,representative
0.5,0.6931471805599453,2.155072768160219,1.4806199063073557,3.635692674467575,0.4072456169646362,-0.09275438303536382,-0.37536363441974985,-0.37536363441974985,0.675840354541283,-0.01730682601866229,0.17240189571506187,0.5689952607123454,8.0,1028.977629009875,25.37466156175175,0.1662085126782223,2.1500000000000004,0.015870562204948306,1.0,34.0,21.0,False,False,False,True,susceptible-enriched,mixed,True,0.999990000099999,0.969999300007,0.3000069999300007,9.99990000099999,0.95,0.9,0.8,0.02,0.35,10.0,1.38,3.0,10.0,5.0,1.0,0.7,2.15,hi_db_i_10,h_i,d_b,5.0,10.0,most_susceptible_enriched
0.5,0.6931471805599453,2.0769331030603584,2.077903087333134,4.1548361903934925,0.500116729544599,0.00011672954459895912,0.0004669181868785271,0.00046691818687830507,0.693147153308372,-2.7251573331277257e-08,0.3277391142042215,0.18065221448944624,2.0,1222.7622381276,6.8385356783880304,2.9984607432382546,2.15,0.33134799759269556,4.0,34.0,,False,False,False,False,neutral,mixed,True,0.20076000891310175,0.9140532006239172,0.8594679937608287,0.20076000891310175,0.95,0.9,0.8,0.02,0.35,1.0,1.38,3.0,0.251188643150958,1.0,1.0,0.7,2.15,i_hi,i,h_i,0.251188643150958,1.0,near_neutral
0.5,0.6931471805599453,2.033141673988049,2.103486676031458,4.136628350019507,0.508502697860575,0.008502697860575004,0.03401407046431211,0.03401407046431222,0.6930025818483987,-0.0001445987115465952,0.3317740221274488,0.17056494468137806,2.0,1216.7451056153814,7.130485493662598,0.7034134012352884,2.15,0.13140816381110954,2.0,13.0,,False,False,False,False,resistant-enriched,mixed,True,0.09090909090909091,0.9063636363636364,0.9363636363636364,0.9090909090909092,0.95,0.9,0.8,0.02,0.35,10.0,1.38,3.0,0.31622776601683794,2.0,1.0,0.7,2.15,i_db,i,d_b,0.31622776601683794,10.0,most_resistant_enriched
0.5,0.6931471805599453,2.155072768160219,1.4806199063073557,3.635692674467575,0.4072456169646362,-0.09275438303536382,-0.37536363441974985,-0.37536363441974985,0.675840354541283,-0.01730682601866229,0.17240189571506187,0.5689952607123454,8.0,1028.977629009875,25.37466156175175,0.1662085126782223,2.1500000000000004,0.015870562204948306,1.0,34.0,21.0,False,False,False,True,susceptible-enriched,mixed,True,0.999990000099999,0.969999300007,0.3000069999300007,9.99990000099999,0.95,0.9,0.8,0.02,0.35,10.0,1.38,3.0,10.0,5.0,1.0,0.7,2.15,hi_db_i_10,h_i,d_b,5.0,10.0,deepest_bottleneck
0.5,0.6931471805599453,3.707647497541902,0.32641111963621444,4.0340586171781165,0.08091382664750267,-0.4190861733524973,-2.4299951667563295,-2.429995166756329,0.2809956000897431,-0.4121515804702022,2.1830235786077957e-10,0.9999999994542441,88.0,1032.0229447961622,389.2342283492198,0.061072346634666715,10.0,0.014628048069695303,1.3333333333333333,192.0,145.33333333333331,False,False,False,True,susceptible-enriched,susceptible-dominant,True,0.999990000099999,0.969999300007,0.3000069999300007,9.99990000099999,0.95,0.9,0.8,0.02,0.35,10.0,1.38,3.0,10.0,5.0,1.0,0.7,10.0,hi_db_i_10,h_i,d_b,5.0,10.0,most_susceptible_enriched
0.5,0.6931471805599453,2.0587716153699356,1.9999164425563525,4.058688057926288,0.4927494830874421,-0.007250516912557903,-0.029004100758172256,-0.02900410075817181,0.6930420368838308,-0.00010514367611447195,9.437647041001027e-07,0.9999976405882397,62.666666666666664,1194.185512218979,229.78295141688534,1.1954353616033084,9.999999999999998,0.15779236786813106,2.6666666666666665,113.33333333333333,,False,False,False,False,susceptible-enriched,mixed,True,0.6993661195196038,0.9489556283663723,0.5104437163362774,0.6993661195196038,0.95,0.9,0.8,0.02,0.35,1.0,1.38,3.0,1.2589254117941675,3.6666666666666665,1.0,0.7,10.0,i_hi,i,h_i,1.2589254117941675,3.6666666666666665,near_neutral
0.5,0.6931471805599453,0.2637912983535653,3.7965367493076014,4.060328047661167,0.935032023211643,0.435032023211643,2.666686294424452,2.666686294424452,0.24042371413372848,-0.4527234664262168,2.61854529010473e-05,0.9999345363677474,54.666666666666664,1251.6857993215986,196.33276214765965,0.4481314314013309,10.0,0.07447107603670779,1.3333333333333333,96.0,,False,False,False,False,resistant-enriched,resistant-dominant,True,0.2007600089131018,0.9140532006239172,0.8594679937608287,2.007600089131018,0.95,0.9,0.8,0.02,0.35,10.0,1.38,3.0,0.5011872336272724,2.0,1.0,0.7,10.0,i_db,i,d_b,0.5011872336272724,10.0,most_resistant_enriched
0.5,0.6931471805599453,3.707647497541902,0.32641111963621444,4.0340586171781165,0.08091382664750267,-0.4190861733524973,-2.4299951667563295,-2.429995166756329,0.2809956000897431,-0.4121515804702022,2.1830235786077957e-10,0.9999999994542441,88.0,1032.0229447961622,389.2342283492198,0.061072346634666715,10.0,0.014628048069695303,1.3333333333333333,192.0,145.33333333333331,False,False,False,True,susceptible-enriched,susceptible-dominant,True,0.999990000099999,0.969999300007,0.3000069999300007,9.99990000099999,0.95,0.9,0.8,0.02,0.35,10.0,1.38,3.0,10.0,5.0,1.0,0.7,10.0,hi_db_i_10,h_i,d_b,5.0,10.0,deepest_bottleneck
0.5,0.6931471805599453,4.083542591003275,0.026944545383374402,4.1104871363866495,0.0065550735203273695,-0.49344492647967264,-5.020939293546612,-5.020939293546612,0.039489278577365464,-0.6536579019825798,9.523688771613912e-26,1.0,204.0,1212.0288682277094,4082.4194676289694,0.05128808402453114,100.0,0.011890867365485554,2.0,420.0,,False,False,False,False,susceptible-enriched,susceptible-dominant,True,0.999990000099999,0.969999300007,0.3000069999300007,9.99990000099999,0.95,0.9,0.8,0.02,0.35,10.0,1.38,3.0,10.0,5.0,1.0,0.7,100.0,hi_db_i_10,h_i,d_b,5.0,10.0,most_susceptible_enriched
0.5,0.6931471805599453,1.9388327196199895,2.167374374759206,4.1062070943791955,0.5278288028204979,0.027828802820497933,0.11143036833521215,0.11143036833521215,0.6915974953534638,-0.001549685206481466,2.5582538607120492e-21,1.0,178.0,1357.5894559883627,2600.5172995879175,0.9862170681264496,100.0,0.16081585415413238,2.0,276.0,,False,False,False,False,resistant-enriched,mixed,True,0.6993661195196038,0.9489556283663723,0.5104437163362774,0.6993661195196038,0.95,0.9,0.8,0.02,0.35,1.0,1.38,3.0,1.2589254117941675,3.6666666666666665,1.0,0.7,100.0,i_hi,i,h_i,1.2589254117941675,3.6666666666666665,near_neutral
0.5,0.6931471805599453,0.0006521784889152486,4.085069082740643,4.0857212612295575,0.9998403761668463,0.4998403761668463,8.742530916985567,8.742530916985567,0.0015551528708277551,-0.6915920276891175,8.00672927121742e-16,0.999999999999998,156.0,1500.8370214986128,1870.6192930937063,0.8674104125028705,100.0,0.1365603565526191,2.0,238.0,,False,False,False,False,resistant-enriched,resistant-dominant,True,0.09090909090909091,0.9063636363636364,0.9363636363636364,0.9090909090909092,0.95,0.9,0.8,0.02,0.35,10.0,1.38,3.0,0.31622776601683794,2.0,1.0,0.7,100.0,i_db,i,d_b,0.31622776601683794,10.0,most_resistant_enriched
0.5,0.6931471805599453,0.09884338141868562,3.999805077624712,4.098648459043398,0.9758839084624117,0.4758839084624117,3.700464316750746,3.700464316750746,0.11365238208557961,-0.5794947984743657,1.7083199816742076e-17,1.0,156.0,1485.619284751953,1859.278520566494,1.69542172105964,100.0,0.20326493533106238,2.0,242.0,,False,False,False,False,resistant-enriched,resistant-dominant,True,0.44268836623770724,0.9309881856366395,0.690118143633605,0.44268836623770724,0.95,0.9,0.8,0.02,0.35,1.0,1.38,3.0,0.7943282347242815,1.0,1.0,0.7,100.0,i_hi,i,h_i,0.7943282347242815,1.0,deepest_bottleneck
