initial_fR,initial_H,final_ns,final_nr,final_total,final_fR,delta_fR,final_log_ratio,delta_log_ratio,final_H,delta_H,min_total,peak_loss,peak_loss_time,auc_total,auc_a,auc_b,peak_a,peak_b,time_peak_b,time_to_ss,time_to_recovery,resistant_extinct,susceptible_extinct,community_collapsed,susceptible_recovered,selection_direction,outcome,solver_success,iota,beta,phi,effective_db_iota,alpha,beta_min,xi,d_a,kappa_b,d_b,gamma,h_a,i,h_i,phi_max,c,sample,dose,delta_fR_dose_0p1,delta_fR_dose_10p0,high_minus_low_delta_fR
0.5,0.6931471805599453,2.256134335641675,1.8059779009667691,4.062112236608444,0.4445908423432987,-0.05540915765670129,-0.22255065933606327,-0.22255065933606327,0.6869942009448329,-0.006152979615112408,0.4,0.0,0.0,1204.522044580342,3.3414587235415727,14.571301692298317,2.15,0.1489330465803535,3.0,205.0,,False,False,False,False,susceptible-enriched,mixed,True,0.009900990099009903,0.4623179502121166,1.8755895158703082,0.009900990099009903,0.7525460605875726,0.4616545018321367,0.20498712304566669,0.02,0.969224750480775,1.0,1.1784299029985956,3.5070950265598593,0.1,2.0,1.8779038144902869,0.1244707842937605,0,0.1,-0.05540915765670129,-0.06442955807181705,-0.009020400415115759
0.5,0.6931471805599453,2.248589570842681,1.7352371772181894,3.9838267480608707,0.43557044192818295,-0.06442955807181705,-0.2591590566331329,-0.2591590566331329,0.6848217144158126,-0.008325466144132654,0.4,0.0,0.0,1180.3247719225078,3.8742202530038794,0.1951433699295103,2.15,0.06813028282489449,2.0,9.0,,False,False,False,False,susceptible-enriched,mixed,True,0.9900990099009901,0.5279993398301259,1.646473952492415,0.9900990099009901,0.7525460605875726,0.4616545018321367,0.20498712304566669,0.02,0.969224750480775,1.0,1.1784299029985956,3.5070950265598593,10.0,2.0,1.8779038144902869,0.1244707842937605,0,10.0,-0.05540915765670129,-0.06442955807181705,-0.009020400415115759
0.5,0.6931471805599453,1.5458542664683168,2.7611058420896706,4.306960108557988,0.6410799664950033,0.14107996649500332,0.5800545860826742,0.5800545860826742,0.6527942885916471,-0.040352891968298166,0.4,0.0,0.0,1280.3875665271958,2.229934047272474,9.672444183390539,2.1500000000000004,0.09888135566169906,3.0,163.0,,False,False,False,False,resistant-enriched,mixed,True,0.009900990099009903,0.35323902403540913,3.0835599997711642,0.009900990099009903,0.9858713749254385,0.3488209611057009,0.695285149416253,0.02,0.14516104332887456,1.0,1.3450222476725389,2.100251976924408,0.1,2.0,3.1046239826532513,0.6852560190792082,1,0.1,0.14107996649500332,0.11888612593304038,-0.02219384056196294
0.5,0.6931471805599453,1.534118705024637,2.491236469410972,4.025355174435609,0.6188861259330404,0.11888612593304038,0.4848230786581961,0.4848230786581959,0.6646067895325714,-0.028540391027373935,0.4,0.0,0.0,1189.214275101083,5.755286974391272,0.6286909228964952,2.15,0.13585332402619915,3.0,11.0,,False,False,False,False,resistant-enriched,mixed,True,0.9900990099009901,0.7906272540765249,0.998225694444535,0.9900990099009901,0.9858713749254385,0.3488209611057009,0.695285149416253,0.02,0.14516104332887456,1.0,1.3450222476725389,2.100251976924408,10.0,2.0,3.1046239826532513,0.6852560190792082,1,10.0,0.14107996649500332,0.11888612593304038,-0.02219384056196294
0.5,0.6931471805599453,0.8169475287666831,1.6023580037895877,2.4193055325562707,0.6623214729296778,0.1623214729296778,0.6736567071673853,0.6736567071673853,0.639483636887078,-0.0536635436728673,0.4,0.0,0.0,712.9563476673756,17.497510957865526,185.06823039370113,2.15,1.8297593687602265,11.0,,,False,False,False,False,resistant-enriched,mixed,True,0.009900990099009903,0.7104100133100812,0.09272249649424413,0.009900990099009903,0.8809254844253893,0.7086215967749898,0.46014368237621045,0.02,0.04036586019022528,1.0,1.2631193338695004,1.1069741610458952,0.1,2.0,0.09329512142441072,0.6199157797729523,2,0.1,0.1623214729296778,-0.056591349260633805,-0.2189128221903116
0.5,0.6931471805599453,0.9233115118167163,0.7355563686187722,1.6588678804354884,0.4434086507393662,-0.056591349260633805,-0.22733949985532576,-0.22733949985532598,0.6867282730134281,-0.006418907546517194,0.4000000000000001,-2.220446049250313e-16,0.0,487.32425434019274,49.213409370178276,2.243923383487206,2.1499999999999995,0.2034018986518274,10.0,135.0,,False,False,False,False,susceptible-enriched,mixed,True,0.9900990099009901,0.8874632502841283,0.036032628407751476,0.9900990099009901,0.8809254844253893,0.7086215967749898,0.46014368237621045,0.02,0.04036586019022528,1.0,1.2631193338695004,1.1069741610458952,10.0,2.0,0.09329512142441072,0.6199157797729523,2,10.0,0.1623214729296778,-0.056591349260633805,-0.2189128221903116
0.5,0.6931471805599453,1.392581508159145,2.96156094535238,4.354142453511525,0.6801708894397662,0.18017088943976622,0.7545572509472795,0.7545572509472795,0.6267405788221379,-0.06640660173780744,0.4,0.0,0.0,1294.7075859561728,2.2336169628737848,6.327043234656188,2.15,0.06517676191336191,2.0,120.0,,False,False,False,False,resistant-enriched,mixed,True,0.009900990099009903,0.23310722735303777,2.9036373836235447,0.009900990099009903,0.9948580910530669,0.23208507379124996,0.8199300756894199,0.02,0.2858221667420082,1.0,1.3780324661543097,3.984823141093049,0.1,2.0,2.9075074987161242,0.13443873301208042,3,0.1,0.18017088943976622,0.18041219194542735,0.00024130250566112288
0.5,0.6931471805599453,1.3875345111567687,2.9541032991311442,4.341637810287913,0.6804121919454273,0.18041219194542735,0.7556667135015805,0.7556667135015805,0.6265583684176974,-0.06658881214224788,0.4,0.0,0.0,1290.2365608863204,2.532570202533949,0.10360903928213429,2.15,0.04899719756249089,1.0,7.0,,False,False,False,False,resistant-enriched,mixed,True,0.9900990099009901,0.33430042997003173,2.520495989458185,0.9900990099009901,0.9948580910530669,0.23208507379124996,0.8199300756894199,0.02,0.2858221667420082,1.0,1.3780324661543097,3.984823141093049,10.0,2.0,2.9075074987161242,0.13443873301208042,3,10.0,0.18017088943976622,0.18041219194542735,0.00024130250566112288
0.5,0.6931471805599453,2.8157670573048446,1.5214116461702316,4.337178703475076,0.3507837122208572,-0.1492162877791428,-0.6155960952913779,-0.6155960952913778,0.6479304381908708,-0.04521674236907447,0.4,0.0,0.0,1287.6416991225233,2.2214820424864,13.31515337043716,2.15,0.13702816099534573,2.0,195.0,5.0,False,False,False,True,susceptible-enriched,mixed,True,0.009900990099009903,0.9441303877945714,4.212051753571827,0.009900990099009903,0.8062149241033251,0.9438088391253671,0.787849341379356,0.02,0.9453897765853486,1.0,1.1060107595687891,4.225930941803558,0.1,2.0,4.236293547679882,0.5779630654382824,4,0.1,-0.1492162877791428,-0.18764451337321647,-0.03842822559407366
0.5,0.6931471805599453,2.931532672014301,1.3316187310758922,4.263151403090193,0.31235548662678353,-0.18764451337321647,-0.7891300892991499,-0.7891300892991501,0.6209723833153422,-0.07217479724460307,0.37345312922370705,0.06636717694073246,1.0,1261.369320217421,4.312151927097839,0.2812769255056392,2.15,0.09214417609523115,2.0,9.0,6.0,False,False,False,True,susceptible-enriched,mixed,True,0.9900990099009901,0.9759637060458013,1.8121141368744553,0.9900990099009901,0.8062149241033251,0.9438088391253671,0.787849341379356,0.02,0.9453897765853486,1.0,1.1060107595687891,4.225930941803558,10.0,2.0,4.236293547679882,0.5779630654382824,4,10.0,-0.1492162877791428,-0.18764451337321647,-0.03842822559407366
0.5,0.6931471805599453,2.368743585713919,1.8225907721345933,4.191334357848512,0.43484738188965727,-0.06515261811034273,-0.2621006919226601,-0.2621006919226601,0.6846332634364403,-0.008513917123505022,0.4,0.0,0.0,1245.1504869693629,2.0134800231207572,12.27088360545294,2.15,0.1257775524800012,2.0,187.0,5.0,False,False,False,True,susceptible-enriched,mixed,True,0.009900990099009903,0.7805806267776706,4.575635335976935,0.009900990099009903,0.8681290401810768,0.7787221076223702,0.27874070578819876,0.02,0.346556113022411,1.0,1.1940186784795934,2.430042195292515,0.1,2.0,4.614391740184535,0.8483018012707909,5,0.1,-0.06515261811034273,-0.152392978024809,-0.08724035991446627
0.5,0.6931471805599453,2.0707288783909075,1.103322572408372,3.174051450799279,0.347607021975191,-0.152392978024809,-0.6295745128948658,-0.6295745128948658,0.6459526931294185,-0.04719448743052679,0.3852395590450822,0.03690110238729449,1.0,934.1674673069303,8.467488991733816,0.7223905719131982,2.15,0.11402997560710715,2.0,16.0,,False,False,False,False,susceptible-enriched,mixed,True,0.9900990099009901,0.9645740231524174,0.7387513194245348,0.9900990099009901,0.8681290401810768,0.7787221076223702,0.27874070578819876,0.02,0.346556113022411,1.0,1.1940186784795934,2.430042195292515,10.0,2.0,4.614391740184535,0.8483018012707909,5,10.0,-0.06515261811034273,-0.152392978024809,-0.08724035991446627
0.5,0.6931471805599453,2.200453415614465,2.1465516925272063,4.347005108141671,0.4938001311539405,-0.0061998688460594975,-0.02480074650350726,-0.02480074650350726,0.693070301842396,-7.687871754924469e-05,0.4,0.0,0.0,1291.3032901294878,2.1471298937750496,4.764427114779919,2.1500000000000004,0.04905567668290613,2.0,92.0,,False,False,False,False,susceptible-enriched,mixed,True,0.009900990099009903,0.22783407981675263,3.464040335432141,0.009900990099009903,0.7859358724017075,0.22564744672075243,0.7563881363756835,0.02,0.8762683433814216,1.0,1.289413552455599,4.841102403012064,0.1,2.0,3.473849866059364,0.2852059333449095,6,0.1,-0.0061998688460594975,-0.025150992852971954,-0.018951124006912456
0.5,0.6931471805599453,2.2645172874312385,2.0476087834514685,4.312126070882707,0.47484900714702805,-0.025150992852971954,-0.10068895286562574,-0.10068895286562574,0.691881501605712,-0.0012656789542332403,0.4,0.0,0.0,1279.0630477703185,2.8869576171779956,0.12311798534915966,2.15,0.056242140273895264,1.0,8.0,,False,False,False,False,susceptible-enriched,mixed,True,0.9900990099009901,0.44431075632077377,2.492896803337038,0.9900990099009901,0.7859358724017075,0.22564744672075243,0.7563881363756835,0.02,0.8762683433814216,1.0,1.289413552455599,4.841102403012064,10.0,2.0,3.473849866059364,0.2852059333449095,6,10.0,-0.0061998688460594975,-0.025150992852971954,-0.018951124006912456
0.5,0.6931471805599453,1.0383869233641743,2.6218758310014785,3.660262754365653,0.7163080923287067,0.21630809232870674,0.9262215537965368,0.9262215537965368,0.5964064675468383,-0.09674071301310694,0.4,0.0,0.0,1081.7222961439984,6.1109368792009375,48.102403941760905,2.15,0.4869781459153958,5.0,,,False,False,False,False,resistant-enriched,mixed,True,0.009900990099009903,0.5950619600286083,0.726971460669267,0.009900990099009903,0.9478454438837264,0.5913344117975738,0.2505500497030372,0.02,0.2295976771764949,1.0,1.3383275666931829,3.893377869982633,0.1,2.0,0.7336634009533206,0.9212480380119431,7,0.1,0.21630809232870674,-0.09045372511201666,-0.3067618174407234
0.5,0.6931471805599453,1.0078334959064217,0.6990462358036674,1.7068797317100892,0.40954627488798334,-0.09045372511201666,-0.36584136666648803,-0.36584136666648825,0.6766929809356572,-0.01645419962428807,0.09973817749062654,0.7506545562734337,12.0,474.18714044454146,45.2265009727637,1.6433256182531348,2.15,0.12656939223163746,2.0,110.0,,False,False,False,False,susceptible-enriched,mixed,True,0.9900990099009901,0.964089234901021,0.06446937254795805,0.9900990099009901,0.9478454438837264,0.5913344117975738,0.2505500497030372,0.02,0.2295976771764949,1.0,1.3383275666931829,3.893377869982633,10.0,2.0,0.7336634009533206,0.9212480380119431,7,10.0,0.21630809232870674,-0.09045372511201666,-0.3067618174407234
0.5,0.6931471805599453,2.1138633872879136,2.2788024317512945,4.392665819039208,0.5187743674636576,0.01877436746365757,0.0751327932362612,0.0751327932362612,0.6924420610658695,-0.0007051194940758121,0.4,0.0,0.0,1302.7816744195193,3.227782770567801,14.459798682762171,2.15,0.14794148349644745,3.0,204.0,,False,False,False,False,resistant-enriched,mixed,True,0.009900990099009903,0.43962673319895973,2.092216748312326,0.009900990099009903,0.8175780423535104,0.4385113218230341,0.9822392696216927,0.02,0.09007775844145939,1.0,1.2232796386546587,4.41409517219865,0.1,2.0,2.096381262396468,0.20063903930219804,8,0.1,0.01877436746365757,0.004784275948237937,-0.013990091515419634
0.5,0.6931471805599453,2.1739865824001563,2.215992323384593,4.38997890578475,0.5047842759482379,0.004784275948237937,0.019137687871491775,0.019137687871491775,0.693101401268662,-4.577929128324332e-05,0.4,0.0,0.0,1300.0324815737827,4.012128802427867,0.22664934427854305,2.15,0.08146214543019586,2.0,9.0,,False,False,False,False,resistant-enriched,mixed,True,0.9900990099009901,0.550052459415596,1.6799298539822538,0.9900990099009901,0.8175780423535104,0.4385113218230341,0.9822392696216927,0.02,0.09007775844145939,1.0,1.2232796386546587,4.41409517219865,10.0,2.0,2.096381262396468,0.20063903930219804,8,10.0,0.01877436746365757,0.004784275948237937,-0.013990091515419634
0.5,0.6931471805599453,1.383868960143151,2.9960749164816334,4.379943876624784,0.6840441340975424,0.1840441340975424,0.772419900108189,0.772419900108189,0.6237834382856944,-0.0693637422742509,0.4,0.0,0.0,1299.0818244018408,3.8439336840480345,11.86226626364385,2.15,0.12105645301707117,3.0,184.0,,False,False,False,False,resistant-enriched,mixed,True,0.009900990099009903,0.2034125362728189,1.281435077411838,0.009900990099009903,0.8274253346369524,0.20044119494162885,0.955496174073441,0.02,0.11568308563561884,1.0,1.3343029767359844,3.6199250820686615,0.1,2.0,1.2862149430036651,0.375338840059783,9,0.1,0.1840441340975424,0.15335162046812734,-0.030692513629415052
0.5,0.6931471805599453,1.5101409670832966,2.8462647057851274,4.356405672868424,0.6533516204681273,0.15335162046812734,0.6338045029516259,0.6338045029516259,0.6453471291931563,-0.047800051366789,0.4,0.0,0.0,1285.7361595477141,6.269258484968013,0.45261464330375234,2.15,0.11052379252651316,3.0,11.0,,False,False,False,False,resistant-enriched,mixed,True,0.9900990099009901,0.497575328060634,0.8082283838209369,0.9900990099009901,0.8274253346369524,0.20044119494162885,0.955496174073441,0.02,0.11568308563561884,1.0,1.3343029767359844,3.6199250820686615,10.0,2.0,1.2862149430036651,0.375338840059783,9,10.0,0.1840441340975424,0.15335162046812734,-0.030692513629415052
0.5,0.6931471805599453,2.2781224754938023,1.4574514770891025,3.7355739525829046,0.39015463101228937,-0.10984536898771063,-0.44666228125219626,-0.44666228125219626,0.6688172049415062,-0.02432997561843908,0.3502803576377893,0.12429910590552673,1.0,1103.1053315929885,5.1924512832033525,38.82448374698115,2.1500000000000004,0.39124818603550515,5.0,,8.0,False,False,False,True,susceptible-enriched,mixed,True,0.009900990099009903,0.9608657770479392,1.1870646434098215,0.009900990099009903,0.8859382099601865,0.9608338205444452,0.23651592302453636,0.02,0.6090583099256278,1.0,1.3030750192948293,3.0571165906579814,0.1,2.0,1.188033985141,0.0824080085868991,10,0.1,-0.10984536898771063,-0.12164773462456063,-0.011802365636849999
0.5,0.6931471805599453,2.190377283812387,1.333125114431288,3.523502398243675,0.37835226537543937,-0.12164773462456063,-0.4965479086237194,-0.4965479086237194,0.6632517158183084,-0.029895464741636846,0.3414712195380083,0.14632195115497926,2.0,1038.1791466272425,6.554582200006711,0.5143076552548717,2.15,0.11266540018441822,2.0,12.0,,False,False,False,False,susceptible-enriched,mixed,True,0.9900990099009901,0.9640294708938406,1.091099812023151,0.9900990099009901,0.8859382099601865,0.9608338205444452,0.23651592302453636,0.02,0.6090583099256278,1.0,1.3030750192948293,3.0571165906579814,10.0,2.0,1.188033985141,0.0824080085868991,10,10.0,-0.10984536898771063,-0.12164773462456063,-0.011802365636849999
0.5,0.6931471805599453,1.6947800408641551,2.68415014771508,4.378930188579235,0.6129693856996531,0.11296938569965309,0.45981119630643424,0.45981119630643424,0.6674012958241066,-0.02574588473583872,0.4,0.0,0.0,1298.4065598243888,3.8537564641484368,30.043792550263493,2.15,0.3051754948296452,4.0,279.0,,False,False,False,False,resistant-enriched,mixed,True,0.009900990099009903,0.5637911512480939,1.475833488927738,0.009900990099009903,0.9351334736982291,0.5630506098033631,0.9704111870100011,0.02,0.0766838821881934,1.0,1.2419685664952145,1.7907469224758357,0.1,2.0,1.4783389765335024,0.17117471175358137,11,0.1,0.11296938569965309,0.10476585842694308,-0.00820352727271001
0.5,0.6931471805599453,1.728404038834864,2.6447101662176298,4.373114205052493,0.6047658584269431,0.10476585842694308,0.4253630194959107,0.42536301949591093,0.6710318945912745,-0.02211528596867074,0.4000000000000001,-2.220446049250313e-16,0.0,1295.2359702911813,4.51583376720742,0.41990309815431853,2.15,0.10974763726826521,3.0,10.0,,False,False,False,False,resistant-enriched,mixed,True,0.9900990099009901,0.6371047542764448,1.22779021595706,0.9900990099009901,0.9351334736982291,0.5630506098033631,0.9704111870100011,0.02,0.0766838821881934,1.0,1.2419685664952145,1.7907469224758357,10.0,2.0,1.4783389765335024,0.17117471175358137,11,10.0,0.11296938569965309,0.10476585842694308,-0.00820352727271001
0.5,0.6931471805599453,2.3558530847043704,1.4847611738394988,3.8406142585438694,0.38659471477420154,-0.11340528522579846,-0.4616489722861602,-0.4616489722861602,0.6672004638264536,-0.025946716733491693,0.3903418376668481,0.02414540583287983,1.0,1137.0533308107529,4.222683867514499,24.612003340857562,2.15,0.24992463509140497,3.0,258.0,,False,False,False,False,susceptible-enriched,mixed,True,0.009900990099009903,0.7637977596839965,1.6335191409268748,0.009900990099009903,0.7935162969963544,0.7626917873153202,0.04929499054464299,0.02,0.5067765848610151,1.0,1.1238914875790034,4.8016607167899075,0.1,2.0,1.6411677857117515,0.4707094119188502,12,0.1,-0.11340528522579846,-0.17568648153144145,-0.062281196305642994
0.5,0.6931471805599453,2.2465173172276924,1.078275139972232,3.3247924571999246,0.32431351846855855,-0.17568648153144145,-0.7340184862291889,-0.7340184862291889,0.6300782131273253,-0.06306896743262003,0.3551469711825036,0.11213257204374105,2.0,979.1914484531646,7.674012866479506,0.47721519725216377,2.15,0.10606116133353499,2.0,14.0,,False,False,False,False,susceptible-enriched,mixed,True,0.9900990099009901,0.8732890241829628,0.876303307224088,0.9900990099009901,0.7935162969963544,0.7626917873153202,0.04929499054464299,0.02,0.5067765848610151,1.0,1.1238914875790034,4.8016607167899075,10.0,2.0,1.6411677857117515,0.4707094119188502,12,10.0,-0.11340528522579846,-0.17568648153144145,-0.062281196305642994
0.5,0.6931471805599453,1.595449741078364,2.7837729730907577,4.379222714169122,0.6356774146434176,0.13567741464341765,0.5566515263059801,0.5566515263059802,0.6558647772029995,-0.03728240335694577,0.4,0.0,0.0,1303.1175579083067,1.706211652835836,1.752263254158414,2.15,0.01802654978191201,2.0,6.0,,False,False,False,False,resistant-enriched,mixed,True,0.009900990099009903,0.10187238761544117,4.393265441858291,0.009900990099009903,0.9802728497183489,0.09305528912610862,0.8609785877041981,0.02,0.005815840325271354,1.0,1.307309558791378,4.714156281786293,0.1,2.0,4.43639500780917,0.9818977240238981,13,0.1,0.13567741464341765,0.025894989626085052,-0.1097824250173326
0.5,0.6931471805599453,1.8402966980314661,2.0413258492182864,3.8816225472497523,0.525894989626085,0.025894989626085052,0.10367271528119915,0.10367271528119915,0.6918054794230634,-0.0013417011368819232,0.03738795510530543,0.9065301122367364,18.0,1031.9929830811009,50.58659724946334,1.9249035611407543,2.1499999999999995,0.1322341179723651,2.0,61.0,,False,False,False,False,resistant-enriched,mixed,True,0.9900990099009901,0.9747651380593623,0.12343841272124165,0.9900990099009901,0.9802728497183489,0.09305528912610862,0.8609785877041981,0.02,0.005815840325271354,1.0,1.307309558791378,4.714156281786293,10.0,2.0,4.43639500780917,0.9818977240238981,13,10.0,0.13567741464341765,0.025894989626085052,-0.1097824250173326
0.5,0.6931471805599453,2.197411480507605,1.8951504276312718,4.092561908138877,0.4630719021897718,-0.03692809781022821,-0.1479818511384335,-0.1479818511384335,0.690417326804728,-0.002729853755217282,0.4,0.0,0.0,1215.4495508319992,2.3553070749249647,16.194164164621537,2.15,0.16652552521659103,2.0,215.0,5.0,False,False,False,True,susceptible-enriched,mixed,True,0.009900990099009903,0.9830656661678938,3.7592250343075273,0.009900990099009903,0.9499000635758662,0.9830222529511793,0.10688976743682423,0.02,0.5985300809584678,1.0,1.1456837789415912,4.06016399741404,0.1,2.0,3.768862263188866,0.258263648030385,14,0.1,-0.03692809781022821,-0.040048587524763424,-0.003120489714535213
0.5,0.6931471805599453,2.1557857105093943,1.8360508766209123,3.9918365871303063,0.4599514124752366,-0.040048587524763424,-0.1605382535577636,-0.1605382535577635,0.6899359630539862,-0.0032112175059590964,0.4,0.0,0.0,1184.3850016467968,2.985344651082089,0.21227004070723854,2.15,0.09162814423398319,1.0,8.0,6.0,False,False,False,True,susceptible-enriched,mixed,True,0.9900990099009901,0.9873635746226304,2.805139375054995,0.9900990099009901,0.9499000635758662,0.9830222529511793,0.10688976743682423,0.02,0.5985300809584678,1.0,1.1456837789415912,4.06016399741404,10.0,2.0,3.768862263188866,0.258263648030385,14,10.0,-0.03692809781022821,-0.040048587524763424,-0.003120489714535213
0.5,0.6931471805599453,2.363636399518685,1.6852784023399647,4.04891480185865,0.4162296528359499,-0.08377034716405007,-0.3382705063071085,-0.3382705063071087,0.6790458300557873,-0.01410135050415795,0.4,0.0,0.0,1201.5198956881363,2.601825423479512,13.82493679142097,2.15,0.14128273105638006,3.0,199.0,,False,False,False,False,susceptible-enriched,mixed,True,0.009900990099009903,0.6084532930317642,3.150850960113315,0.009900990099009903,0.7881500109203071,0.6055271578730173,0.03218853550288592,0.02,0.3551962616382887,1.0,1.2528231298589427,2.894398297568129,0.1,2.0,3.1743981273101705,0.7492015152168862,15,0.1,-0.08377034716405007,-0.2113577914205279,-0.12758744425647783
0.5,0.6931471805599453,2.06128485724602,0.836391786078276,2.897676643324296,0.2886422085794721,-0.2113577914205279,-0.9019876375227992,-0.9019876375227992,0.6009314567453137,-0.09221572381463161,0.3424148006426714,0.1439629983933216,2.0,851.2547324578552,9.04114764581702,0.6156921517154857,2.1500000000000004,0.10508329126000023,2.0,18.0,,False,False,False,False,susceptible-enriched,mixed,True,0.9900990099009901,0.8981406737477172,0.8196814076246006,0.9900990099009901,0.7881500109203071,0.6055271578730173,0.03218853550288592,0.02,0.3551962616382887,1.0,1.2528231298589427,2.894398297568129,10.0,2.0,3.1743981273101705,0.7492015152168862,15,10.0,-0.08377034716405007,-0.2113577914205279,-0.12758744425647783
0.5,0.6931471805599453,1.1846393483164075,3.0812423351343945,4.265881683450802,0.7222990611970943,0.2222990611970943,0.9558944903709038,0.9558944903709038,0.5907688110396799,-0.10237836952026536,0.4,0.0,0.0,1268.4921266109031,2.765846969801192,3.9140323144718367,2.15,0.0400813053112823,3.0,72.0,,False,False,False,False,resistant-enriched,mixed,True,0.009900990099009903,0.08946736058109553,1.837967677757994,0.009900990099009903,0.9604336695604402,0.08250684526283335,0.5454956261138155,0.02,0.3967414186457821,1.0,1.296680835087208,2.043986419287349,0.1,2.0,1.8520179178281027,0.7662313811440596,16,0.1,0.2222990611970943,0.14098854264789884,-0.08131051854919547
0.5,0.6931471805599453,1.2701642279840932,2.2677847760733933,3.5379490040574866,0.6409885426478988,0.14098854264789884,0.5796572799678534,0.5796572799678534,0.6528473012514713,-0.04029987930847401,0.4,0.0,0.0,1042.488614825193,8.386578425651892,1.0120827814214701,2.15,0.16650097708498637,5.0,14.0,,False,False,False,False,resistant-enriched,mixed,True,0.9900990099009901,0.7785583770890508,0.44699391081723866,0.9900990099009901,0.9604336695604402,0.08250684526283335,0.5454956261138155,0.02,0.3967414186457821,1.0,1.296680835087208,2.043986419287349,10.0,2.0,1.8520179178281027,0.7662313811440596,16,10.0,0.2222990611970943,0.14098854264789884,-0.08131051854919547
0.5,0.6931471805599453,2.533477752997633,1.8347633254613682,4.368241078459001,0.4200233669586349,-0.0799766330413651,-0.3226774695235641,-0.3226774695235641,0.6802995413039448,-0.01284763925600052,0.4,0.0,0.0,1296.3926953599855,2.2730434022328185,12.937657125296084,2.15,0.13312755069590856,2.0,193.0,6.0,False,False,False,True,susceptible-enriched,mixed,True,0.009900990099009903,0.6843887382689079,3.912757276536563,0.009900990099009903,0.8213438851975615,0.6833394102753001,0.900340416513373,0.02,0.806242541824251,1.0,1.3591959746862279,4.154752784603142,0.1,2.0,3.925766209487633,0.33468682492673524,17,0.1,-0.0799766330413651,-0.1014892690584786,-0.021512636017113507
0.5,0.6931471805599453,2.6169062389347855,1.733805192760535,4.35071143169532,0.3985107309415214,-0.1014892690584786,-0.4116742687510439,-0.4116742687510439,0.6724031977781195,-0.020743982781825765,0.3570959108843691,0.10726022278907732,1.0,1288.5698365114858,3.265238343366521,0.21085737421161505,2.15,0.08622764087146864,1.0,8.0,6.0,False,False,False,True,susceptible-enriched,mixed,True,0.9900990099009901,0.7882722096360797,2.624872914380622,0.9900990099009901,0.8213438851975615,0.6833394102753001,0.900340416513373,0.02,0.806242541824251,1.0,1.3591959746862279,4.154752784603142,10.0,2.0,3.925766209487633,0.33468682492673524,17,10.0,-0.0799766330413651,-0.1014892690584786,-0.021512636017113507
0.5,0.6931471805599453,2.1743884923881236,2.144596337011541,4.318984829399664,0.4965510233824179,-0.003448976617582089,-0.013796125287740444,-0.013796125287740444,0.6931233894918558,-2.3791068089473733e-05,0.4,0.0,0.0,1281.6307068010801,2.7057574471230574,8.435542703311635,2.15,0.08653467774271653,2.0,150.0,,False,False,False,False,susceptible-enriched,mixed,True,0.009900990099009903,0.2950874084399993,2.52875583076035,0.009900990099009903,0.7637048739815837,0.294362485116754,0.7375788522004566,0.02,0.7089396253514959,1.0,1.3199398057781793,4.494856420793452,0.1,2.0,2.531356371738706,0.10376043521423457,18,0.1,-0.003448976617582089,-0.009996122034121535,-0.006547145416539446
0.5,0.6931471805599453,2.194577916524262,2.1085487577947095,4.303126674318971,0.49000387796587846,-0.009996122034121535,-0.03998981654536504,-0.03998981654536504,0.6929473223337115,-0.00019985822623380667,0.40000000000000013,-2.220446049250313e-16,0.0,1276.1229679352273,3.026551411071485,0.11643796503584125,2.15,0.0491059879916429,1.0,8.0,,False,False,False,False,susceptible-enriched,mixed,True,0.9900990099009901,0.36685481744128523,2.271302273903128,0.9900990099009901,0.7637048739815837,0.294362485116754,0.7375788522004566,0.02,0.7089396253514959,1.0,1.3199398057781793,4.494856420793452,10.0,2.0,2.531356371738706,0.10376043521423457,18,10.0,-0.003448976617582089,-0.009996122034121535,-0.006547145416539446
0.5,0.6931471805599453,2.8000400016025417,1.0701445064458557,3.870184508048397,0.2765099452546497,-0.22349005474535028,-0.9618400112575833,-0.9618400112575833,0.58962680789433,-0.10352037266561531,0.3588159417835075,0.10296014554123123,1.0,1143.3552219771727,4.949904109859966,31.610728755433392,2.1499999999999995,0.31847928355667454,5.0,284.0,7.0,False,False,False,True,susceptible-enriched,mixed,True,0.009900990099009903,0.9214267467194334,1.4179135811700145,0.009900990099009903,0.758043947610438,0.9207399810556404,0.31037370577426854,0.02,0.6342355391823561,1.0,1.2081030537326343,3.2975352927512867,0.1,2.0,1.4303067852326765,0.8751364555158986,19,0.1,-0.22349005474535028,-0.4115774048344383,-0.188087350089088
0.5,0.6931471805599453,1.9151720556221445,0.1857708214887468,2.1009428771108913,0.08842259516556171,-0.4115774048344383,-2.333048972388836,-2.333048972388836,0.29887301297676755,-0.39427416758317774,0.26242972223005473,0.3439256944248632,4.0,608.7863682918874,30.808291816372467,0.7995203896524216,2.15,0.1055900785818085,2.0,110.0,,False,False,False,False,susceptible-enriched,susceptible-dominant,True,0.9900990099009901,0.9894165474349372,0.19098637896647444,0.9900990099009901,0.758043947610438,0.9207399810556404,0.31037370577426854,0.02,0.6342355391823561,1.0,1.2081030537326343,3.2975352927512867,10.0,2.0,1.4303067852326765,0.8751364555158986,19,10.0,-0.22349005474535028,-0.4115774048344383,-0.188087350089088
0.5,0.6931471805599453,1.9613903725898831,2.2807837460114935,4.242174118601376,0.5376450099043687,0.0376450099043687,0.15086553662298402,0.15086553662298402,0.6903102031884816,-0.0028369773714637114,0.4,0.0,0.0,1261.0045648646217,2.1547727942723287,3.715872729877294,2.15,0.03825159811411923,2.0,67.0,,False,False,False,False,resistant-enriched,mixed,True,0.009900990099009903,0.17919675168316543,3.255319994322445,0.009900990099009903,0.837997367965269,0.1711895206923407,0.2251654014027028,0.02,0.2960504881521075,1.0,1.1631941806494681,3.3820577439563957,0.1,2.0,3.2870768120458664,0.9757723270449766,20,0.1,0.0376450099043687,-0.32322616583405755,-0.36087117573842625
0.5,0.6931471805599453,1.1965691786222485,0.25694290381980533,1.453512082442054,0.17677383416594245,-0.32322616583405755,-1.5383598270754264,-1.5383598270754264,0.4664660744137217,-0.2266811061462236,0.2883592385998043,0.27910190350048936,5.0,420.25206700322553,40.0759947803909,1.1855000535644757,2.15,0.11511486274320763,2.0,126.0,,False,False,False,False,susceptible-enriched,susceptible-dominant,True,0.9900990099009901,0.9719126197748131,0.11139503970370959,0.9900990099009901,0.837997367965269,0.1711895206923407,0.2251654014027028,0.02,0.2960504881521075,1.0,1.1631941806494681,3.3820577439563957,10.0,2.0,3.2870768120458664,0.9757723270449766,20,10.0,0.0376450099043687,-0.32322616583405755,-0.36087117573842625
0.5,0.6931471805599453,2.2382848072071573,1.9540216787468465,4.192306485954004,0.4660970483178279,-0.03390295168217211,-0.13582021338518543,-0.13582021338518543,0.6908465955220016,-0.0023005850379437254,0.4,0.0,0.0,1244.7676671137294,2.1649966724834524,13.41935438578274,2.1500000000000004,0.13708596043693583,3.0,196.0,,False,False,False,False,susceptible-enriched,mixed,True,0.009900990099009903,0.6399597538467714,4.010856605284002,0.009900990099009903,0.858958382974967,0.6386303562702302,0.38640820073735344,0.02,0.48670673079194016,1.0,1.3847831851686583,2.188513920660421,0.1,2.0,4.025666124797132,0.3715562653377129,21,0.1,-0.03390295168217211,-0.05333018661579747,-0.01942723493362536
0.5,0.6931471805599453,2.2398494789838415,1.8080942861718303,4.047943765155672,0.44666981338420253,-0.05333018661579747,-0.21413525668535063,-0.21413525668535052,0.6874481282973722,-0.005699052262573057,0.4,0.0,0.0,1199.4867440372302,3.1991726054966976,0.24823417834352426,2.15,0.08248938816524472,2.0,9.0,,False,False,False,False,susceptible-enriched,mixed,True,0.9900990099009901,0.7715701139243423,2.5447141734840963,0.9900990099009901,0.858958382974967,0.6386303562702302,0.38640820073735344,0.02,0.48670673079194016,1.0,1.3847831851686583,2.188513920660421,10.0,2.0,4.025666124797132,0.3715562653377129,21,10.0,-0.03390295168217211,-0.05333018661579747,-0.01942723493362536
0.5,0.6931471805599453,2.1778754153464894,2.0193535433378584,4.197228958684348,0.48111588936783656,-0.018884110632163442,-0.0755723893300835,-0.07557238933008306,0.6924337916338135,-0.0007133889261318194,0.39347055052800606,0.016323623679984856,1.0,1244.2012399581135,3.443362564549819,23.06025338786265,2.1499999999999995,0.23584906191892063,3.0,251.0,,False,False,False,False,susceptible-enriched,mixed,True,0.009900990099009903,0.828417675490758,1.9869101061678511,0.009900990099009903,0.9174460672205406,0.8281426836444777,0.6055475866966284,0.02,0.7397715696416052,1.0,1.1744656030229363,4.662337770242038,0.1,2.0,1.9900944905737081,0.1616118362796095,22,0.1,-0.018884110632163442,-0.023454129334924634,-0.004570018702761192
0.5,0.6931471805599453,2.1711686505127634,1.9766038644759802,4.147772514988744,0.47654587066507537,-0.023454129334924634,-0.09388541913965119,-0.09388541913965097,0.6920465843642739,-0.0011005961956713772,0.38353933028889853,0.04115167427775368,1.0,1228.1091146487706,4.157450671287945,0.2934152955396418,2.15,0.10152360694901945,2.0,9.0,,False,False,False,False,susceptible-enriched,mixed,True,0.9900990099009901,0.8556418682724992,1.6716560499880142,0.9900990099009901,0.9174460672205406,0.8281426836444777,0.6055475866966284,0.02,0.7397715696416052,1.0,1.1744656030229363,4.662337770242038,10.0,2.0,1.9900944905737081,0.1616118362796095,22,10.0,-0.018884110632163442,-0.023454129334924634,-0.004570018702761192
0.5,0.6931471805599453,1.630539524520839,1.8848743391856246,3.5154138637064634,0.5361742350297027,0.03617423502970274,0.1449501984259373,0.1449501984259373,0.6905277420472142,-0.0026194385127310538,0.4,0.0,0.0,1038.5997395209329,5.9976622662096215,57.91117519091681,2.15,0.5798215733650094,6.0,,,False,False,False,False,resistant-enriched,mixed,True,0.009900990099009903,0.6930081064183262,0.707071668251737,0.009900990099009903,0.8600792694087733,0.6929919108838388,0.32614836120137136,0.02,0.4461679868952089,1.0,1.325950532667717,1.4956383010144092,0.1,2.0,0.7071089702255923,0.005328032195929697,23,0.1,0.03617423502970274,0.05031779276925641,0.01414355773955367
0.5,0.6931471805599453,1.5087060788106823,1.8463434529501468,3.3550495317608293,0.5503177927692564,0.05031779276925641,0.20195478926704022,0.20195478926704044,0.6880748379840864,-0.005072342575858868,0.4000000000000001,-2.220446049250313e-16,0.0,990.5484169649775,6.721353142818519,0.7236801132379056,2.15,0.12877920407493176,4.0,13.0,,False,False,False,False,resistant-enriched,mixed,True,0.9900990099009901,0.6946114643325733,0.703378772840055,0.9900990099009901,0.8600792694087733,0.6929919108838388,0.32614836120137136,0.02,0.4461679868952089,1.0,1.325950532667717,1.4956383010144092,10.0,2.0,0.7071089702255923,0.005328032195929697,23,10.0,0.03617423502970274,0.05031779276925641,0.01414355773955367
0.5,0.6931471805599453,1.7983366359351929,2.548299875207439,4.346636511142632,0.5862693760278447,0.08626937602784468,0.3485642746921668,0.348564274692167,0.6781876238368402,-0.014959556723105116,0.4000000000000001,-2.220446049250313e-16,0.0,1293.1040534066196,1.7836111122397793,5.207354466624208,2.15,0.053605993814385036,2.0,101.0,,False,False,False,False,resistant-enriched,mixed,True,0.009900990099009903,0.31669557361415274,4.3118948977456,0.009900990099009903,0.9715044559143168,0.31364647994908373,0.7220911770403039,0.02,0.7892005652251899,1.0,1.1554792305319097,2.305242490275594,0.1,2.0,4.331135767421652,0.44868781345963465,24,0.1,0.08626937602784468,0.07511658900172846,-0.011152787026116218
0.5,0.6931471805599453,1.8198879344374155,2.463376338369929,4.283264272807345,0.5751165890017285,0.07511658900172846,0.30275797949790645,0.30275797949790645,0.6818193382932712,-0.011327842266674049,0.4,0.0,0.0,1272.2250225535186,2.743833091532518,0.17457720993524908,2.15,0.06380555838673166,2.0,8.0,,False,False,False,False,resistant-enriched,mixed,True,0.9900990099009901,0.6185558464559839,2.407048799816466,0.9900990099009901,0.9715044559143168,0.31364647994908373,0.7220911770403039,0.02,0.7892005652251899,1.0,1.1554792305319097,2.305242490275594,10.0,2.0,4.331135767421652,0.44868781345963465,24,10.0,0.08626937602784468,0.07511658900172846,-0.011152787026116218
0.5,0.6931471805599453,1.63165162695653,2.429204409987917,4.060856036944447,0.5982000809405076,0.09820008094050758,0.39797103056655836,0.39797103056655836,0.6737347253491983,-0.01941245521074697,0.4,0.0,0.0,1203.9017355838969,4.164835193065332,26.29400954406819,2.15,0.26599850990311397,5.0,265.0,,False,False,False,False,resistant-enriched,mixed,True,0.009900990099009903,0.4359762217138028,1.08210056910435,0.009900990099009903,0.8513750803210065,0.4356768741891615,0.5199575337899343,0.02,0.8479019590877881,1.0,1.2350500586999,1.6900490173721128,0.1,2.0,1.0826748784495313,0.05357586568036914,25,0.1,0.09820008094050758,0.10181277443416359,0.003612693493656005
0.5,0.6931471805599453,1.5951891343567282,2.4109392191832795,4.006128353540007,0.6018127744341636,0.10181277443416359,0.41302408034504756,0.41302408034504756,0.6722698006134799,-0.020877379946465435,0.4,0.0,0.0,1187.0991585530944,4.553057231246179,0.33062562076283536,2.15,0.08615937795050704,3.0,10.0,,False,False,False,False,resistant-enriched,mixed,True,0.9900990099009901,0.4656116266532878,1.0252439439313907,0.9900990099009901,0.8513750803210065,0.4356768741891615,0.5199575337899343,0.02,0.8479019590877881,1.0,1.2350500586999,1.6900490173721128,10.0,2.0,1.0826748784495313,0.05357586568036914,25,10.0,0.09820008094050758,0.10181277443416359,0.003612693493656005
0.5,0.6931471805599453,1.1988706587300781,2.492060999247891,3.690931657977969,0.6751848124473634,0.1751848124473634,0.731730082714786,0.7317300827147858,0.630445873421545,-0.06270130713840028,0.4000000000000001,-2.220446049250313e-16,0.0,1093.3830541735797,5.615641485366448,50.08748880947836,2.15,0.504899198861367,6.0,,,False,False,False,False,resistant-enriched,mixed,True,0.009900990099009903,0.5423404823456763,0.49497043913766775,0.009900990099009903,0.9282202031725253,0.5400987550725496,0.36027786302158904,0.02,0.7604437044663985,1.0,1.2277695275289873,1.6327389192466124,0.1,2.0,0.4973949243499354,0.4923110278197255,26,0.1,0.1751848124473634,0.10614432090877379,-0.0690404915385896
0.5,0.6931471805599453,1.1928427176909369,1.8357862472214785,3.028628964912415,0.6061443209087738,0.10614432090877379,0.4311335655579975,0.4311335655579975,0.6704415711938803,-0.022705609366065027,0.4,0.0,0.0,893.8139562611946,9.16583970067463,1.0974417834990382,2.15,0.17538873998802426,5.0,21.0,,False,False,False,False,resistant-enriched,mixed,True,0.9900990099009901,0.7642714823852272,0.2549464031231717,0.9900990099009901,0.9282202031725253,0.5400987550725496,0.36027786302158904,0.02,0.7604437044663985,1.0,1.2277695275289873,1.6327389192466124,10.0,2.0,0.4973949243499354,0.4923110278197255,26,10.0,0.1751848124473634,0.10614432090877379,-0.0690404915385896
0.5,0.6931471805599453,2.108602460053239,1.9872342961207996,4.095836756174038,0.4851839598160877,-0.014816040183912305,-0.05928151571314732,-0.0592815157131471,0.6927080861947652,-0.0004390943651800816,0.4000000000000001,-2.220446049250313e-16,0.0,1216.3001455005674,2.2361101966705323,7.5993490025766315,2.1499999999999995,0.07766302554651115,3.0,139.0,,False,False,False,False,susceptible-enriched,mixed,True,0.009900990099009903,0.27644122827319034,3.350290784562169,0.009900990099009903,0.7675447574163761,0.27069480608691804,0.005886768019022011,0.02,0.5569733375247204,1.0,1.3629937610273912,1.5625366208245954,0.1,2.0,3.3768984162393108,0.7958103763109552,27,0.1,-0.014816040183912305,-0.1884797132171685,-0.1736636730332562
0.5,0.6931471805599453,1.726907618267474,0.7813835994909674,2.5082912177584413,0.3115202867828315,-0.1884797132171685,-0.7930213903298013,-0.7930213903298013,0.6203116773772919,-0.07283550318265342,0.38493100953425063,0.037672476164373414,1.0,737.9324732910181,8.676303146078952,0.7280221770882017,2.1500000000000004,0.10133937253887186,2.0,19.0,,False,False,False,False,susceptible-enriched,mixed,True,0.9900990099009901,0.8453370247141496,0.7161352485251776,0.9900990099009901,0.7675447574163761,0.27069480608691804,0.005886768019022011,0.02,0.5569733375247204,1.0,1.3629937610273912,1.5625366208245954,10.0,2.0,3.3768984162393108,0.7958103763109552,27,10.0,-0.014816040183912305,-0.1884797132171685,-0.1736636730332562
0.5,0.6931471805599453,1.304116063912685,2.7273620182764926,4.031478082189178,0.6765166429468661,0.1765166429468661,0.7378093827508895,0.7378093827508895,0.6294672861239917,-0.06367989443595357,0.4,0.0,0.0,1195.3112325359143,4.394930987519097,25.42877684715797,2.15,0.2587850347534261,4.0,262.0,,False,False,False,False,resistant-enriched,mixed,True,0.009900990099009903,0.41507125634992476,0.8916875615674114,0.009900990099009903,0.905866053712371,0.41156855660940384,0.43200462966702585,0.02,0.9260804594119781,1.0,1.2565595455101484,2.8164316001957204,0.1,2.0,0.8970272098996813,0.6012130686867118,28,0.1,0.1765166429468661,0.07709102521678912,-0.09942561773007697
0.5,0.6931471805599453,1.4846315421105116,2.025891125022657,3.510522667133168,0.5770910252167891,0.07709102521678912,0.3108430438223623,0.3108430438223623,0.6812135818893161,-0.011933598670629153,0.3949662720861431,0.01258431978464225,1.0,1033.988178729695,8.34487955244926,0.7812479908041821,2.15,0.12892306087605873,4.0,16.0,,False,False,False,False,resistant-enriched,mixed,True,0.9900990099009901,0.7618385306614943,0.3630623766726848,0.9900990099009901,0.905866053712371,0.41156855660940384,0.43200462966702585,0.02,0.9260804594119781,1.0,1.2565595455101484,2.8164316001957204,10.0,2.0,0.8970272098996813,0.6012130686867118,28,10.0,0.1765166429468661,0.07709102521678912,-0.09942561773007697
0.5,0.6931471805599453,2.1295564521592674,2.130851324261871,4.260407776421138,0.5001519657472426,0.0001519657472426328,0.0006078630076871066,0.0006078630076873287,0.693147134372768,-4.618717730497934e-08,0.4000000000000001,-2.220446049250313e-16,0.0,1265.3604542689195,2.149078036660585,13.982329099180859,2.15,0.14277216290439804,3.0,201.0,,False,False,False,False,neutral,mixed,True,0.009900990099009903,0.559675492021352,3.633408465284567,0.009900990099009903,0.8764185769098178,0.5558419029821404,0.6265825769112962,0.02,0.8715106606707672,1.0,1.2771430263043504,1.294960904351259,0.1,2.0,3.6650419415392417,0.8717447583642889,29,0.1,0.0001519657472426328,-0.12476094611920518,-0.12491291186644782
0.5,0.6931471805599453,2.2168067101206197,1.3314411819581693,3.548247892078789,0.3752390538807948,-0.12476094611920518,-0.5098057904769205,-0.5098057904769208,0.6616852311030251,-0.03146194945692016,0.4,0.0,0.0,1044.6213952393414,8.021893879931788,0.9691127769102763,2.15,0.13207107508791843,6.0,17.0,,False,False,False,False,susceptible-enriched,mixed,True,0.9900990099009901,0.9392008069033051,0.5016943160718057,0.9900990099009901,0.8764185769098178,0.5558419029821404,0.6265825769112962,0.02,0.8715106606707672,1.0,1.2771430263043504,1.294960904351259,10.0,2.0,3.6650419415392417,0.8717447583642889,29,10.0,0.0001519657472426328,-0.12476094611920518,-0.12491291186644782
0.5,0.6931471805599453,1.7862448669981466,2.4361327054113264,4.2223775724094725,0.5769575703816471,0.07695757038164708,0.3102962484948246,0.3102962484948246,0.6812550289097321,-0.011892151650213179,0.4,0.0,0.0,1253.4484276674843,3.1492169956441205,5.730638154809932,2.1500000000000004,0.05865551604459242,3.0,111.0,,False,False,False,False,resistant-enriched,mixed,True,0.009900990099009903,0.15093700732406432,1.7622698699771489,0.009900990099009903,0.7771982477541429,0.14817954796707447,0.4394210810583858,0.02,0.5822557225466797,1.0,1.205406825020606,3.70172529284285,0.1,2.0,1.7679931055726548,0.3269508197312095,30,0.1,0.07695757038164708,0.040570878929552245,-0.03638669145209483
0.5,0.6931471805599453,1.864338379767974,2.193607218944087,4.057945598712061,0.5405708789295522,0.040570878929552245,0.1626410867339357,0.1626410867339357,0.6898515661736824,-0.003295614386262913,0.4,0.0,0.0,1201.641089328369,4.5336953881517,0.2259935750800063,2.15,0.07342441211978316,2.0,9.0,,False,False,False,False,resistant-enriched,mixed,True,0.9900990099009901,0.4239254836660591,1.1956695460220546,0.9900990099009901,0.7771982477541429,0.14817954796707447,0.4394210810583858,0.02,0.5822557225466797,1.0,1.205406825020606,3.70172529284285,10.0,2.0,1.7679931055726548,0.3269508197312095,30,10.0,0.07695757038164708,0.040570878929552245,-0.03638669145209483
0.5,0.6931471805599453,1.1696272439643465,2.085281935155361,3.254909179119707,0.6406574870145308,0.14065748701453085,0.5782189636620262,0.5782189636620262,0.6530389619619954,-0.040108218597949885,0.4,0.0,0.0,958.4844342568887,10.087430169299296,100.32555884282533,2.15,1.0021744113118338,8.0,,,False,False,False,False,resistant-enriched,mixed,True,0.009900990099009903,0.7981403481897301,0.26281939367248147,0.009900990099009903,0.9656058815615103,0.796323243953393,0.4144254656921533,0.02,0.15895731809020466,1.0,1.128340018536268,3.1295560177130097,0.1,2.0,0.2651852465279233,0.9010725201654889,31,0.1,0.14065748701453085,-0.04148678609647949,-0.18214427311101034
0.5,0.6931471805599453,0.8338862418749738,0.7061074630247723,1.539993704899746,0.4585132139035205,-0.04148678609647949,-0.16632955259981963,-0.16632955259981963,0.6897009129757534,-0.0034462675841918644,0.3792061777516072,0.05198455562098203,3.0,446.8592374690651,47.8977670815752,2.323096693904923,2.15,0.15363216542070945,13.0,147.0,,False,False,False,False,susceptible-enriched,mixed,True,0.9900990099009901,0.9780336675871035,0.02859996098374281,0.9900990099009901,0.9656058815615103,0.796323243953393,0.4144254656921533,0.02,0.15895731809020466,1.0,1.128340018536268,3.1295560177130097,10.0,2.0,0.2651852465279233,0.9010725201654889,31,10.0,0.14065748701453085,-0.04148678609647949,-0.18214427311101034
0.5,0.6931471805599453,2.3860355010567824,1.8825321299666355,4.2685676310234175,0.44102197568210627,-0.05897802431789373,-0.23701545420799391,-0.23701545420799391,0.6861741429721464,-0.00697303758779888,0.4,0.0,0.0,1268.4744838002648,1.93637301543918,11.244710889218542,2.15,0.11574100015772362,2.0,178.0,5.0,False,False,False,True,susceptible-enriched,mixed,True,0.009900990099009903,0.8448790355121538,4.950252393078746,0.009900990099009903,0.8921405268348789,0.8438809196817209,0.4856716290225602,0.02,0.05523703521848808,1.0,1.1185367238111774,3.2421372894756586,0.1,2.0,4.982104472483254,0.6457231151260442,32,0.1,-0.05897802431789373,-0.08699983753877888,-0.02802181322088515
0.5,0.6931471805599453,2.360774807933826,1.6609891806769315,4.021763988610758,0.4130001624612211,-0.08699983753877888,-0.3515765567332458,-0.351576556733246,0.6779319109677491,-0.015215269592196212,0.4,0.0,0.0,1190.5066569848755,4.388472143379246,0.33529435152848575,2.1499999999999995,0.10278193169879424,2.0,9.0,6.0,False,False,False,True,susceptible-enriched,mixed,True,0.9900990099009901,0.9436925027250201,1.796896532032478,0.9900990099009901,0.8921405268348789,0.8438809196817209,0.4856716290225602,0.02,0.05523703521848808,1.0,1.1185367238111774,3.2421372894756586,10.0,2.0,4.982104472483254,0.6457231151260442,32,10.0,-0.05897802431789373,-0.08699983753877888,-0.02802181322088515
0.5,0.6931471805599453,2.1066353254468546,2.036380198112029,4.1430155235588835,0.49152125704872135,-0.00847874295127865,-0.03391822318769344,-0.03391822318769344,0.6930033955043646,-0.00014378505558065857,0.4,0.0,0.0,1227.5780312523884,3.1330875107904173,35.32471346495469,2.15,0.35675438851367386,5.0,,,False,False,False,False,susceptible-enriched,mixed,True,0.009900990099009903,0.8686548427176908,2.4127594878777217,0.009900990099009903,0.9392191381791519,0.8677416347269955,0.6688172672065583,0.02,0.41751464577270764,1.0,1.394728342604515,1.1704081968219036,0.1,2.0,2.4295347637199822,0.6973774919252774,33,0.1,-0.00847874295127865,-0.05251657902336143,-0.04403783607208278
0.5,0.6931471805599453,2.0218452651157857,1.6374933717259121,3.6593386368416976,0.44748342097663857,-0.05251657902336143,-0.2108439512920853,-0.2108439512920853,0.6876210113747505,-0.005526169185194774,0.4,0.0,0.0,1076.8097579370763,7.3944489255209565,1.0455203324127533,2.15,0.14710154748714632,6.0,14.0,,False,False,False,False,susceptible-enriched,mixed,True,0.9900990099009901,0.9590624337965252,0.7520071794939301,0.9900990099009901,0.9392191381791519,0.8677416347269955,0.6688172672065583,0.02,0.41751464577270764,1.0,1.394728342604515,1.1704081968219036,10.0,2.0,2.4295347637199822,0.6973774919252774,33,10.0,-0.00847874295127865,-0.05251657902336143,-0.04403783607208278
0.5,0.6931471805599453,0.3811549306877197,3.049409124721725,3.430564055409445,0.8888943845585101,0.3888943845585101,2.079497186538876,2.079497186538876,0.34882066776642034,-0.34432651279352494,0.4,0.0,0.0,1015.3626822571152,8.184612468832764,57.117733432201554,2.15,0.5773082911962979,6.0,,,False,False,False,False,resistant-enriched,resistant-dominant,True,0.009900990099009903,0.28188736455459656,0.20557774378431026,0.009900990099009903,0.8725488463646198,0.28040277883292936,0.18128676772773442,0.02,0.38370426992485557,1.0,1.3719280309622457,2.9374701155191563,0.1,2.0,0.2060027436632296,0.2083709518016241,34,0.1,0.3888943845585101,0.3882379225129786,-0.0006564620455314918
0.5,0.6931471805599453,0.32267484174259337,2.5644837454809197,2.8871585872235133,0.8882379225129786,0.3882379225129786,2.0728673342626,2.0728673342626,0.35018360075131577,-0.3429635798086295,0.4,0.0,0.0,851.684088940006,11.309038526108186,1.1211646323505131,2.15,0.19385344232082352,6.0,23.0,,False,False,False,False,resistant-enriched,resistant-dominant,True,0.9900990099009901,0.4288613509996485,0.1635027557712958,0.9900990099009901,0.8725488463646198,0.28040277883292936,0.18128676772773442,0.02,0.38370426992485557,1.0,1.3719280309622457,2.9374701155191563,10.0,2.0,0.2060027436632296,0.2083709518016241,34,10.0,0.3888943845585101,0.3882379225129786,-0.0006564620455314918
0.5,0.6931471805599453,2.1927258865648804,2.0769361378871523,4.269662024452033,0.4864404081617457,-0.013559591838254281,-0.05425166976145097,-0.05425166976145097,0.6927794104111331,-0.0003677701488121743,0.4,0.0,0.0,1269.4766765842965,1.7627249715899989,2.005283954235586,2.15,0.02064226541331725,2.0,7.0,,False,False,False,False,susceptible-enriched,mixed,True,0.009900990099009903,0.1264042418464417,4.560638300641036,0.009900990099009903,0.8007622964905162,0.12373785953739254,0.15853362662746404,0.02,0.5245378269556135,1.0,1.192202338921759,2.576901562816137,0.1,2.0,4.574558246072666,0.3073333889237628,35,0.1,-0.013559591838254281,-0.028370298271731598,-0.014810706433477316
0.5,0.6931471805599453,2.1980627767030803,1.9620173487180783,4.160080125421159,0.4716297017282684,-0.028370298271731598,-0.11360321293497165,-0.1136032129349721,0.6915365680351204,-0.0016106125248248615,0.4,0.0,0.0,1235.6149558241323,2.356960718607225,0.08612291702736798,2.15,0.03897010909854815,1.0,7.0,,False,False,False,False,susceptible-enriched,mixed,True,0.9900990099009901,0.39037609044230676,3.1825637029096394,0.9900990099009901,0.8007622964905162,0.12373785953739254,0.15853362662746404,0.02,0.5245378269556135,1.0,1.192202338921759,2.576901562816137,10.0,2.0,4.574558246072666,0.3073333889237628,35,10.0,-0.013559591838254281,-0.028370298271731598,-0.014810706433477316
0.5,0.6931471805599453,1.6125223014169792,2.632310377636829,4.244832679053808,0.6201211158748389,0.12012111587483887,0.49006233121629783,0.49006233121629783,0.6640048033699705,-0.02914237718997481,0.4,0.0,0.0,1262.5611995364152,2.2633389309449496,0.6154578696173716,2.15,0.006336246103388466,2.0,7.0,,False,False,False,False,resistant-enriched,mixed,True,0.009900990099009903,0.025579640192987894,2.671502322671207,0.009900990099009903,0.8961180567065151,0.02033474740471472,0.12808214577769306,0.02,0.32021759715398407,1.0,1.1094131710171575,3.4301985409644744,0.1,2.0,2.6858818900981523,0.5407297750045154,36,0.1,0.12012111587483887,0.0885192364987416,-0.031601879376097264
0.5,0.6931471805599453,1.5841234640059374,2.2656882514355132,3.849811715441451,0.5885192364987416,0.0885192364987416,0.3578473417432748,0.3578473417432746,0.6773929628748852,-0.015754217685060135,0.4,0.0,0.0,1141.5023226130352,4.323876337132925,0.26397892096183706,2.15,0.08718159707169353,2.0,9.0,,False,False,False,False,resistant-enriched,mixed,True,0.9900990099009901,0.5448240262320319,1.2479251474036213,0.9900990099009901,0.8961180567065151,0.02033474740471472,0.12808214577769306,0.02,0.32021759715398407,1.0,1.1094131710171575,3.4301985409644744,10.0,2.0,2.6858818900981523,0.5407297750045154,36,10.0,0.12012111587483887,0.0885192364987416,-0.031601879376097264
0.5,0.6931471805599453,2.4183224204680105,1.9339245438345554,4.352246964302566,0.4443508283644609,-0.05564917163553912,-0.22352270442902164,-0.22352270442902164,0.6869406690254862,-0.006206511534459058,0.4,0.0,0.0,1292.7000981670744,2.1711767499073185,14.5889136341097,2.15,0.14922949331671806,2.0,205.0,5.0,False,False,False,True,susceptible-enriched,mixed,True,0.009900990099009903,0.8991106041084945,4.11337727582016,0.009900990099009903,0.9076859262914444,0.8987043066663859,0.8522859782271056,0.02,0.46718194137810065,1.0,1.1414205061915166,2.6574222607975004,0.1,2.0,4.129942492122879,0.40511141493270064,37,0.1,-0.05564917163553912,-0.06693701786668066,-0.01128784623114154
0.5,0.6931471805599453,2.4492637558695782,1.870905290572086,4.320169046441665,0.43306298213331934,-0.06693701786668066,-0.2693650452595936,-0.2693650452595936,0.6841590908069873,-0.00898808975295795,0.4,0.0,0.0,1280.9977535291196,3.2151228320941563,0.24673103045888364,2.15,0.08502413276597727,2.0,9.0,6.0,False,False,False,True,susceptible-enriched,mixed,True,0.9900990099009901,0.9393340508772466,2.4734208618510145,0.9900990099009901,0.9076859262914444,0.8987043066663859,0.8522859782271056,0.02,0.46718194137810065,1.0,1.1414205061915166,2.6574222607975004,10.0,2.0,4.129942492122879,0.40511141493270064,37,10.0,-0.05564917163553912,-0.06693701786668066,-0.01128784623114154
0.5,0.6931471805599453,2.8654468117721255,1.4182978218355113,4.283744633607637,0.3310883218174154,-0.16891167818258462,-0.7032668576902639,-0.7032668576902639,0.6349466919257135,-0.05820048863423177,0.3352971371188398,0.16175715720290051,3.0,1255.0212129807828,9.842750112697402,66.33451902870621,2.15,0.65713605893308,8.0,,9.0,False,False,False,True,susceptible-enriched,mixed,True,0.009900990099009903,0.8917181691479409,0.5412309775820455,0.009900990099009903,0.830923890405642,0.8911579189532574,0.9278721442987979,0.02,0.1736267091349489,1.0,1.1868477454864736,3.791153762623693,0.1,2.0,0.544031306669327,0.5198841212778446,38,0.1,-0.16891167818258462,-0.33588120280766004,-0.16696952462507542
0.5,0.6931471805599453,3.417993123688525,0.671096464889076,4.0890895885776,0.16411879719233996,-0.33588120280766004,-1.6278959623659175,-1.6278959623659175,0.4464371051973416,-0.2467100753626037,0.2580040207235613,0.35498994819109675,5.0,1170.9573739588345,24.075916792570542,1.287943459605332,2.15,0.11562656370684823,2.0,49.0,16.0,False,False,False,True,susceptible-enriched,susceptible-dominant,True,0.9900990099009901,0.9471829384216115,0.26399839794118773,0.9900990099009901,0.830923890405642,0.8911579189532574,0.9278721442987979,0.02,0.1736267091349489,1.0,1.1868477454864736,3.791153762623693,10.0,2.0,0.544031306669327,0.5198841212778446,38,10.0,-0.16891167818258462,-0.33588120280766004,-0.16696952462507542
0.5,0.6931471805599453,1.7465748755979842,2.5944559397029097,4.341030815300893,0.5976589547713399,0.0976589547713399,0.3957201813441085,0.3957201813441085,0.673949468846954,-0.01919771171299134,0.4,0.0,0.0,1291.3692947839418,1.6596691072885403,1.0918661361725732,2.15,0.011231617926546311,2.0,6.0,,False,False,False,False,resistant-enriched,mixed,True,0.009900990099009903,0.06424399221789943,4.70240786663305,0.009900990099009903,0.9125974902008178,0.060316472199748734,0.5836850925799136,0.02,0.6703645435291777,1.0,1.3882309817198162,4.934786177969132,0.1,2.0,4.722144636556104,0.4221416148070889,39,0.1,0.0976589547713399,0.08849988147605703,-0.009159073295282871
0.5,0.6931471805599453,1.7511910826610333,2.504436082022617,4.25562716468365,0.588499881476057,0.08849988147605703,0.3577674171541322,0.3577674171541322,0.6773998882448292,-0.015747292315116068,0.4,0.0,0.0,1263.4775137389654,2.6065024987496135,0.12423475985466433,2.15,0.0619521375220424,1.0,7.0,,False,False,False,False,resistant-enriched,mixed,True,0.9900990099009901,0.4530684740148181,2.7484676442507303,0.9900990099009901,0.9125974902008178,0.060316472199748734,0.5836850925799136,0.02,0.6703645435291777,1.0,1.3882309817198162,4.934786177969132,10.0,2.0,4.722144636556104,0.4221416148070889,39,10.0,0.0976589547713399,0.08849988147605703,-0.009159073295282871
0.5,0.6931471805599453,1.8505747917820143,2.4234180791882602,4.273992870970274,0.5670150026801754,0.06701500268017535,0.2696826839509819,0.26968268395098166,0.6841380720387615,-0.00900910852118375,0.4000000000000001,-2.220446049250313e-16,0.0,1270.494494079108,2.074944821782836,8.492584022088383,2.15,0.08678489206799403,3.0,150.0,,False,False,False,False,resistant-enriched,mixed,True,0.009900990099009903,0.3822011536670239,3.5401810392943305,0.009900990099009903,0.9223119755337787,0.37771962193340264,0.5370644368299887,0.02,0.6500010566591582,1.0,1.2440981380507432,1.927226358475954,0.1,2.0,3.565861620869601,0.7273806487391834,40,0.1,0.06701500268017535,0.01072287529771565,-0.0562921273824597
0.5,0.6931471805599453,1.8929230142801703,1.9758926705568782,3.8688156848370485,0.5107228752977157,0.01072287529771565,0.04289807856219876,0.04289807856219876,0.6929172028201837,-0.00022997773976163316,0.40000000000000013,-2.220446049250313e-16,0.0,1143.7810424853924,5.411789880468705,0.5423787782822665,2.15,0.118513328442495,3.0,11.0,,False,False,False,False,resistant-enriched,mixed,True,0.9900990099009901,0.8258727952955273,0.997803463342585,0.9900990099009901,0.9223119755337787,0.37771962193340264,0.5370644368299887,0.02,0.6500010566591582,1.0,1.2440981380507432,1.927226358475954,10.0,2.0,3.565861620869601,0.7273806487391834,40,10.0,0.06701500268017535,0.01072287529771565,-0.0562921273824597
0.5,0.6931471805599453,1.8714147088321451,2.464302700450128,4.335717409282273,0.5683725362668561,0.06837253626685613,0.2752142137044998,0.2752142137044999,0.6837682145874784,-0.009378965972466902,0.4,0.0,0.0,1286.7019107498224,2.8082575087883175,16.97101070329453,2.15,0.1725089044365487,4.0,221.0,,False,False,False,False,resistant-enriched,mixed,True,0.009900990099009903,0.3633959537020223,2.2954344426940807,0.009900990099009903,0.8415458738905721,0.35820996457803816,0.8791217766134385,0.02,0.21184581913563047,1.0,1.3155593118527005,1.0168626420624092,0.1,2.0,2.3141338181125306,0.8161312463787652,41,0.1,0.06837253626685613,-0.13716324537755725,-0.20553578164441338
0.5,0.6931471805599453,2.5246556824429134,1.4376816004411679,3.9623372828840813,0.36283675462244275,-0.13716324537755725,-0.5630728735880514,-0.5630728735880516,0.6550329181324318,-0.03811426242751348,0.4000000000000001,-2.220446049250313e-16,0.0,1161.6316329700894,10.581560404130247,1.4526999264725773,2.1500000000000004,0.18063119919962797,8.0,19.0,10.0,False,False,False,True,susceptible-enriched,mixed,True,0.9900990099009901,0.8768088769764517,0.44419627626755,0.9900990099009901,0.8415458738905721,0.35820996457803816,0.8791217766134385,0.02,0.21184581913563047,1.0,1.3155593118527005,1.0168626420624092,10.0,2.0,2.3141338181125306,0.8161312463787652,41,10.0,0.06837253626685613,-0.13716324537755725,-0.20553578164441338
0.5,0.6931471805599453,2.4749677794494715,1.50564471612324,3.9806124955727116,0.37824448317886694,-0.12175551682113306,-0.49700618825439913,-0.49700618825439935,0.6631981720972802,-0.029949008462665128,0.38679442899660466,0.033013927508488417,1.0,1172.7026835583843,6.499374167662294,49.70042359549697,2.1500000000000004,0.49546602437932663,7.0,,,False,False,False,False,susceptible-enriched,mixed,True,0.009900990099009903,0.744217225515632,0.4116498365213196,0.009900990099009903,0.7711810387407847,0.7436069806361104,0.6588629151388535,0.02,0.9046910228539354,1.0,1.354158420308797,1.8705497137461253,0.1,2.0,0.4126319480235481,0.24039161824526742,42,0.1,-0.12175551682113306,-0.17442460693845802,-0.05266909011732496
0.5,0.6931471805599453,2.3979729578681015,1.1576104731008092,3.5555834309689107,0.325575393061542,-0.17442460693845802,-0.7282658360414721,-0.7282658360414721,0.6310008216259566,-0.06214635893398868,0.3701170599009001,0.07470735024774977,2.0,1040.683454460201,10.972973463976386,0.9559977782887153,2.15,0.10582495118116943,3.0,26.0,,False,False,False,False,susceptible-enriched,mixed,True,0.9900990099009901,0.8046314685882645,0.3144207978006988,0.9900990099009901,0.7711810387407847,0.7436069806361104,0.6588629151388535,0.02,0.9046910228539354,1.0,1.354158420308797,1.8705497137461253,10.0,2.0,0.4126319480235481,0.24039161824526742,42,10.0,-0.12175551682113306,-0.17442460693845802,-0.05266909011732496
0.5,0.6931471805599453,1.703386464544383,2.4199666506836723,4.123353115228055,0.5868928959167806,0.08689289591678062,0.3511354518115761,0.35113545181157624,0.6779694855484433,-0.015177695011502013,0.4,0.0,0.0,1224.639373299798,2.631814691818235,18.214198032319867,2.15,0.18630378962961266,3.0,227.0,,False,False,False,False,resistant-enriched,mixed,True,0.009900990099009903,0.6626595197614741,2.7749610887714264,0.009900990099009903,0.9946346382862702,0.6594533381080726,0.35014495807536244,0.02,0.19656403726436786,1.0,1.2821123424408105,2.4007295214623356,0.1,2.0,2.8013351228791357,0.9508956722539019,43,0.1,0.08689289591678062,0.025132965075781777,-0.061759930840998845
0.5,0.6931471805599453,0.9654649599115913,1.0676619764858053,2.0331269363973967,0.5251329650757818,0.025132965075781777,0.10061665896342985,0.10061665896342985,0.6918833161520701,-0.0012638644078751815,0.35028847712974276,0.1242788071756431,3.0,591.5636776544166,20.38723717792881,1.8656410198098223,2.15,0.15736563059265188,11.0,45.0,,False,False,False,False,resistant-enriched,mixed,True,0.9900990099009901,0.9800715034482177,0.16393171210822222,0.9900990099009901,0.9946346382862702,0.6594533381080726,0.35014495807536244,0.02,0.19656403726436786,1.0,1.2821123424408105,2.4007295214623356,10.0,2.0,2.8013351228791357,0.9508956722539019,43,10.0,0.08689289591678062,0.025132965075781777,-0.061759930840998845
0.5,0.6931471805599453,1.6186491112711745,2.7537595135282764,4.372408624799451,0.6298037877588769,0.1298037877588769,0.5313751544422702,0.53137515444227,0.659060025561913,-0.034087154998032276,0.4,0.0,0.0,1301.3987812849095,1.5890944088254568,0.5286827384522462,2.15,0.0054311044609683555,2.0,6.0,,False,False,False,False,resistant-enriched,mixed,True,0.009900990099009903,0.028672613554504713,4.839146217166706,0.009900990099009903,0.9788080076480935,0.02334171599988386,0.8099583649005675,0.02,0.9995669736627478,1.0,1.2143265706795163,1.3689457534332963,0.1,2.0,4.865704711342341,0.5512886767431978,44,0.1,0.1298037877588769,0.10785914230286164,-0.021944645456015266
0.5,0.6931471805599453,1.6873047383187623,2.615497954130888,4.30280269244965,0.6078591423028616,0.10785914230286164,0.43832207517502153,0.43832207517502153,0.6696960922072008,-0.023451088352744454,0.4,0.0,0.0,1277.9441044392565,2.7825183753030562,0.2122369939662807,2.15,0.07309385960190586,2.0,9.0,,False,False,False,False,resistant-enriched,mixed,True,0.9900990099009901,0.5564314714619693,2.209855293778913,0.9900990099009901,0.9788080076480935,0.02334171599988386,0.8099583649005675,0.02,0.9995669736627478,1.0,1.2143265706795163,1.3689457534332963,10.0,2.0,4.865704711342341,0.5512886767431978,44,10.0,0.1298037877588769,0.10785914230286164,-0.021944645456015266
0.5,0.6931471805599453,2.1191763050043884,2.0114935358293535,4.1306698408337414,0.4869654591961652,-0.013034540803834815,-0.05214997901374722,-0.05214997901374744,0.69280734355387,-0.0003398370060753164,0.4,0.0,0.0,1226.8440477112867,2.48539365181248,10.518934600684597,2.15,0.10817457108287143,2.0,172.0,,False,False,False,False,susceptible-enriched,mixed,True,0.009900990099009903,0.5023258709053968,2.9511249026741475,0.009900990099009903,0.8458994825277165,0.4984369796262651,0.09135287078955917,0.02,0.7009350282843285,1.0,1.135378218584806,4.287055073784021,0.1,2.0,2.9741853818646504,0.7831080108330699,45,0.1,-0.013034540803834815,-0.11865685339225146,-0.10562231258841664
0.5,0.6931471805599453,2.0173570594552306,1.243508876796107,3.2608659362513377,0.38134314660774854,-0.11865685339225146,-0.4838511455267566,-0.4838511455267566,0.6647178347285718,-0.028429345831373465,0.3659523094308443,0.08511922642288938,2.0,960.2944356697842,8.050383059926164,0.5526251041243416,2.15,0.11207380561705825,2.0,15.0,,False,False,False,False,susceptible-enriched,mixed,True,0.9900990099009901,0.8873261075394354,0.6681374628143326,0.9900990099009901,0.8458994825277165,0.4984369796262651,0.09135287078955917,0.02,0.7009350282843285,1.0,1.135378218584806,4.287055073784021,10.0,2.0,2.9741853818646504,0.7831080108330699,45,10.0,-0.013034540803834815,-0.11865685339225146,-0.10562231258841664
0.5,0.6931471805599453,1.704658903210686,2.4309183310888525,4.1355772342995385,0.5878062948328876,0.0878062948328876,0.35490406603574154,0.3549040660357413,0.6776470378721353,-0.01550014268780997,0.4,0.0,0.0,1228.4517704385353,2.723788059441038,4.771356981416356,2.15,0.04881419808631216,3.0,92.0,,False,False,False,False,resistant-enriched,mixed,True,0.009900990099009903,0.14087970919021695,2.173529797124171,0.009900990099009903,0.811841426197941,0.1352818121755411,0.0710181620207422,0.02,0.81637912708819,1.0,1.2737756818455432,2.704615645349425,0.1,2.0,2.187692186364404,0.6538402990050618,46,0.1,0.0878062948328876,-0.02194418308513363,-0.10975047791802123
0.5,0.6931471805599453,1.7547280403856338,1.6071794149550889,3.361907455340723,0.47805581691486637,-0.02194418308513363,-0.08783315574706282,-0.08783315574706282,0.6921837767953622,-0.0009634037645830373,0.3947302740470706,0.013174314882323457,1.0,992.1580084523699,6.527310960745037,0.49414992521935136,2.15,0.10245221717809772,3.0,12.0,,False,False,False,False,susceptible-enriched,mixed,True,0.9900990099009901,0.6950715136431247,0.7714532623410979,0.9900990099009901,0.811841426197941,0.1352818121755411,0.0710181620207422,0.02,0.81637912708819,1.0,1.2737756818455432,2.704615645349425,10.0,2.0,2.187692186364404,0.6538402990050618,46,10.0,0.0878062948328876,-0.02194418308513363,-0.10975047791802123
0.5,0.6931471805599453,1.3164485886247637,2.7871611730435473,4.103609761668311,0.6791974224933207,0.1791974224933207,0.7500859294924315,0.7500859294924312,0.6274729384404709,-0.06567424211947437,0.4000000000000001,-2.220446049250313e-16,0.0,1216.3385235561846,4.621663887932947,29.45038221570162,2.1500000000000004,0.29986819477311993,4.0,276.0,,False,False,False,False,resistant-enriched,mixed,True,0.009900990099009903,0.5193896553969507,1.0183476449003406,0.009900990099009903,0.956325673944316,0.5192300252443001,0.5656068139710767,0.02,0.257919479009099,1.0,1.1594477720717604,4.574866000334264,0.1,2.0,1.0186858793803768,0.03353505057363098,47,0.1,0.1791974224933207,0.18308549850052236,0.0038880760072016463
0.5,0.6931471805599453,1.292925710518055,2.7868046407299647,4.07973035124802,0.6830854985005224,0.18308549850052236,0.7679880064164856,0.7679880064164853,0.6245217826361933,-0.068625397923752,0.4,0.0,0.0,1208.8292886530212,4.879210332474257,0.33550139333691903,2.15,0.10615209804767559,2.0,9.0,,False,False,False,False,resistant-enriched,mixed,True,0.9900990099009901,0.5351930405093651,0.9848624313767484,0.9900990099009901,0.956325673944316,0.5192300252443001,0.5656068139710767,0.02,0.257919479009099,1.0,1.1594477720717604,4.574866000334264,10.0,2.0,1.0186858793803768,0.03353505057363098,47,10.0,0.1791974224933207,0.18308549850052236,0.0038880760072016463
