i,h_i,lhs,rhs,iota
0.1,1.0,0.09363636363636363,0.03623188405797105,0.09090909090909091
0.10476157527896648,1.0,0.09336208786255451,0.03623188405797105,0.09482731624922132
0.10974987654930562,1.0,0.09307727667216359,0.03623188405797105,0.09889604754051937
0.11497569953977356,1.0,0.09278163732975864,0.03623188405797105,0.10311946671773374
0.12045035402587821,1.0,0.09247487873825355,0.03623188405797105,0.1075017323106636
0.12618568830660204,1.0,0.09215671245587931,0.03623188405797105,0.11204696491600968
0.1321941148466029,1.0,0.09182685378954125,0.03623188405797105,0.11675923157798204
0.1384886371393873,1.0,0.09148502296508187,0.03623188405797105,0.12164252907025887
0.14508287784959398,1.0,0.09113094637434138,0.03623188405797105,0.1267007660808378
0.1519911082952934,1.0,0.09076435789820059,0.03623188405797105,0.13193774431141966
0.1592282793341092,1.0,0.09038500030400376,0.03623188405797105,0.13735713851423126
0.16681005372000587,1.0,0.08999262671488562,0.03623188405797105,0.14296247550163338
0.17475284000076838,1.0,0.08958700214757875,0.03623188405797105,0.1487571121774467
0.18307382802953684,1.0,0.08916790511424644,0.03623188405797105,0.15474421265362165
0.19179102616724888,1.0,0.08873512928278804,0.03623188405797105,0.16092672453159929
0.20092330025650468,1.0,0.08828848518889487,0.03623188405797105,0.16730735444435924
0.2104904144512021,1.0,0.08782780199191886,0.03623188405797105,0.17388854297258666
0.22051307399030456,1.0,0.08735292926534932,0.03623188405797105,0.1806724390664383
0.23101297000831597,1.0,0.08686373881140108,0.03623188405797105,0.18766087412284163
0.24201282647943823,1.0,0.0863601264879198,0.03623188405797105,0.19485533588685916
0.2535364493970112,1.0,0.08584201403451175,0.03623188405797105,0.20225694236411704
0.26560877829466867,1.0,0.0853093508835493,0.03623188405797105,0.20986641594929553
0.2782559402207124,1.0,0.08476211594050043,0.03623188405797105,0.21768405799285143
0.29150530628251775,1.0,0.08420031931691296,0.03623188405797105,0.22570972404409986
0.30538555088334157,1.0,0.08362400399838321,0.03623188405797105,0.23394280002309675
0.31992671377973836,1.0,0.083033247428979,0.03623188405797105,0.24238217958601438
0.33516026509388425,1.0,0.08242816299291067,0.03623188405797105,0.2510262429584188
0.35111917342151316,1.0,0.0818089013737664,0.03623188405797105,0.2598728375176224
0.36783797718286343,1.0,0.0811756517713953,0.03623188405797105,0.2689192604086382
0.38535285937105296,1.0,0.08052864295655315,0.03623188405797105,0.2781622434778113
0.40370172585965547,1.0,0.07986814414374999,0.03623188405797105,0.2875979408035709
0.4229242874389499,1.0,0.07919446566337651,0.03623188405797105,0.29722191909462037
0.4430621457583881,1.0,0.07850795941515887,0.03623188405797105,0.3070291512120158
0.464158883361278,1.0,0.07780901908630333,0.03623188405797105,0.3170140130528087
0.4862601580065355,1.0,0.07709808011935704,0.03623188405797105,0.32717028400918574
0.5094138014816381,1.0,0.0763756194168147,0.03623188405797105,0.33749115118836087
0.533669923120631,1.0,0.07564215477184799,0.03623188405797105,0.3479692175450292
0.5590810182512224,1.0,0.07489824401718204,0.03623188405797105,0.35859651404025683
0.5857020818056667,1.0,0.07414448388709294,0.03623188405797105,0.3693645158986722
0.6135907273413174,1.0,0.0733815085906806,0.03623188405797105,0.38026416299027643
0.6428073117284322,1.0,0.07260998809796593,0.03623188405797105,0.39128588431477157
0.6734150657750824,1.0,0.07183062614389557,0.03623188405797105,0.4024196265157766
0.7054802310718644,1.0,0.07104415795896157,0.03623188405797105,0.41365488630054803
0.739072203352578,1.0,0.07025134773878516,0.03623188405797105,0.4249807465887827
0.7742636826811272,1.0,0.06945298586860638,0.03623188405797105,0.43638591616276623
0.8111308307896873,1.0,0.0686498859220892,0.03623188405797105,0.4478587725415833
0.8497534359086445,1.0,0.06784288145712469,0.03623188405797105,0.459387407755361
0.8902150854450388,1.0,0.06703282263431887,0.03623188405797105,0.47095967665258764
0.9326033468832199,1.0,0.06622057268652237,0.03623188405797105,0.4825632473353953
0.9770099572992254,1.0,0.06540700427003732,0.03623188405797105,0.49418565328518094
1.0235310218990263,1.0,0.06459299572996269,0.03623188405797105,0.5058143467148191
1.0722672220103238,1.0,0.06377942731347763,0.03623188405797105,0.5174367526646049
1.1233240329780276,1.0,0.06296717736568114,0.03623188405797105,0.5290403233474125
1.1768119524349985,1.0,0.06215711854287531,0.03623188405797105,0.5406125922446391
1.2328467394420666,1.0,0.0613501140779108,0.03623188405797105,0.5521412274584169
1.291549665014884,1.0,0.06054701413139363,0.03623188405797105,0.5636140838372339
1.3530477745798075,1.0,0.05974865226121473,0.03623188405797105,0.5750192534112174
1.4174741629268055,1.0,0.05895584204103832,0.03623188405797105,0.586345113699452
1.484968262254465,1.0,0.05816937385610432,0.03623188405797105,0.5975803734842235
1.5556761439304723,1.0,0.057390011902033966,0.03623188405797105,0.6087141156852286
1.6297508346206444,1.0,0.056618491409319294,0.03623188405797105,0.6197358370097237
1.7073526474706913,1.0,0.055855516112907067,0.03623188405797105,0.6306354841013279
1.7886495290574351,1.0,0.05510175598281797,0.03623188405797105,0.6414034859597432
1.873817422860385,1.0,0.05435784522815201,0.03623188405797105,0.652030782454971
1.9630406500402715,1.0,0.053624380583185305,0.03623188405797105,0.6625088488116392
2.0565123083486516,1.0,0.05290191988064297,0.03623188405797105,0.6728297159908143
2.1544346900318843,1.0,0.05219098091369656,0.03623188405797105,0.6829859869471914
2.25701971963392,1.0,0.05149204058484114,0.03623188405797105,0.6929708487879842
2.3644894126454084,1.0,0.05080553433662338,0.03623188405797105,0.7027780809053797
2.4770763559917115,1.0,0.05013185585624991,0.03623188405797105,0.7124020591964292
2.5950242113997373,1.0,0.04947135704344674,0.03623188405797105,0.7218377565221887
2.7185882427329413,1.0,0.04882434822860471,0.03623188405797105,0.7310807395913619
2.848035868435802,1.0,0.04819109862623361,0.03623188405797105,0.7401271624823776
2.9836472402833403,1.0,0.047571837007089335,0.03623188405797105,0.7489737570415813
3.1257158496882367,1.0,0.04696675257102101,0.03623188405797105,0.7576178204139856
3.27454916287773,1.0,0.04637599600161679,0.03623188405797105,0.7660571999769035
3.4304692863149193,1.0,0.04579968068308693,0.03623188405797105,0.7742902759559003
3.5938136638046276,1.0,0.04523788405949958,0.03623188405797105,0.7823159420071485
3.764935806792469,1.0,0.04469064911645071,0.03623188405797105,0.7901335840507047
3.944206059437656,1.0,0.044157985965488145,0.03623188405797105,0.797743057635883
4.132012400115339,1.0,0.043639873512080096,0.03623188405797105,0.8051446641131409
4.328761281083059,1.0,0.04313626118859892,0.03623188405797105,0.8123391258771584
4.5348785081285845,1.0,0.04264707073465068,0.03623188405797105,0.8193275609335618
4.750810162102798,1.0,0.04217219800808103,0.03623188405797105,0.8261114570274134
4.977023564332112,1.0,0.04171151481110513,0.03623188405797105,0.8326926455556408
5.214008287999687,1.0,0.041264870717211966,0.03623188405797105,0.8390732754684008
5.462277217684343,1.0,0.040832094885753456,0.03623188405797105,0.8452557873463784
5.72236765935022,1.0,0.04041299785242125,0.03623188405797105,0.8512428878225534
5.994842503189412,1.0,0.04000737328511428,0.03623188405797105,0.8570375244983667
6.280291441834256,1.0,0.039614999695996134,0.03623188405797105,0.8626428614857687
6.5793322465756825,1.0,0.03923564210179942,0.03623188405797105,0.8680622556885804
6.892612104349698,1.0,0.03886905362565862,0.03623188405797105,0.8732992339191622
7.220809018385467,1.0,0.03851497703491813,0.03623188405797105,0.8783574709297413
7.56463327554629,1.0,0.03817314621045875,0.03623188405797105,0.8832407684220179
7.924828983539178,1.0,0.037843287544120696,0.03623188405797105,0.8879530350839903
8.302175681319747,1.0,0.03752512126174645,0.03623188405797105,0.8924982676893364
8.697490026177835,1.0,0.03721836267024137,0.03623188405797105,0.8968805332822662
9.111627561154895,1.0,0.036922723327836304,0.03623188405797105,0.9011039524594807
9.545484566618342,1.0,0.036637912137445494,0.03623188405797105,0.9051726837507786
10.0,1.0,0.036363636363636376,0.03623188405797105,0.9090909090909091
0.1,2.0,0.09930693069306928,0.03623188405797105,0.009900990099009903
0.10476157527896648,2.0,0.09924009085761143,0.03623188405797105,0.010855844891265086
0.10974987654930562,2.0,0.09916688245217686,0.03623188405797105,0.011901679254615733
0.11497569953977356,2.0,0.09908671429560323,0.03623188405797105,0.013046938634239167
0.12045035402587821,2.0,0.09899894347126081,0.03623188405797105,0.014300807553417099
0.12618568830660204,2.0,0.09890287143403786,0.03623188405797105,0.015673265228030284
0.1321941148466029,2.0,0.0987977399557105,0.03623188405797105,0.017175143489849644
0.1384886371393873,2.0,0.0986827269321714,0.03623188405797105,0.018818186683265844
0.14508287784959398,2.0,0.09855694208470822,0.03623188405797105,0.020615113075596145
0.1519911082952934,2.0,0.09841942259793957,0.03623188405797105,0.022579677172291597
0.1592282793341092,2.0,0.09826912874934635,0.03623188405797105,0.024726732152195258
0.16681005372000587,2.0,0.09810493959979827,0.03623188405797105,0.027072291431452452
0.17475284000076838,2.0,0.09792564883125587,0.03623188405797105,0.02963358812491639
0.18307382802953684,2.0,0.09772996083710372,0.03623188405797105,0.0324291308985173
0.19179102616724888,2.0,0.0975164871924632,0.03623188405797105,0.03547875439338337
0.20092330025650468,2.0,0.09728374365636272,0.03623188405797105,0.03880366205196041
0.2104904144512021,2.0,0.09703014788476727,0.03623188405797105,0.042426458789038696
0.22051307399030456,2.0,0.0967540180629155,0.03623188405797105,0.04637117052977777
0.23101297000831597,2.0,0.09645357269678168,0.03623188405797105,0.05066324718883252
0.24201282647943823,2.0,0.09612693183602206,0.03623188405797105,0.055329545199685054
0.2535364493970112,2.0,0.09577212003346114,0.03623188405797105,0.06039828523626985
0.26560877829466867,2.0,0.09538707137754565,0.03623188405797105,0.0658989803207763
0.2782559402207124,2.0,0.09496963696231053,0.03623188405797105,0.0718623291098492
0.29150530628251775,2.0,0.0945175951817726,0.03623188405797105,0.07832006883182038
0.30538555088334157,2.0,0.09402866524921194,0.03623188405797105,0.08530478215411486
0.31992671377973836,2.0,0.0935005243428263,0.03623188405797105,0.09284965224533857
0.33516026509388425,2.0,0.09293082876347625,0.03623188405797105,0.10098816052176825
0.35111917342151316,2.0,0.09231723945294112,0.03623188405797105,0.10975372210084135
0.36783797718286343,2.0,0.09165745215723875,0.03623188405797105,0.11917925489658972
0.38535285937105296,2.0,0.09094923242413833,0.03623188405797105,0.1292966796551661
0.40370172585965547,2.0,0.0901904554924915,0.03623188405797105,0.14013635010726397
0.4229242874389499,2.0,0.08937915095996318,0.03623188405797105,0.1517264148576692
0.4430621457583881,2.0,0.08851355190351573,0.03623188405797105,0.16409211566406098
0.464158883361278,2.0,0.08759214787456016,0.03623188405797105,0.17725503036342638
0.4862601580065355,2.0,0.0866137409025638,0.03623188405797105,0.19123227282051763
0.5094138014816381,2.0,0.08557750332599046,0.03623188405797105,0.20603566677156404
0.533669923120631,2.0,0.08448303594168138,0.03623188405797105,0.22167091511883671
0.5590810182512224,2.0,0.08333042464244922,0.03623188405797105,0.2381367908221538
0.5857020818056667,2.0,0.08212029342215688,0.03623188405797105,0.25542437968347265
0.6135907273413174,2.0,0.08085385139642831,0.03623188405797105,0.2735164086224519
0.6428073117284322,2.0,0.0795329313463019,0.03623188405797105,0.2923866950528302
0.6734150657750824,2.0,0.07816001727214483,0.03623188405797105,0.3119997532550732
0.7054802310718644,2.0,0.07673825857275507,0.03623188405797105,0.3323105918177847
0.739072203352578,2.0,0.07527146875878044,0.03623188405797105,0.35326473201742165
0.7742636826811272,2.0,0.0737641070776669,0.03623188405797105,0.3747984703190435
0.8111308307896873,2.0,0.07222124206145752,0.03623188405797105,0.3968393991220356
0.8497534359086445,2.0,0.07064849678390006,0.03623188405797105,0.41930718880142676
0.8902150854450388,2.0,0.06905197648707428,0.03623188405797105,0.44211462161322423
0.9326033468832199,2.0,0.06743818015252045,0.03623188405797105,0.46516885496399357
0.9770099572992254,2.0,0.0658138984794231,0.03623188405797105,0.48837287886538455
1.0235310218990263,2.0,0.06418610152057691,0.03623188405797105,0.5116271211346156
1.0722672220103238,2.0,0.06256181984747955,0.03623188405797105,0.5348311450360067
1.1233240329780276,2.0,0.06094802351292572,0.03623188405797105,0.557885378386776
1.1768119524349985,2.0,0.05935150321609983,0.03623188405797105,0.5806928111985734
1.2328467394420666,2.0,0.05777875793854248,0.03623188405797105,0.6031606008779646
1.291549665014884,2.0,0.056235892922333,0.03623188405797105,0.6252015296809567
1.3530477745798075,2.0,0.05472853124121946,0.03623188405797105,0.6467352679825786
1.4174741629268055,2.0,0.053261741427244935,0.03623188405797105,0.6676894081822153
1.484968262254465,2.0,0.05183998272785506,0.03623188405797105,0.688000246744927
1.5556761439304723,2.0,0.0504670686536981,0.03623188405797105,0.70761330494717
1.6297508346206444,2.0,0.04914614860357158,0.03623188405797105,0.7264835913775481
1.7073526474706913,2.0,0.04787970657784302,0.03623188405797105,0.7445756203165276
1.7886495290574351,2.0,0.046669575357550785,0.03623188405797105,0.7618632091778462
1.873817422860385,2.0,0.04551696405831851,0.03623188405797105,0.7783290848811635
1.9630406500402715,2.0,0.04442249667400944,0.03623188405797105,0.7939643332284361
2.0565123083486516,2.0,0.04338625909743621,0.03623188405797105,0.8087677271794825
2.1544346900318843,2.0,0.04240785212543985,0.03623188405797105,0.8227449696365737
2.25701971963392,2.0,0.041486448096484274,0.03623188405797105,0.8359078843359391
2.3644894126454084,2.0,0.04062084904003682,0.03623188405797105,0.8482735851423309
2.4770763559917115,2.0,0.03980954450750851,0.03623188405797105,0.8598636498927361
2.5950242113997373,2.0,0.03905076757586157,0.03623188405797105,0.870703320344834
2.7185882427329413,2.0,0.038342547842761254,0.03623188405797105,0.8808207451034104
2.848035868435802,2.0,0.03768276054705888,0.03623188405797105,0.8902462778991587
2.9836472402833403,2.0,0.03706917123652376,0.03623188405797105,0.8990118394782318
3.1257158496882367,2.0,0.03649947565717371,0.03623188405797105,0.9071503477546614
3.27454916287773,2.0,0.035971334750788064,0.03623188405797105,0.9146952178458853
3.4304692863149193,2.0,0.0354824048182274,0.03623188405797105,0.9216799311681797
3.5938136638046276,2.0,0.03503036303768947,0.03623188405797105,0.9281376708901508
3.764935806792469,2.0,0.03461292862245435,0.03623188405797105,0.9341010196792238
3.944206059437656,2.0,0.034227879966538866,0.03623188405797105,0.9396017147637302
4.132012400115339,2.0,0.03387306816397795,0.03623188405797105,0.944670454800315
4.328761281083059,2.0,0.03354642730321822,0.03623188405797105,0.9493367528111675
4.5348785081285845,2.0,0.03324598193708439,0.03623188405797105,0.9536288294702223
4.750810162102798,2.0,0.032969852115232734,0.03623188405797105,0.9575735412109614
4.977023564332112,2.0,0.03271625634363717,0.03623188405797105,0.9611963379480396
5.214008287999687,2.0,0.03248351280753681,0.03623188405797105,0.9645212456066167
5.462277217684343,2.0,0.03227003916289617,0.03623188405797105,0.9675708691014827
5.72236765935022,2.0,0.03207435116874413,0.03623188405797105,0.9703664118750837
5.994842503189412,2.0,0.031895060400201625,0.03623188405797105,0.9729277085685476
6.280291441834256,2.0,0.03173087125065366,0.03623188405797105,0.9752732678478048
6.5793322465756825,2.0,0.03158057740206044,0.03623188405797105,0.9774203228277084
6.892612104349698,2.0,0.03144305791529178,0.03623188405797105,0.9793848869244038
7.220809018385467,2.0,0.03131727306782861,0.03623188405797105,0.9811818133167342
7.56463327554629,2.0,0.031202260044289498,0.03623188405797105,0.9828248565101504
7.924828983539178,2.0,0.03109712856596214,0.03623188405797105,0.9843267347719697
8.302175681319747,2.0,0.03100105652873919,0.03623188405797105,0.9856991924465829
8.697490026177835,2.0,0.030913285704396776,0.03623188405797105,0.9869530613657609
9.111627561154895,2.0,0.03083311754782314,0.03623188405797105,0.9880983207453843
9.545484566618342,2.0,0.030759909142388575,0.03623188405797105,0.9891441551087349
10.0,2.0,0.03069306930693072,0.03623188405797105,0.9900990099009901
0.1,5.0,0.09999930000699986,0.03623188405797105,9.999900000999992e-06
0.10476157527896648,5.0,0.09999911671132766,0.03623188405797105,1.2618409604390079e-05
0.10974987654930562,5.0,0.09999888541979196,0.03623188405797105,1.592257440099849e-05
0.11497569953977356,5.0,0.09999859356515672,0.03623188405797105,2.0091926332035737e-05
0.12045035402587821,5.0,0.09999822528984958,0.03623188405797105,2.535300214868648e-05
0.12618568830660204,5.0,0.09999776058464838,0.03623188405797105,3.199164787969638e-05
0.1321941148466029,5.0,0.09999717420199694,0.03623188405797105,4.036854290092158e-05
0.1384886371393873,5.0,0.09999643428503202,0.03623188405797105,5.093878525613977e-05
0.14508287784959398,5.0,0.09999550063804019,0.03623188405797105,6.427659942603483e-05
0.1519911082952934,5.0,0.09999432254470031,0.03623188405797105,8.110650428034882e-05
0.1592282793341092,5.0,0.09999283601610265,0.03623188405797105,0.00010234262710453212
0.16681005372000587,5.0,0.09999096031986443,0.03623188405797105,0.00012913828765027285
0.17475284000076838,5.0,0.09998859360311607,0.03623188405797105,0.00016294852691229087
0.18307382802953684,5.0,0.09998560737370288,0.03623188405797105,0.0002056089471018231
0.19179102616724888,5.0,0.09998183954320272,0.03623188405797105,0.0002594350971041466
0.20092330025650468,5.0,0.09997708565927332,0.03623188405797105,0.0003273477246659951
0.2104904144512021,5.0,0.09997108785973141,0.03623188405797105,0.00041303057526567174
0.22051307399030456,5.0,0.09996352096218453,0.03623188405797105,0.0005211291116492429
0.23101297000831597,5.0,0.09995397495567981,0.03623188405797105,0.000657500633145788
0.24201282647943823,5.0,0.09994193297849208,0.03623188405797105,0.0008295288786836189
0.2535364493970112,5.0,0.09992674364181953,0.03623188405797105,0.0010465194025779247
0.26560877829466867,5.0,0.09990758628509977,0.03623188405797105,0.0013201959271458988
0.2782559402207124,5.0,0.09988342741718403,0.03623188405797105,0.0016653226116569414
0.29150530628251775,5.0,0.09985296620193507,0.03623188405797105,0.0021004828294987356
0.30538555088334157,5.0,0.099814566383158,0.03623188405797105,0.002649051669171806
0.31992671377973836,5.0,0.09976617151460576,0.03623188405797105,0.0033404069342029543
0.33516026509388425,5.0,0.09970519978052028,0.03623188405797105,0.004211431706852317
0.35111917342151316,5.0,0.09962841409602363,0.03623188405797105,0.005308370056805202
0.36783797718286343,5.0,0.09953176263491748,0.03623188405797105,0.006689105215464345
0.38535285937105296,5.0,0.09941018457173112,0.03623188405797105,0.008425934689554535
0.40370172585965547,5.0,0.09925737585983052,0.03623188405797105,0.010608916288135045
0.4229242874389499,5.0,0.09906551064521274,0.03623188405797105,0.013349847925531877
0.4430621457583881,5.0,0.09882491597498166,0.03623188405797105,0.016786914643118978
0.464158883361278,5.0,0.09852370160179691,0.03623188405797105,0.021089977117186406
0.4862601580065355,5.0,0.0981473540451937,0.03623188405797105,0.026466370782946162
0.5094138014816381,5.0,0.09767831615094669,0.03623188405797105,0.0331669121293334
0.533669923120631,5.0,0.0970955919925145,0.03623188405797105,0.04149154296407766
0.5590810182512224,5.0,0.0963744438739107,0.03623188405797105,0.05179365894413291
0.5857020818056667,5.0,0.0954862844325155,0.03623188405797105,0.06448165096406347
0.6135907273413174,5.0,0.09439891112770105,0.03623188405797105,0.08001555531855614
0.6428073117284322,5.0,0.09307727667216359,0.03623188405797105,0.09889604754051942
0.6734150657750824,5.0,0.09148502296508187,0.03623188405797105,0.12164252907025903
0.7054802310718644,5.0,0.08958700214757875,0.03623188405797105,0.14875711217744675
0.739072203352578,5.0,0.08735292926534932,0.03623188405797105,0.1806724390664384
0.7742636826811272,5.0,0.08476211594050032,0.03623188405797105,0.21768405799285165
0.8111308307896873,5.0,0.0818089013737664,0.03623188405797105,0.25987283751762263
0.8497534359086445,5.0,0.07850795941515887,0.03623188405797105,0.307029151212016
0.8902150854450388,5.0,0.07489824401718204,0.03623188405797105,0.35859651404025716
0.9326033468832199,5.0,0.07104415795896157,0.03623188405797105,0.41365488630054803
0.9770099572992254,5.0,0.06703282263431887,0.03623188405797105,0.47095967665258764
1.0235310218990263,5.0,0.06296717736568114,0.03623188405797105,0.5290403233474126
1.0722672220103238,5.0,0.05895584204103832,0.03623188405797105,0.5863451136994526
1.1233240329780276,5.0,0.05510175598281797,0.03623188405797105,0.6414034859597434
1.1768119524349985,5.0,0.05149204058484114,0.03623188405797105,0.6929708487879842
1.2328467394420666,5.0,0.0481910986262335,0.03623188405797105,0.740127162482378
1.291549665014884,5.0,0.04523788405949958,0.03623188405797105,0.7823159420071487
1.3530477745798075,5.0,0.04264707073465068,0.03623188405797105,0.819327560933562
1.4174741629268055,5.0,0.04041299785242125,0.03623188405797105,0.8512428878225534
1.484968262254465,5.0,0.03851497703491813,0.03623188405797105,0.878357470929741
1.5556761439304723,5.0,0.036922723327836304,0.03623188405797105,0.9011039524594808
1.6297508346206444,5.0,0.03560108887229896,0.03623188405797105,0.9199844446814439
1.7073526474706913,5.0,0.03451371556748439,0.03623188405797105,0.9355183490359367
1.7886495290574351,5.0,0.03362555612608931,0.03623188405797105,0.9482063410558671
1.873817422860385,5.0,0.0329044080074854,0.03623188405797105,0.9585084570359225
1.9630406500402715,5.0,0.03232168384905332,0.03623188405797105,0.9668330878706667
2.0565123083486516,5.0,0.03185264595480619,0.03623188405797105,0.9735336292170539
2.1544346900318843,5.0,0.031476298398203095,0.03623188405797105,0.9789100228828136
2.25701971963392,5.0,0.03117508402501834,0.03623188405797105,0.983213085356881
2.3644894126454084,5.0,0.030934489354787265,0.03623188405797105,0.9866501520744682
2.4770763559917115,5.0,0.030742624140169483,0.03623188405797105,0.989391083711865
2.5950242113997373,5.0,0.030589815428268774,0.03623188405797105,0.9915740653104455
2.7185882427329413,5.0,0.03046823736508253,0.03623188405797105,0.9933108947845357
2.848035868435802,5.0,0.030371585903976372,0.03623188405797105,0.9946916299431948
2.9836472402833403,5.0,0.030294800219479612,0.03623188405797105,0.9957885682931477
3.1257158496882367,5.0,0.030233828485394243,0.03623188405797105,0.9966595930657971
3.27454916287773,5.0,0.030185433616842006,0.03623188405797105,0.9973509483308282
3.4304692863149193,5.0,0.030147033798064937,0.03623188405797105,0.9978995171705013
3.5938136638046276,5.0,0.03011657258281597,0.03623188405797105,0.998334677388343
3.764935806792469,5.0,0.030092413714900235,0.03623188405797105,0.9986798040728541
3.944206059437656,5.0,0.030073256358180478,0.03623188405797105,0.9989534805974221
4.132012400115339,5.0,0.030058067021507817,0.03623188405797105,0.9991704711213164
4.328761281083059,5.0,0.03004602504432019,0.03623188405797105,0.9993424993668543
4.5348785081285845,5.0,0.030036479037815478,0.03623188405797105,0.9994788708883507
4.750810162102798,5.0,0.030028912140268593,0.03623188405797105,0.9995869694247344
4.977023564332112,5.0,0.03002291434072668,0.03623188405797105,0.999672652275334
5.214008287999687,5.0,0.030018160456797283,0.03623188405797105,0.9997405649028959
5.462277217684343,5.0,0.030014392626297126,0.03623188405797105,0.9997943910528981
5.72236765935022,5.0,0.030011406396883822,0.03623188405797105,0.9998370514730877
5.994842503189412,5.0,0.030009039680135574,0.03623188405797105,0.9998708617123497
6.280291441834256,5.0,0.030007163983897356,0.03623188405797105,0.9998976573728955
6.5793322465756825,5.0,0.030005677455299584,0.03623188405797105,0.9999188934957196
6.892612104349698,5.0,0.030004499361959813,0.03623188405797105,0.999935723400574
7.220809018385467,5.0,0.030003565714967984,0.03623188405797105,0.9999490612147438
7.56463327554629,5.0,0.030002825798003063,0.03623188405797105,0.9999596314570991
7.924828983539178,5.0,0.030002239415351628,0.03623188405797105,0.9999680083521203
8.302175681319747,5.0,0.03000177471015042,0.03623188405797105,0.9999746469978513
8.697490026177835,5.0,0.03000140643484328,0.03623188405797105,0.999979908073668
9.111627561154895,5.0,0.030001114580208044,0.03623188405797105,0.999984077425599
9.545484566618342,5.0,0.030000883288672342,0.03623188405797105,0.9999873815903956
10.0,5.0,0.030000699993000035,0.03623188405797105,0.999990000099999
