starting_community,initial_Shannon,final_Shannon,survivors,final_total_biomass,initial_weighted_growth,final_weighted_growth,initial_weighted_baseline_death,final_weighted_baseline_death,initial_weighted_starvation_increment,final_weighted_starvation_increment
Equal,3.2188758248682,0.3674008625710219,7,3.2076405880310695e-07,0.5523148284771865,0.4773773954758324,0.009677080739314352,0.007469764751227684,0.06124807497778102,0.038557496892004404
Fast enriched,2.4976445706848196,0.6812256208474298,4,2.6854480754052234e-07,0.7004775020312902,0.545974840413616,0.009460424842108859,0.007687991170514691,0.055331041323485215,0.04011111457222571
Slow enriched,2.2561334947955465,0.23700484030437746,7,3.883226330075759e-07,0.36314532452044623,0.4598946912775461,0.010470559634129139,0.007433446145614009,0.06401794772111694,0.03823686151870167
Random 01,2.7912560156272237,0.31362191116631727,7,2.9478624538629895e-07,0.5284303022529642,0.46638027130365234,0.008856024923994966,0.007434341378391925,0.05832267394839018,0.03848647977832364
Random 02,1.9232624073783904,0.23500920622144453,7,3.203705306733029e-07,0.5982588064382102,0.4583923389923413,0.008527326771172562,0.007484698421162451,0.059459337437891314,0.038113241511139075
Random 03,2.1502516659516258,0.31747713560797897,4,6.210162192635614e-07,0.6146832416759711,0.4804205178912665,0.008556177686883805,0.00745280055575777,0.06014216293940773,0.03849590102151695
Random 04,2.215349177123773,0.9896727849672564,5,6.381350701688137e-08,0.602359442989818,0.5435766046057591,0.010782451041335905,0.007998367104943765,0.05626710722341272,0.04147858184808447
Random 05,2.696137837559763,0.6299054676774791,7,1.7534879160476517e-07,0.4992937831578362,0.4991062356197256,0.009979326288252129,0.007646009055279099,0.060577910576184994,0.03931919106016064
Random 06,2.4130370054712027,0.1559444274025416,4,5.821013154640899e-07,0.5371760440364018,0.4593062332726032,0.008534004163182674,0.007397390159024271,0.05516480669895788,0.03805260261606908
Random 07,1.7184489607450228,0.2713095340642897,6,2.3201361154870672e-07,0.5933732866442527,0.46566776937101884,0.00912028125353779,0.0074241303261308985,0.06456006269626614,0.03831235591301432
Random 08,2.5803256711867264,0.4792963501012812,4,3.1569712095652104e-07,0.49275040604910736,0.4969682420978294,0.010235214857331486,0.007511951660930445,0.0594556475628531,0.0390581153277022
Random 09,2.8558568416873675,0.4803718228084952,4,1.4704460630564446e-07,0.5650933866445668,0.48647931218041285,0.009394358304162461,0.0075866516542516076,0.06244376939376577,0.039068729786336555
Random 10,2.2266076763421987,0.3697111625907269,7,2.767191183324519e-07,0.4747050779806955,0.47464459819665666,0.010329547606536196,0.007584120773181405,0.06540668159721823,0.038583789822660315
