,count,mean,std,min,25%,50%,75%,max
growth_score,25.0,0.5523148284771866,0.13829252555915417,0.271923655103572,0.4769479474461431,0.5774540697011499,0.6387313139813338,0.7945463564246886
mu_max,25.0,0.5523148284771866,0.13829252555915417,0.271923655103572,0.4769479474461431,0.5774540697011499,0.6387313139813338,0.7945463564246886
death_rate,25.0,0.009677080739314352,0.002486859681692523,0.004888754183772857,0.007756109148548041,0.009527256440447636,0.011429871068700135,0.015536751522968403
total_uptake_capacity,25.0,0.5873154869679343,0.15096819608437673,0.3029913307400761,0.4786706610213468,0.6148913087425962,0.6862203886407972,0.8991481205175442
M1_secretion_share,25.0,0.5446262661727468,0.271062695702689,0.05692571364264103,0.37156790252663413,0.5960192798816303,0.7746232369892749,0.9552426054620005
M2_secretion_share,25.0,0.45537373382725316,0.271062695702689,0.04475739453799964,0.225376763010725,0.40398072011836966,0.6284320974733657,0.9430742863573589
initial_biomass,25.0,0.0004,0.0,0.0004,0.0004,0.0004,0.0004,0.0004
starvation_death_increment,25.0,0.0,0.0,0.0,0.0,0.0,0.0,0.0
leakage_fraction,25.0,0.20000000000000004,2.832791573980247e-17,0.2,0.2,0.2,0.2,0.2
K_R0,25.0,0.10317704018558192,0.0487650897326601,0.020328799116190205,0.07341063915081991,0.08267722819017101,0.14253574297817312,0.20250958078455603
preference_R0,25.0,0.2717144406360385,0.43326102889506707,0.0,0.0,0.0,0.6471573233343703,1.0
uptake_max_R0,25.0,0.17500329245373877,0.28672531159248577,0.0,0.0,0.0,0.339904568879465,0.7658419678986362
K_M1,25.0,0.12938345915776195,0.08794072180764297,0.038795352531022426,0.06347673384693431,0.09502980690953844,0.164020304600423,0.4191647795688755
preference_M1,25.0,0.22507336903138114,0.3809575936438921,0.0,0.0,0.0,0.3643016652352265,1.0
uptake_max_M1,25.0,0.12092106368814468,0.2049001174638255,0.0,0.0,0.0,0.22926833786367096,0.6415617565200384
K_M2,25.0,0.11337153767749263,0.06624446332682393,0.02269151664795335,0.07407176622621994,0.09504757446320862,0.12977858600185974,0.3020823201701276
preference_M2,25.0,0.5032121903325805,0.4532506272802355,0.0,0.0,0.5145605592450837,1.0,1.0
uptake_max_M2,25.0,0.2913911308260509,0.2691416777882508,0.0,0.0,0.31725782956228055,0.5552717360780561,0.6862203886407972
