time,total_biomass,shannon,effective_species,richness
0.0,0.01,3.2188758248682,24.999999999999986,25
0.25,0.010320976927568623,3.217445305009561,24.964262571179198,25
0.5,0.010683838968211883,3.212942108593517,24.852096336282425,25
0.75,0.011094001224008963,3.205068627440502,24.65719211837832,25
1.0,0.011557599989663395,3.193563798547876,24.37514092846655,25
1.25,0.012081590467490673,3.1782156308231064,24.003883525573528,25
1.5,0.012673858266195815,3.158872921483833,23.544044982094828,25
1.75,0.013343346064782338,3.1354553098479183,22.99910517753881,25
2.0,0.014100197175056365,3.1079608548981357,22.375371220824626,25
2.25,0.01495592015542882,3.0764703511196845,21.68173825388675,25
2.5,0.015923574249058173,3.0411480037367307,20.929256313358433,25
2.75,0.017017982720360585,3.0022380846318883,20.130540396704625,25
3.0,0.018255974402665957,2.960057820064585,19.299087597734747,25
3.25,0.019656655971758027,2.9149869976778406,18.44857252690408,25
3.5,0.021241727559340905,2.8674546789121838,17.592183409161937,25
3.75,0.023035835498769582,2.8179243820030875,16.742064452893423,25
4.0,0.025066977490899287,2.7668783618642774,15.908894603879173,25
4.25,0.027366965058191018,2.7148020899526664,15.101621013593208,25
4.5,0.02997193883959025,2.662170142384195,14.32734777026787,25
4.75,0.03292296745297066,2.6094335306971552,13.591349588446125,25
5.0,0.036266718629215024,2.5570095802410275,12.897191574218823,25
5.25,0.04005621992183061,2.505274343550081,12.246918368027425,25
5.5,0.044351731524405934,2.4545574091524367,11.641280084506187,25
5.75,0.04922171825288147,2.4051394359724494,11.079975121586623,25
6.0,0.0547439519583353,2.3572517268656634,10.561884585230292,25
6.25,0.06100676777607951,2.311077454625129,10.085285240296889,25
6.5,0.06811045226311616,2.266754582107204,9.648038033671634,25
6.75,0.07616882093597271,2.2243795438891003,9.247743204722926,25
7.0,0.08531097167757756,2.1840116794601387,8.881866083455966,25
7.25,0.09568319498257823,2.1456781957859143,8.547836378562403,25
7.5,0.10745112773128898,2.1093788331966943,8.243119341910079,25
7.75,0.1208020417865381,2.075090734331061,7.965269149615866,25
8.0,0.13594729958612936,2.0427729289339194,7.711964306059807,25
8.25,0.15312491628931,2.0123704226048793,7.481029547873361,25
8.5,0.17260206661043487,1.9838180299294832,7.270448851907634,25
8.75,0.19467739454973307,1.9570437035378268,7.078370342076184,25
9.0,0.21968277086145735,1.9319714793422123,6.903106166339288,25
9.25,0.24798390286229902,1.908524151946999,6.743129616503632,25
9.5,0.27997874813461693,1.8866257673339544,6.597071030896373,25
9.75,0.31609208857987714,1.8662039795587457,6.463713381864055,25
10.0,0.3567627759953211,1.8471928097291237,6.341991334379364,25
10.25,0.40241761423510625,1.8295361639606305,6.230995827714734,25
10.5,0.4534193381885308,1.8131933251362249,6.129991265909305,25
10.75,0.5099618806202173,1.7981489569622542,6.038459664337299,25
11.0,0.571850554989915,1.7844339888905418,5.956207713575537,25
11.25,0.6380082951288831,1.7721756648128935,5.883640275438184,25
11.5,0.7052771341441898,1.761737058694717,5.822542713541311,25
11.75,0.7655490803021776,1.7541570935532411,5.778574890538033,25
12.0,0.8033779606980531,1.7520679519438247,5.766515230845722,25
12.25,0.8150872160660422,1.7567717704186838,5.7937037665615305,25
12.5,0.8179931760462152,1.7641554609890908,5.836641004997677,25
12.75,0.8197525437304893,1.772010799978942,5.882670350016638,25
13.0,0.8214215424947604,1.780001886702963,5.929867606479375,25
13.25,0.8231010370250103,1.788083353844943,5.977983799541502,25
13.5,0.8247934698408239,1.7962387706093592,6.026936090684486,25
13.75,0.8264910823675409,1.8044530602986815,6.07664697997705,25
14.0,0.8281846354521788,1.81270979594698,6.127027952684378,25
14.25,0.8298643556163485,1.8209910413459136,6.177978048675356,25
14.5,0.8315201523244904,1.8292775191141095,6.229384421155187,25
14.75,0.8331417959063925,1.8375488947801533,6.2811236823227095,25
15.0,0.8347191235894285,1.8457841612137615,6.333063986925324,25
15.25,0.8362422781347935,1.8539621213751192,6.385067884982459,25
15.5,0.8377019746166146,1.8620619608918607,6.436995930667521,25
15.75,0.8390897865577469,1.8700638915217975,6.488710959660841,25
16.0,0.8403984390736761,1.8779498359002602,6.540082865144707,25
16.25,0.841622091548549,1.8857041089645117,6.590993586261005,25
16.5,0.84275659415139,1.893314056536717,6.641342033444454,25
16.75,0.8437996854995727,1.9007705620152344,6.691048324012088,25
17.0,0.8447511379268084,1.9080684368143457,6.740057370383641,25
17.25,0.8456128045170361,1.9152065775490903,6.78834097100567,25
17.5,0.846388557120195,1.922187864008271,6.835898135847631,25
17.75,0.847084136856305,1.9290188521618017,6.882753928514498,25
18.0,0.8477069389915416,1.9357093085354249,6.928957081145984,25
18.25,0.8482657279433992,1.9422715747168207,6.974576260762348,25
18.5,0.8487702196788679,1.9487196566660523,7.01969420583135,25
18.75,0.8492307452570929,1.955068486785857,7.0644028253775195,25
19.0,0.8496578733274404,1.9613331116392387,7.10879757191678,25
19.25,0.8500620647394105,1.9675279638706695,7.152972208820844,25
19.5,0.8504533717267856,1.9736662459200929,7.197014202533695,25
19.75,0.8508411893393918,1.9797594416360382,7.241000892303811,25
20.0,0.8512340612950781,1.9858169591796762,7.284996499795161,25
20.25,0.8516395373961899,1.9918458976038378,7.329049959472332,25
20.5,0.8520640759461308,1.9978509219361575,7.373193491651775,25
20.75,0.8525129827641154,2.0038342281880555,7.4174418099794375,25
21.0,0.8529903783210379,2.0097955799065286,7.461791851215788,25
21.25,0.8534991847459913,2.0157323988673914,7.50622291765825,25
21.5,0.854041125878501,2.021639895595861,7.550697141312551,25
21.75,0.8546167361059565,2.027511230164184,7.595160211504177,25
22.0,0.8552253732979586,2.0333376934094023,7.6395423030750305,25
22.25,0.855865235484769,2.039108905844918,7.683759194425591,25
22.5,0.8565333791192057,2.044813028496583,7.727713540608767,25
22.75,0.8572257436240871,2.050436990248098,7.771296345127516,25
23.0,0.8579371790839483,2.055966723349015,7.814388574221068,25
23.25,0.8586614848322459,2.061387414847826,7.856862980254362,25
23.5,0.8593914597799508,2.066683769926297,7.898586109120858,25
23.75,0.8601189698903389,2.0718402890819307,7.939420510901322,25
24.0,0.8608350360350039,2.076841556781858,7.97922713708302,25
24.25,0.8615299467566342,2.081672540330477,8.01786791343927,25
24.5,0.8621933990593111,2.0863188950928824,8.055208453724294,25
24.75,0.8628146690108713,2.090767270340978,8.091120860338767,25
25.0,0.863382812738328,2.0950056089471976,8.125486545509801,25
25.25,0.8638868956317692,2.0990234317690546,8.158198983174223,25
25.5,0.8643162451328437,2.1028120965714767,8.18916628984333,25
25.75,0.8646607190790752,2.106365019930438,8.21831351831829,25
26.0,0.8649109788108246,2.1096778507858054,8.245584548134094,25
26.25,0.8650587534117957,2.112748584837247,8.270943460691615,25
26.5,0.8650970797571123,2.115577611026628,8.294375305376095,25
26.75,0.8650205027027259,2.118167684472886,8.31588619197049,25
27.0,0.8648252211187079,2.1205238244111215,8.335502684074552,25
27.25,0.8645091686021688,2.1226531404303723,8.353270513416824,25
27.5,0.8640720225503021,2.124564595308073,8.369252682816157,25
27.75,0.8635151411680306,2.126268717272453,8.383527069331747,25
28.0,0.8628414339361004,2.1277772776729607,8.396183670508519,25
28.25,0.8620551766852684,2.1291029520855314,8.407321657404704,25
28.5,0.861161786281843,2.1302589827041407,8.41704639862745,25
28.75,0.8601675721530915,2.1312588584377967,8.42546660795047,25
29.0,0.8590794816356063,2.1321160257834073,8.43269173892913,25
29.25,0.8579048546087411,2.1328436401260125,8.438829719155567,25
29.5,0.856651199504496,2.1334543626643385,8.44398507674845,25
29.75,0.8553259991661795,2.133960204528055,8.448257478385571,25
30.0,0.8539365511213083,2.134372416323017,8.451740667621559,25
30.25,0.8524898435814229,2.1347014191516154,8.454521771678252,25
30.5,0.8509924653392915,2.1349567710387607,8.45668092542782,25
30.75,0.8494505467483978,2.1351471631624825,8.45829116415237,25
31.0,0.8478697268681019,2.135280438863175,8.4594185239571,25
31.25,0.8462551422014527,2.1353636298344463,8.46012230047402,25
31.5,0.8446114319450869,2.135403003817249,8.46045541574198,25
31.75,0.8429427558610563,2.13540412000006,8.460464859162158,25
32.0,0.8412528204212394,2.1353718878140593,8.460192164279967,25
32.25,0.8395449104714992,2.1353106268715347,8.459673900808859,25
32.5,0.8378219236682546,2.135224125674054,8.458942160534804,25
32.75,0.8360864059112145,2.1351156978266816,8.458025025367684,25
33.0,0.8343405864549348,2.1349882349209635,8.456947009626283,25
33.25,0.8325864115927332,2.134844255362054,8.455729469778644,25
33.5,0.8308255761408583,2.1346859486987895,8.454390977409743,25
33.75,0.8290595527841323,2.134515215984234,8.452947659502554,25
34.0,0.8272896189355216,2.1343337060541927,8.451413504800604,25
34.25,0.8255168806248562,2.1341428473361246,8.449800632773453,25
34.5,0.8237422943181961,2.1339438765683454,8.448119536704004,25
34.75,0.8219666859820004,2.133737863657956,8.446379294273287,25
35.0,0.820190768151018,2.1335257337759272,8.444587754856265,25
35.25,0.8184151550192015,2.1333082867833406,8.44275170427441,25
35.5,0.8166403753638132,2.1330862137765556,8.440877005185639,25
35.75,0.8148668841495424,2.132860111905564,8.438968722843189,25
36.0,0.813095072433291,2.132630496975705,8.437031232078727,25
36.25,0.8113252761209416,2.1323978145755227,8.435068311778595,25
36.5,0.8095577834881839,2.1321624496154885,8.433083225881502,25
36.75,0.8077928416934821,2.1319247345803034,8.431078793457043,25
37.0,0.8060306624547462,2.1316849567214176,8.429057449782265,25
37.25,0.8042714269018715,2.131443364200178,8.427021298510661,25
37.5,0.8025152898479626,2.131200171503128,8.424972157651125,25
37.75,0.8007623833841879,2.1309555639941835,8.422911598223143,25
38.0,0.7990128200459822,2.1307097019325534,8.42084097836654,25
38.25,0.7972666955085058,2.1304627238934146,8.41876147238053,25
38.5,0.7955240909204497,2.13021474973369,8.416674095896903,25
38.75,0.7937850749284383,2.12996588316917,8.414579727749889,25
39.0,0.7920497053906074,2.1297162139559855,8.412479128488377,25
39.25,0.7903180308808213,2.1294658198110286,8.41037295666758,25
39.5,0.788590091963039,2.1292147680394145,8.40826178265495,25
39.75,0.7868659223076665,2.1289631169643166,8.406146100755619,25
40.0,0.7851455496397965,2.1287109171422784,8.40402633951792,25
40.25,0.7834289965596144,2.1284582124168594,8.401902870665984,25
40.5,0.7817162812517935,2.128205040831647,8.399776016838254,25
40.75,0.7800074180897824,2.1279514354087077,8.397646058184858,25
41.0,0.7783024181685169,2.127697424837417,8.395513238203002,25
41.25,0.7766012897501052,2.127443034050498,8.393377768617155,25
41.5,0.7749040386569755,2.1271882847340926,8.39123983369856,25
41.75,0.7732106686075197,2.126933195763768,8.389099593957017,25
42.0,0.7715211815037193,2.126677783578693,8.386957189308685,25
42.25,0.7698355776858726,2.1264220625144175,8.384812741892075,25
42.5,0.768153856143893,2.126166045078615,8.382666358401735,25
42.75,0.7664760147055969,2.1259097421979383,8.380518132176368,25
43.0,0.7648020501971239,2.1256531634285722,8.378368144979694,25
43.25,0.7631319585800241,2.125396317136394,8.37621646852404,25
43.5,0.761465735073606,2.1251392106585296,8.374063165835887,25
43.75,0.7598033742566616,2.12488185043758,8.371908292390529,25
44.0,0.7581448701569375,2.12462424214008,8.36975189711308,25
44.25,0.7564902163291037,2.124366390760048,8.367594023253218,25
44.5,0.754839405920489,2.1241083007062964,8.365434709122722,25
44.75,0.7531924317289834,2.123849975879627,8.363273988747348,25
45.0,0.7515492862543333,2.1235914197415213,8.361111892446576,25
45.25,0.7499099617393418,2.1233326353690933,8.35894844729766,25
45.5,0.7482744502083591,2.1230736255068763,8.356783677572503,25
45.75,0.7466427434995353,2.122814392610214,8.354617605103737,25
46.0,0.7450148332921804,2.1225549388820952,8.352450249595478,25
46.25,0.7433907111312744,2.122295266306315,8.350281628902936,25
46.5,0.7417703684493465,2.122035376677246,8.348111759283297,25
46.75,0.7401537965832163,2.1217752716224325,8.345940655586322,25
47.0,0.7385409867905358,2.1215149526252195,8.343768331444949,25
47.25,0.736931930263456,2.121254421043432,8.34159479943265,25
47.5,0.7353266181401507,2.1209936781251404,8.339420071196255,25
47.75,0.7337250415148746,2.1207327250224624,8.337244157572194,25
48.0,0.7321271914475345,2.1204715628048354,8.335067068698159,25
48.25,0.7305330589710965,2.1202101924692376,8.33288881409915,25
48.5,0.728942635097892,2.119948614948901,8.330709402760853,25
48.75,0.727355910825817,2.119686831121991,8.328528843202587,25
49.0,0.7257728771433412,2.1194248418186152,8.326347143536278,25
49.25,0.7241935250336953,2.119162647826682,8.324164311515718,25
49.5,0.7226178454785247,2.118900249897052,8.321980354579896,25
49.75,0.7210458294614461,2.118637648748595,8.319795279895466,25
50.0,0.7194774679711305,2.1183748450726134,8.31760909439387,25
50.25,0.7179127520030786,2.1181118395353296,8.31542180479233,25
50.5,0.7163516725621913,2.1178486327816195,8.313233417625135,25
50.75,0.7147942206645882,2.1175852254376557,8.311043939265845,25
51.0,0.713240387339186,2.1173216181132126,8.30885337594664,25
51.25,0.711690163628999,2.1170578114035816,8.30666173377439,25
51.5,0.710143540592313,2.116793805891312,8.304469018745277,25
51.75,0.708600509303882,2.1165296021480167,8.302275236759913,25
52.0,0.7070610608559024,2.116265200735859,8.300080393635788,25
52.25,0.7055251863584305,2.116000602208194,8.297884495112703,25
52.5,0.703992876940301,2.1157358071109966,8.295687546864684,25
52.75,0.702464123749657,2.115470815983707,8.293489554507097,25
53.0,0.7009389179544353,2.115205629360017,8.291290523603207,25
53.25,0.6994172507427564,2.114940247768521,8.289090459669644,25
53.5,0.6978991133232773,2.114674671733307,8.286889368181347,25
53.75,0.6963844969255443,2.1144089017745724,8.28468725457671,25
54.0,0.6948733928002777,2.114142938409122,8.282484124261742,25
54.25,0.6933657922194751,2.113876782150607,8.280279982612075,25
54.5,0.6918616864766747,2.113610433509997,8.278074834976914,25
54.75,0.6903610668870922,2.1133438929958808,8.275868686681516,25
55.0,0.688863924787743,2.1130771611147314,8.273661543029448,25
55.25,0.6873702515375334,2.112810238371131,8.271453409304426,25
55.5,0.685880038517338,2.112543125267978,8.26924429077207,25
55.75,0.6843932771300774,2.1122758223066964,8.267034192681628,25
56.0,0.682909958800773,2.1120083299874093,8.26482312026743,25
56.25,0.6814300749765438,2.1117406488090205,8.26261107874957,25
56.5,0.6799536171266521,2.1114727792693815,8.260398073335292,25
56.75,0.6784805767425109,2.1112047218653935,8.25818410921984,25
57.0,0.6770109453376839,2.110936477093099,8.255969191587216,25
57.25,0.6755447144478767,2.110668045447761,8.25375332561084,25
57.5,0.6740818756309223,2.110399427423937,8.251536516454157,25
57.75,0.672622420466767,2.1101306235155484,8.249318769271234,25
58.0,0.6711663405574496,2.109861634215941,8.247100089207226,25
58.25,0.6697136275270593,2.109592460017918,8.244880481398678,25
58.5,0.6682642730217118,2.1093231014137928,8.242659950973941,25
58.75,0.6668182687095111,2.109053558895427,8.240438503053506,25
59.0,0.6653756062805103,2.1087838329542636,8.238216142750256,25
59.25,0.6639362774466685,2.10851392408135,8.235992875169668,25
59.5,0.6625002739418061,2.108243832767368,8.233768705410053,25
59.75,0.6610675875215599,2.1079735595026565,8.23154363856275,25
60.0,0.6596382099633372,2.107703104777232,8.229317679712276,25
60.25,0.6582121330662615,2.1074324690807966,8.227090833936408,25
60.5,0.6567893486511244,2.1071616529027635,8.224863106306387,25
60.75,0.6553698485603339,2.1068906567322645,8.22263450188697,25
61.0,0.6539536246578618,2.1066194810581598,8.220405025736515,25
61.25,0.6525406688291896,2.1063481263690504,8.218174682907081,25
61.5,0.6511309729812539,2.1060765931532863,8.215943478444492,25
61.75,0.6497245290423928,2.1058048818989707,8.213711417388364,25
62.0,0.6483213289622899,2.1055329930939712,8.211478504772206,25
62.25,0.646921364711919,2.10526092722592,8.20924474562341,25
62.5,0.6455246282834874,2.1049886847822212,8.207010144963315,25
62.75,0.6441311116903803,2.1047162662500547,8.204774707807228,25
63.0,0.642740806967104,2.104443672116378,8.202538439164444,25
63.25,0.6413537061692296,2.104170902867929,8.20030134403827,25
63.5,0.6399698013733349,2.103897958991231,8.198063427426048,25
63.75,0.6385890846769493,2.1036248409725924,8.195824694319166,25
64.0,0.6372115481984958,2.1033515492981048,8.193585149703036,25
64.25,0.6358371840772342,2.1030780844536516,8.191344798557159,25
64.5,0.6344659844732032,2.1028044469249023,8.189103645855077,25
64.75,0.6330979415671654,2.1025306371973165,8.186861696564401,25
65.0,0.6317330475605479,2.102256655756143,8.184618955646812,25
65.25,0.6303712946753873,2.101982503086422,8.182375428058064,25
65.5,0.6290126751542716,2.1017081796729804,8.180131118747948,25
65.75,0.6276571812602839,2.1014336860004375,8.17788603266034,25
66.0,0.6263048052769454,2.1011590225531998,8.175640174733152,25
66.25,0.6249555395081593,2.100884189815466,8.173393549898373,25
66.5,0.6236093762781533,2.1006091882712195,8.171146163082001,25
66.75,0.6222663079314239,2.1003340184042347,8.168898019204104,25
67.0,0.6209263268326798,2.100058680698071,8.166649123178756,25
67.25,0.6195894253667857,2.0997831756360763,8.164399479914067,25
67.5,0.6182555959387064,2.0995075037013833,8.162149094312161,25
67.75,0.6169248309734505,2.0992316653769096,8.15989797126916,25
68.0,0.6155971229160149,2.098955661145357,8.157646115675181,25
68.25,0.6142724642313288,2.0986794914892095,8.155393532414333,25
68.5,0.612950847404198,2.098403156890736,8.153140226364712,25
68.75,0.6116322649392507,2.0981266578319833,8.150886202398354,25
69.0,0.6103167093608803,2.0978499947947804,8.148631465381282,25
69.25,0.609004173213192,2.0975731682607353,8.146376020173452,25
69.5,0.6076946490599466,2.0972961787112316,8.144119871628746,25
69.75,0.6063881294845066,2.0970190266274327,8.141863024594992,25
70.0,0.6050846070897808,2.096741712490276,8.139605483913918,25
70.25,0.60378407449817,2.0964642367804744,8.137347254421169,25
70.5,0.602486524351513,2.0961865999785143,8.135088340946279,25
70.75,0.6011919493110314,2.0959088025646544,8.132828748312669,25
71.0,0.5999003420572773,2.0956308450189227,8.130568481337615,25
71.25,0.5986116952900767,2.0953527278211213,8.128307544832289,25
71.5,0.5973260017284787,2.095074451450816,8.126045943601675,25
71.75,0.5960432541106995,2.0947960163873462,8.123783682444637,25
72.0,0.59476344519407,2.094517423109812,8.121520766153834,25
72.25,0.5934865677549825,2.0942386720970823,8.119257199515769,25
72.5,0.5922126145888374,2.0939597638277894,8.11699298731074,25
72.75,0.5909415785099897,2.0936806987803274,8.11472813431284,25
73.0,0.5896734523516971,2.093401477432855,8.112462645289973,25
73.25,0.5884082289660664,2.093122100263288,8.110196525003788,25
73.5,0.5871459012240013,2.092842567749303,8.10792977820972,25
73.75,0.5858864620151504,2.0925628803683356,8.105662409656949,25
74.0,0.5846299042478539,2.0922830385975772,8.10339442408841,25
74.25,0.5833762208490925,2.0920030429139747,8.101125826240759,25
74.5,0.582125404764435,2.0917228937942314,8.098856620844398,25
74.75,0.5808774489579864,2.091442591714802,8.096586812623416,25
75.0,0.5796323464123365,2.091162137151894,8.094316406295626,25
75.25,0.5783900901285085,2.0908815305814668,8.092045406572526,25
75.5,0.5771506731259071,2.0906007724792284,8.089773818159296,25
75.75,0.5759140884422677,2.0903198633206364,8.087501645754799,25
76.0,0.5746803291336053,2.090038803580894,8.08522889405154,25
76.25,0.5734493882741636,2.0897575937349537,8.082955567735704,25
76.5,0.572221258956364,2.089476234257511,8.080681671487104,25
76.75,0.5709959342907553,2.0891947256230052,8.078407209979185,25
77.0,0.5697734074059635,2.0889130683056196,8.076132187879024,25
77.25,0.5685536714486401,2.0886312627792787,8.073856609847311,25
77.5,0.5673367195834139,2.0883493095176453,8.071580480538325,25
77.75,0.5661225449928395,2.0880672089941243,8.06930380459996,25
78.0,0.5649111408773478,2.0877849616818582,8.06702658667369,25
78.25,0.5637025004551967,2.087502568053725,8.064748831394558,25
78.5,0.5624966169624209,2.08722002858234,8.06247054339118,25
78.75,0.5612934836527826,2.0869373437400514,8.060191727285726,25
79.0,0.560093093797723,2.0866545139989428,8.057912387693921,25
79.25,0.5588954406863114,2.086371539830829,8.05563252922502,25
79.5,0.5577005176251982,2.086088421707255,8.053352156481802,25
79.75,0.5565083179385643,2.085805160099499,8.051071274060595,25
80.0,0.5553188349680737,2.0855217554785637,8.048789886551196,25
80.25,0.5541320620728238,2.085238208315184,8.046507998536951,25
80.5,0.5529479926292981,2.084954519079819,8.044225614594671,25
80.75,0.5517666200313167,2.0846706882426522,8.041942739294653,25
81.0,0.5505879376899889,2.0843867162735936,8.039659377200678,25
81.25,0.549411939033665,2.084102603642277,8.037375532870007,25
81.5,0.5482386175078886,2.0838183508180554,8.03509121085333,25
81.75,0.5470679665753482,2.0835339582700056,8.032806415694822,25
82.0,0.5458999797158302,2.083249426466922,8.03052115193207,25
82.25,0.5447346504261713,2.08296475587732,8.028235424096119,25
82.5,0.5435719722202111,2.082679946969431,8.025949236711426,25
82.75,0.5424119386287451,2.0823950002112044,8.023662594295878,25
83.0,0.5412545431994772,2.0821099160703036,8.021375501360758,25
83.25,0.5400997794969731,2.081824695014107,8.019087962410754,25
83.5,0.5389476411026134,2.0815393375097058,8.01679998194395,25
83.75,0.5377981216145472,2.0812538440239052,8.014511564451828,25
84.0,0.5366512146476454,2.08096821502322,8.012222714419227,25
84.25,0.5355069138334541,2.0806824509738755,8.009933436324372,25
84.5,0.5343652128201485,2.0803965523418055,8.007643734638842,25
84.75,0.5332261052724874,2.0801105195926506,8.00535361382756,25
85.0,0.5320895848717662,2.079824353191762,8.003063078348829,25
85.25,0.5309556453157714,2.0795380536041916,8.00077213265425,25
85.5,0.5298242803187359,2.0792516212947,7.998480781188789,25
85.75,0.5286954836112916,2.07896505672775,7.996189028390726,25
86.0,0.5275692489404253,2.0786783603675056,7.99389687869165,25
86.25,0.5264455700694334,2.078391532677834,7.991604336516469,25
86.5,0.5253244407778757,2.0781045741223028,7.989311406283392,25
86.75,0.5242058548615314,2.0778174851641777,7.987018092403923,25
87.0,0.5230898061323533,2.0775302662664243,7.984724399282859,25
87.25,0.5219762884184244,2.0772429178917045,7.982430331318274,25
87.5,0.5208652955639111,2.0769554405023762,7.980135892901517,25
87.75,0.519756821429021,2.0766678345604923,7.977841088417199,25
88.0,0.5186508598899567,2.0763801005278024,7.975545922243214,25
88.25,0.5175474048388727,2.0760922388657446,7.973250398750673,25
88.5,0.5164464501838307,2.075804250035454,7.970954522303976,25
88.75,0.5153479898487551,2.0755161344977537,7.96865829726074,25
89.0,0.5142520177733905,2.075227892713158,7.96636172797182,25
89.25,0.5131585279132568,2.074939525141869,7.964064818781296,25
89.5,0.5120675142396057,2.0746510322437794,7.9617675740264815,25
89.75,0.5109789707393779,2.074362414478466,7.9594699980378945,25
90.0,0.509892891415159,2.0740736723051936,7.957172095139268,25
90.25,0.5088092702851362,2.073784806182911,7.954873869647533,25
90.5,0.507728101383056,2.0734958165702513,7.952575325872822,25
90.75,0.5066493787581804,2.0732067039255297,7.950276468118447,25
91.0,0.5055730964752438,2.0729174687067466,7.947977300680932,25
91.25,0.5044992486144118,2.072628111371579,7.945677827849942,25
91.5,0.5034278292712364,2.0723386323773867,7.943378053908344,25
91.75,0.5023588325566155,2.072049032181208,7.941077983132161,25
92.0,0.5012922525967489,2.071759311239759,7.9387776197905735,25
92.25,0.5002280835330974,2.0714694700094327,7.936476968145925,25
92.5,0.4991663195223394,2.071179508946299,7.934176032453708,25
92.75,0.49810695473633015,2.070889428506102,7.931874816962549,25
93.0,0.4970499833620586,2.070599229144261,7.929573325914233,25
93.25,0.49599539960160655,2.0703089113158675,7.92727156354366,25
93.5,0.4949431976721069,2.070018475475685,7.924969534078861,25
93.75,0.4938933718057018,2.0697279220781497,7.922667241740997,25
94.0,0.4928459162495009,2.0694372515773676,7.920364690744347,25
94.25,0.4918008252655413,2.069146464427113,7.918061885296293,25
94.5,0.4907580931307451,2.06885556108083,7.915758829597329,25
94.75,0.4897177141368791,2.0685645419916283,7.9134555278410454,25
95.0,0.4886796825905133,2.068273407612287,7.911151984214146,25
95.25,0.4876439928129809,2.067982158395248,7.908848202896402,25
95.5,0.4866106391403368,2.067690794792619,7.9065441880606935,25
95.75,0.48557961592331733,2.0673993172561733,7.904239943872982,25
96.0,0.48455091752729995,2.0671077262373423,7.901935474492278,25
96.25,0.4835245383322628,2.0668160221872243,7.899630784070705,25
96.5,0.48250047273274427,2.0665242055565747,7.897325876753422,25
96.75,0.48147871513780327,2.0662322767958123,7.895020756678679,25
97.0,0.4804592599709789,2.065940236355012,7.89271542797776,25
97.25,0.47944210167025064,2.065648084683908,7.890409894775015,25
97.5,0.4784272346879989,2.0653558222318926,7.888104161187851,25
97.75,0.4774146534909649,2.065063449448013,7.885798231326704,25
98.0,0.47640435256021135,2.064770966780974,7.883492109295077,25
98.25,0.4753963263910833,2.0644783746791324,7.88118579918948,25
98.5,0.4743905694931685,2.0641856735905004,7.878879305099479,25
98.75,0.473387076390258,2.0638928639627427,7.8765726311076625,25
99.0,0.47238584162030783,2.063599946243175,7.874265781289636,25
99.25,0.4713868597353992,2.0633069208787647,7.871958759714038,25
99.5,0.4703901253017001,2.06301378831613,7.86965157044252,25
99.75,0.46939563289942676,2.0627205490015372,7.867344217529747,25
100.0,0.46840337712280433,2.0624272033809015,7.8650367050233925,25
100.25,0.4674133525800293,2.0621337518997844,7.8627290369641285,25
100.5,0.46642555389323004,2.061840195003397,7.860421217385652,25
100.75,0.46543997569842926,2.061546533136593,7.858113250314633,25
101.0,0.46445661264550586,2.061252766743872,7.855805139770749,25
101.25,0.4634754593981562,2.0609588962693786,7.85349688976667,25
101.5,0.46249651063385677,2.0606649221569,7.851188504308054,25
101.75,0.4615197610438262,2.0603708448498637,7.848879987393529,25
102.0,0.46054520533298715,2.060076664791342,7.846571343014727,25
102.25,0.45957283821992934,2.0597823824240455,7.844262575156241,25
102.5,0.45860265443687126,2.0594879981903267,7.841953687795657,25
102.75,0.4576346487296234,2.0591935125321736,7.839644684903506,25
103.0,0.4566688158575505,2.0588989258912154,7.837335570443309,25
103.25,0.4557051505935346,2.0586042387087176,7.835026348371549,25
103.5,0.45474364772393805,2.0583094514255817,7.832717022637668,25
103.75,0.453784302048566,2.0580145644823453,7.8304075971840685,25
104.0,0.45282710838063,2.0577195783191797,7.828098075946104,25
104.25,0.45187206154671117,2.057424493375892,7.8257884628520955,25
104.5,0.45091915638672336,2.057129310091921,7.823478761823306,25
104.75,0.4499683877538767,2.0568340289063376,7.821168976773946,25
105.0,0.4490197505146412,2.0565386502578455,7.818859111611179,25
105.25,0.44807323954871003,2.0562431745847785,7.816549170235106,25
105.5,0.4471288497489639,2.0559476023250993,7.814239156538767,25
105.75,0.4461865760214344,2.0556519339164008,7.811929074408146,25
106.0,0.4452464132852682,2.0553561697959033,7.809618927722157,25
106.25,0.44430835647269074,2.055060310400457,7.807308720352665,25
106.5,0.4433724005289712,2.0547643561665345,7.804998456164434,25
106.75,0.4424385404123859,2.0544683075302386,7.8026881390151885,25
107.0,0.44150677109418335,2.054172164927294,7.800377772755559,25
107.25,0.4405770875585482,2.0538759287930515,7.798067361229113,25
107.5,0.43964948480256616,2.053579599562485,7.7957569082723355,25
107.75,0.43872395783618845,2.0532831776701914,7.793446417714634,25
108.0,0.4378005016821968,2.052986663550388,7.791135893378325,25
108.25,0.4368791113761682,2.0526900576369167,7.788825339078662,25
108.5,0.4359597819664398,2.0523933603632365,7.786514758623797,25
108.75,0.4350425085140746,2.0520965721624274,7.784204155814797,25
109.0,0.43412728609282564,2.0517996934671876,7.781893534445638,25
109.25,0.43321410978910185,2.051502724709835,7.779582898303217,25
109.5,0.4323029747019336,2.051205666322304,7.777272251167331,25
109.75,0.4313938759429379,2.050908518736146,7.774961596810689,25
110.0,0.430486808636284,2.0506112823825267,7.7726509389988845,25
110.25,0.42958176791865926,2.0503139576922287,7.770340281490439,25
110.5,0.4286787489392346,2.05001654509565,7.768029628036773,25
110.75,0.4277777468596308,2.049719045022799,7.765718982382191,25
111.0,0.4268787568538841,2.0494214579032994,7.76340834826391,25
111.25,0.42598177410841265,2.0491237841663867,7.76109772941204,25
111.5,0.42508679382198233,2.048826024240908,7.75878712954959,25
111.75,0.42419381120567295,2.0485281785553213,7.756476552392468,25
112.0,0.42330282148284554,2.0482302475376923,7.754166001649456,25
112.25,0.42241381988910726,2.0479322316157003,7.751855481022263,25
112.5,0.42152680167227957,2.047634131216629,7.749544994205459,25
112.75,0.42064176209236354,2.0473359467673733,7.747234544886527,25
113.0,0.4197586964215077,2.0470376786944326,7.744924136745825,25
113.25,0.418877599943974,2.0467393274239147,7.742613773456611,25
113.5,0.41799846795610535,2.0464408933815315,7.7403034586850215,25
113.75,0.41712129576629237,2.0461423769926017,7.737993196090094,25
114.0,0.41624607869494074,2.045843778682048,7.735682989323747,25
114.25,0.41537281207443816,2.045545098874394,7.733372842030775,25
114.5,0.414501491249122,2.0452463379937704,7.731062757848873,25
114.75,0.4136321115752461,2.0449474964639087,7.728752740408625,25
115.0,0.41276466842094944,2.0446485747081398,7.726442793333477,25
115.25,0.4118991571662222,2.0443495731493977,7.724132920239775,25
115.5,0.41103557320287487,2.0440504922102174,7.7218231247367575,25
115.75,0.41017391193450514,2.043751332312731,7.7195134104265275,25
116.0,0.40931416877646615,2.043452093878671,7.7172037809040805,25
116.25,0.4084563391558344,2.0431527773293685,7.714894239757303,25
116.5,0.4076004185113779,2.0428533830857507,7.712584790566948,25
116.75,0.40674640229352405,2.0425539115683433,7.710275436906665,25
117.0,0.4058942859643282,2.0422543631972663,7.707966182342973,25
117.25,0.40504406499744183,2.0419547383922367,7.705657030435285,25
117.5,0.40419573487808097,2.0416550375725664,7.703347984735892,25
117.75,0.40334929110299494,2.04135526115716,7.701039048789963,25
118.0,0.40250472918043445,2.0410554095645193,7.6987302261355675,25
118.25,0.40166204463012106,2.0407554832127337,7.696421520303627,25
118.5,0.4008212329832152,2.04045548251949,7.694112934817976,25
118.75,0.3999822897822855,2.040155407902063,7.691804473195315,25
119.0,0.3991452105812777,2.039855259777321,7.689496138945231,25
119.25,0.3983099909454835,2.0395550385617223,7.687187935570202,25
119.5,0.39747662645151033,2.0392547446713127,7.684879866565575,25
119.75,0.39664511268724967,2.0389543785217294,7.682571935419593,25
120.0,0.3958154452518467,2.038653940528199,7.68026414561339,25
120.25,0.39498761975567026,2.038353431105533,7.677956500620968,25
120.5,0.3941616318202818,2.038052850668133,7.67564900390923,25
120.75,0.39333747707840494,2.0377521996299843,7.673341658937953,25
121.0,0.39251515117389546,2.037451478404662,7.671034469159816,25
121.25,0.3916946497617109,2.037150687405323,7.668727438020368,25
121.5,0.39087596850788026,2.0368498270447115,7.666420568958064,25
121.75,0.3900591030894741,2.0365488977351545,7.664113865404235,25
122.0,0.3892440491945745,2.036247899888565,7.661807330783123,25
122.25,0.38843080252224543,2.0359468339164355,7.659500968511833,25
122.5,0.3876193587825025,2.035645700229843,7.657194782000378,25
122.75,0.3868097136962834,2.035344499239447,7.654888774651665,25
123.0,0.3860018629954184,2.0350432313554863,7.652582949861489,25
123.25,0.38519580242260076,2.034741896987782,7.650277311018548,25
123.5,0.384391527731357,2.0344404965457357,7.647971861504432,25
123.75,0.38358903468601785,2.034139030438326,7.645666604693622,25
124.0,0.38278831906168864,2.033837499074113,7.64336154395351,25
124.25,0.38198937664422067,2.0335359028612334,7.641056682644378,25
124.5,0.38119220323018094,2.0332342422074037,7.638752024119417,25
124.75,0.38039679462682446,2.0329325175199155,7.6364475717247124,25
125.0,0.37960314665206446,2.0326307292056387,7.634143328799261,25
125.25,0.37881125513444336,2.0323288776710187,7.6318392986749615,25
125.5,0.3780211159131046,2.032026963322076,7.629535484676619,25
125.75,0.3772327248377635,2.031724986564407,7.627231890121949,25
126.0,0.3764460777686788,2.031422947803182,7.624928518321575,25
126.25,0.3756611705766238,2.031120847443145,7.622625372579027,25
126.5,0.3748779991428583,2.030818685888614,7.6203224561907605,25
126.75,0.3740965593591001,2.030516463543479,7.618019772446135,25
127.0,0.37331684712749613,2.030214180811204,7.615717324627436,25
127.25,0.37253885836059525,2.0299118380948227,7.613415116009855,25
127.5,0.3717625889813191,2.0296094357969405,7.611113149861512,25
127.75,0.37098803492293486,2.0293069743197343,7.608811429443447,25
128.0,0.37021519212902637,2.0290044540649506,7.606509958009625,25
128.25,0.3694440565534671,2.0287018754339057,7.604208738806936,25
128.5,0.36867462416039165,2.0283992388274847,7.6019077750751975,25
128.75,0.3679068909241685,2.028096544646142,7.599607070047157,25
129.0,0.36714085282937203,2.027793793289899,7.597306626948492,25
129.25,0.36637650587075477,2.027490985158345,7.595006448997811,25
129.5,0.3656138460532204,2.0271881206506377,7.5927065394066755,25
129.75,0.36485286939179595,2.026885200165499,7.59040690137956,25
130.0,0.3640935719116045,2.0265822241012184,7.588107538113898,25
130.25,0.36333594964783783,2.026279192855651,7.5858084528000616,25
130.5,0.3625799986457293,2.0259761068262168,7.583509648621366,25
130.75,0.36182571496052685,2.0256729664098994,7.581211128754072,25
131.0,0.36107309465746584,2.025369772003246,7.5789128963673855,25
131.25,0.3603221338117417,2.025066524002371,7.576614954623485,25
131.5,0.3595728285084839,2.024763222802948,7.574317306677485,25
131.75,0.35882517484272825,2.024459868800215,7.5720199556774626,25
132.0,0.3580791689193908,2.0241564623889707,7.569722904764448,25
132.25,0.3573348068532406,2.023853003963577,7.567426157072444,25
132.5,0.3565920847688736,2.023549493917957,7.565129715728422,25
132.75,0.355850998800686,2.0232459326455925,7.562833583852304,25
133.0,0.3551115450928477,2.022942320539528,7.560537764556995,25
133.25,0.3543737197992759,2.0226386579923656,7.5582422609483695,25
133.5,0.3536375190836091,2.0223349453962687,7.55594707612528,25
133.75,0.35290293911918047,2.0220311831429583,7.553652213179558,25
134.0,0.3521699760889921,2.0217273716237134,7.551357675196009,25
134.25,0.3514386261856886,2.0214235112293717,7.54906346525243,25
134.5,0.35070888561153163,2.021119602350329,7.546769586419609,25
134.75,0.34998075057837325,2.0208156453765356,7.544476041761311,25
135.0,0.3492542173076307,2.0205116406975017,7.542182834334311,25
135.25,0.3485292820302601,2.020207588702291,7.539889967188368,25
135.5,0.3478059409867314,2.0199034897795243,7.537597443366246,25
135.75,0.34708419042700217,2.0195993443173768,7.535305265903708,25
136.0,0.34636402661049226,2.019295152703579,7.533013437829528,25
136.25,0.3456454458060585,2.0189909153254164,7.530721962165487,25
136.5,0.344928444291969,2.018686632569726,7.528430841926369,25
136.75,0.344213018355878,2.018382304822902,7.526140080119993,25
137.0,0.3434991642948005,2.018077932470889,7.523849679747184,25
137.25,0.3427868784150872,2.0177735158991843,7.521559643801785,25
137.5,0.34207615703239924,2.017469055492839,7.519269975270675,25
137.75,0.3413669964716832,2.0171645516364554,7.516980677133761,25
138.0,0.3406593930671465,2.016860004714186,7.5146917523639685,25
138.25,0.33995334316223147,2.0165554151097362,7.51240320392728,25
138.5,0.3392488431095916,2.016250783206362,7.510115034782708,25
138.75,0.33854588927106666,2.0159461093868667,7.507827247882297,25
139.0,0.33784447801765694,2.0156413940336075,7.505539846171159,25
139.25,0.3371446057295,2.0153366375284882,7.503252832587441,25
139.5,0.33644626879584544,2.015031840252962,7.500966210062343,25
139.75,0.3357494636150301,2.0147270025880317,7.498679981520136,25
140.0,0.3350541865944546,2.0144221249142484,7.496394149878148,25
140.25,0.3343604341505579,2.0141172076117098,7.494108718046762,25
140.5,0.33366820270879394,2.0138122510600613,7.491823688929437,25
140.75,0.3329774887036069,2.013507255638497,7.489539065422712,25
141.0,0.33228828857840703,2.0132022217257557,7.487254850416188,25
141.25,0.3316005987855471,2.0128971497001236,7.484971046792559,25
141.5,0.3309144157862978,2.0125920399394324,7.482687657427597,25
141.75,0.3302297360508242,2.0122868928210598,7.480404685190165,25
142.0,0.3295465560581615,2.011981708721929,7.478122132942225,25
142.25,0.3288648722961919,2.011676488018506,7.475840003538813,25
142.5,0.32818468126162,2.0113712310868044,7.473558299828094,25
142.75,0.32750597945994986,2.0110659383023797,7.471277024651323,25
143.0,0.3268287634054609,2.0107606100403324,7.468996180842869,25
143.25,0.32615302962118503,2.010455246675305,7.4667157712302075,25
143.5,0.3254787746388822,2.010149848581485,7.464435798633939,25
143.75,0.32480599499901797,2.0098444161325997,7.462156265867776,25
144.0,0.3241346872507394,2.0095389497019234,7.459877175738578,25
144.25,0.32346484795185254,2.009233449662267,7.457598531046302,25
144.5,0.3227964736687985,2.008927916385987,7.4553203345840675,25
144.75,0.32212956097663087,2.00862235024498,7.453042589138124,25
145.0,0.3214641064589924,2.0083167516106832,7.45076529748786,25
145.25,0.32080010670809195,2.0080111208540754,7.448488462405819,25
145.5,0.3201375583246817,2.007705458345675,7.446212086657691,25
145.75,0.31947645791803414,2.0073997644555406,7.443936173002329,25
146.0,0.31881680210591956,2.00709403955327,7.441660724191735,25
146.25,0.3181585875145828,2.0067882840080022,7.439385742971098,25
146.5,0.3175018107787211,2.006482498188413,7.437111232078753,25
146.75,0.3168464685414611,2.0061766824627183,7.434837194246232,25
147.0,0.3161925574543364,2.005870837198672,7.432563632198232,25
147.25,0.3155400741772652,2.005564962763566,7.430290548652638,25
147.5,0.31488901537852787,2.00525905952423,7.428017946320528,25
147.75,0.3142393777347442,2.004953127847032,7.425745827906174,25
148.0,0.31359115793085174,2.004647168097877,7.423474196107045,25
148.25,0.3129443526600829,2.0043411806422053,7.421203053613812,25
148.5,0.31229895862394347,2.0040351658449955,7.418932403110355,25
148.75,0.3116549725321898,2.0037291240707624,7.41666224727377,25
149.0,0.3110123911028075,2.0034230556835557,7.4143925887743665,25
149.25,0.3103712110619886,2.003116961046962,7.412123430275682,25
149.5,0.30973142914411045,2.0028108405241025,7.409854774434479,25
149.75,0.3090930420917133,2.0025046944776346,7.40758662390076,25
150.0,0.3084560466554788,2.0021985232697492,7.405318981317754,25
150.25,0.30782043959420813,2.001892327262173,7.403051849321942,25
150.5,0.3071862176748005,2.0015861068161653,7.400785230543042,25
150.75,0.30655337767223106,2.0012798622925225,7.39851912760405,25
151.0,0.3059219163695299,2.000973594051571,7.39625354312119,25
151.25,0.3052918305577605,2.0006673024531745,7.393988479703976,25
151.5,0.3046631170359979,2.0003609878567263,7.3917239399551695,25
151.75,0.30403577261130765,2.0000546506211547,7.389459926470816,25
152.0,0.30340979409872426,1.9997482911049216,7.38719644184025,25
152.25,0.3027851783212304,1.9994419096660185,7.38493348864607,25
152.5,0.3021619221097353,1.9991355066619716,7.382671069464179,25
152.75,0.3015400223030536,1.9988290824498376,7.380409186863769,25
153.0,0.30091947574788447,1.9985226373862064,7.378147843407342,25
153.25,0.3003002792987907,1.998216171827197,7.37588704165069,25
153.5,0.29968242981817744,1.9979096861284618,7.373626784142932,25
153.75,0.29906592417627154,1.9976031806451824,7.37136707342649,25
154.0,0.2984507592511005,1.9972966557320733,7.3691079120371255,25
154.25,0.2978369319284719,1.9969901117433773,7.366849302503912,25
154.5,0.29722443910195256,1.9966835490328683,7.3645912473492645,25
154.75,0.2966132776728482,1.9963769679538497,7.362333749088929,25
155.0,0.29600344455018207,1.9960703688591561,7.360076810232012,25
155.25,0.2953949366506753,1.9957637521011502,7.3578204332809545,25
155.5,0.2947877508987259,1.9954571180317235,7.355564620731553,25
155.75,0.2941818842263884,1.9951504670022988,7.353309375072979,25
156.0,0.29357733357335364,1.994843799363826,7.351054698787761,25
156.25,0.29297409588692813,1.9945371154667837,7.3488005943518,25
156.5,0.2923721681220143,1.9942304156611799,7.346547064234381,25
156.75,0.29177154724108967,1.99392370029655,7.344294110898168,25
157.0,0.2911722302141874,1.9936169697219577,7.342041736799217,25
157.25,0.2905742140188757,1.9933102242859944,7.339789944386981,25
157.5,0.28997749564023784,1.9930034643367787,7.337538736104309,25
157.75,0.2893820720708524,1.992696690221958,7.335288114387472,25
158.0,0.28878794031077337,1.992389902288705,7.333038081666135,25
158.25,0.28819509736751,1.9920831008837205,7.330788640363396,25
158.5,0.28760354025600715,1.9917762863532313,7.328539792895769,25
158.75,0.2870132659986256,1.9914694590429927,7.326291541673213,25
159.0,0.28642427162512235,1.9911626192982839,7.3240438890991095,25
159.25,0.285836554172631,1.9908557674639111,7.321796837570287,25
159.5,0.28525011068564193,1.9905489038842075,7.319550389477026,25
159.75,0.28466493821598293,1.9902420289030318,7.317304547203069,25
160.0,0.2840810338228001,1.989935142863767,7.315059313125602,25
160.25,0.2834983945725376,1.9896282461093238,7.312814689615296,25
160.5,0.2829170175389191,1.9893213389821363,7.310570679036285,25
160.75,0.28233689980292814,1.989014421824164,7.308327283746185,25
161.0,0.2817580384527887,1.9887074949768928,7.306084506096101,25
161.25,0.28118043058394626,1.9884005587813312,7.3038423484306225,25
161.5,0.2806040732990484,1.9880936135780143,7.301600813087849,25
161.75,0.28002896370792624,1.9877866597070006,7.299359902399376,25
162.0,0.27945509892757475,1.9874796975078728,7.297119618690307,25
162.25,0.27888247608213407,1.9871727273197384,7.294879964279273,25
162.5,0.27831109230287054,1.986865749481228,7.29264094147842,25
162.75,0.277740944728158,1.9865587643304976,7.29040255259343,25
163.0,0.2771720305034586,1.986251772205224,7.288164799923508,25
163.25,0.2766043467813043,1.9859447734426106,7.285927685761419,25
163.5,0.27603789072127805,1.985637768379382,7.283691212393463,25
163.75,0.2754726594899953,1.985330757351787,7.281455382099502,25
164.0,0.27490865026108474,1.9850237406955984,7.279220197152964,25
164.25,0.2743458602151708,1.984716718746109,7.276985659820828,25
164.5,0.27378428653985437,1.984409691838137,7.274751772363665,25
164.75,0.27322392642969434,1.9841026603060228,7.27251853703562,25
165.0,0.27266477708618947,1.9837956244836281,7.270285956084424,25
165.25,0.2721068357177602,1.983488584704338,7.2680540317514035,25
165.5,0.2715500995397295,1.983181541301061,7.265822766271496,25
165.75,0.27099456577430575,1.9828744946062242,7.2635921618732215,25
166.0,0.2704402316505638,1.9825674449517807,7.261362220778741,25
166.25,0.26988709440442693,1.9822603926692024,7.259132945203815,25
166.5,0.2693351512786489,1.981953338089485,7.256904337357844,25
166.75,0.2687843995227958,1.9816462815431446,7.254676399443859,25
167.0,0.26823483639322804,1.9813392233602198,7.252449133658531,25
167.25,0.2676864591530825,1.9810321638702693,7.250222542192172,25
167.5,0.2671392650722545,1.9807251034023743,7.247996627228758,25
167.75,0.26659325142737994,1.9804180422851367,7.2457713909459205,25
168.0,0.26604841550181774,1.9801109808466797,7.243546835514961,25
168.25,0.2655047545856318,1.9798039194146468,7.241322963100847,25
168.5,0.2649622659755735,1.979496858316203,7.239099775862236,25
168.75,0.26442094697506374,1.9791897978780342,7.236877275951474,25
169.0,0.2638807948941759,1.9788827384263465,7.234655465514593,25
169.25,0.2633418070496178,1.9785756802868661,7.2324343466913295,25
169.5,0.2628039807647142,1.978268623784842,7.230213921615139,25
169.75,0.26226731336938974,1.9779615692450403,7.227994192413174,25
170.0,0.2617318022001512,1.9776545169917494,7.225775161206321,25
170.25,0.26119744460007016,1.9773474673487779,7.223556830109194,25
170.5,0.26066423791876586,1.977040420639454,7.221339201230143,25
170.75,0.26013217951238776,1.976733377186626,7.219122276671257,25
171.0,0.2596012667435986,1.9764263373126618,7.216906058528377,25
171.25,0.2590714969815566,1.9761193013394511,7.2146905488911095,25
171.5,0.25854286760189954,1.9758122695883997,7.212475749842803,25
171.75,0.2580153759867261,1.9755052423804378,7.210261663460609,25
172.0,0.25748901952458025,1.975198220036011,7.208048291815425,25
172.25,0.25696379561043353,1.9748912028750876,7.205835636971957,25
172.5,0.25643970164566837,1.9745841912171525,7.203623700988683,25
172.75,0.25591673503806106,1.9742771853812136,7.201412485917905,25
173.0,0.25539489320176506,1.973970185685795,7.199201993805709,25
173.25,0.2548741735572941,1.9736631924489418,7.1969922266920054,25
173.5,0.2543545735315056,1.9733562059882181,7.194783186610524,25
173.75,0.25383609055758377,1.9730492266207074,7.192574875588823,25
174.0,0.25331872207502326,1.9727422546630113,7.190367295648292,25
174.25,0.25280246552961205,1.972435290431253,7.188160448804174,25
174.5,0.25228731837341567,1.9721283342410707,7.18595433706554,25
174.75,0.2517732780647599,1.9718213864076255,7.183748962435339,25
175.0,0.2512603420682148,1.9715144472455959,7.181544326910377,25
175.25,0.25074850785457814,1.971207517069179,7.179340432481327,25
175.5,0.2502377729008591,1.9709005961920913,7.1771372811327465,25
175.75,0.24972813469026178,1.9705936849275683,7.174934874843076,25
176.0,0.24921959071216926,1.9702867835883635,7.172733215584648,25
176.25,0.2487121384621269,1.9699798924867498,7.170532305323697,25
176.5,0.24820577544182656,1.9696730119345192,7.1683321460203695,25
176.75,0.24770049915909026,1.9693661422429816,7.166132739628721,25
177.0,0.24719630712785423,1.9690592837229657,7.163934088096731,25
177.25,0.24669319686815255,1.968752436684819,7.16173619336631,25
177.5,0.2461911659061015,1.9684456014384084,7.159539057373311,25
177.75,0.2456902117738834,1.9681387782931181,7.157342682047522,25
178.0,0.2451903320097309,1.9678319675578517,7.155147069312692,25
178.25,0.24469152415791062,1.9675251695410307,7.1529522210865215,25
178.5,0.24419378576870793,1.967218384550596,7.150758139280686,25
178.75,0.24369711439841077,1.9669116128940067,7.148564825800836,25
179.0,0.24320150760929404,1.9666048548782402,7.146372282546597,25
179.25,0.24270696296960392,1.9662981108097919,7.1441805114115855,25
179.5,0.24221347805354213,1.9659913809946774,7.141989514283426,25
179.75,0.24172105044125033,1.9656846657384288,7.139799293043732,25
180.0,0.2412296777187948,1.9653779653460983,7.137609849568144,25
180.25,0.24073935747815042,1.9650712801222552,7.135421185726309,25
180.5,0.24025008731718575,1.9647646103709888,7.133233303381916,25
180.75,0.23976186483964712,1.964457956395905,7.131046204392672,25
181.0,0.23927468765514356,1.9641513185001305,7.128859890610346,25
181.25,0.23878855337913113,1.9638446969863084,7.126674363880741,25
181.5,0.23830345963289823,1.9635380921566012,7.124489626043727,25
181.75,0.23781940404354945,1.9632315043126898,7.122305678933233,25
182.0,0.237336384243991,1.9629249337557746,7.120122524377275,25
182.25,0.23685439787291548,1.9626183807865725,7.117940164197932,25
182.5,0.2363734425747863,1.9623118457053206,7.115758600211382,25
182.75,0.23589351599982303,1.9620053288117736,7.113577834227897,25
183.0,0.23541461580398623,1.9616988304052059,7.1113978680518555,25
183.25,0.2349367396489624,1.9613923507844095,7.109218703481746,25
183.5,0.23445988520214883,1.9610858902476953,7.1070403423101745,25
183.75,0.23398405013663912,1.960779449092893,7.104862786323876,25
184.0,0.23350923213120772,1.960473027617351,7.102686037303722,25
184.25,0.23303542887029563,1.960166626117936,7.100510097024724,25
184.5,0.23256263804399513,1.9598602448910343,7.098334967256048,25
184.75,0.23209085734803542,1.95955388423255,7.096160649761013,25
185.0,0.2316200844837676,1.9592475444379063,7.093987146297107,25
185.25,0.23115031715815,1.9589412258020462,7.091814458615996,25
185.5,0.2306815530837337,1.9586349286194307,7.089642588463525,25
185.75,0.23021378997864797,1.958328653184039,7.08747153757972,25
186.0,0.22974702556658538,1.9580223997893709,7.08530130769882,25
186.25,0.2292812575767876,1.9577161687284441,7.083131900549257,25
186.5,0.22881648374403085,1.9574099602937953,7.08096331785368,25
186.75,0.2283527018086112,1.9571037747774815,7.078795561328964,25
187.0,0.22788990951633056,1.9567976124710778,7.076628632686209,25
187.25,0.22742810461848215,1.9564914736656789,7.074462533630753,25
187.5,0.22696728487183607,1.9561853586518976,7.07229726586217,25
187.75,0.22650744803862516,1.9558792677198682,7.070132831074304,25
188.0,0.22604859188653068,1.955573201159243,7.067969230955247,25
188.25,0.22559071418866813,1.955267159259194,7.065806467187364,25
188.5,0.22513381272357322,1.9549611423084126,7.063644541447297,25
188.75,0.22467788527518737,1.9546551505951095,7.061483455405968,25
189.0,0.22422292963284413,1.954349184407016,7.059323210728599,25
189.25,0.22376894359125477,1.9540432440313817,7.057163809074705,25
189.5,0.22331592495049427,1.9537373297549778,7.05500525209812,25
189.75,0.22286387151598763,1.9534314418640932,7.05284754144698,25
190.0,0.22241278109849566,1.9531255806445385,7.050690678763759,25
190.25,0.22196265151410124,1.9528197463816432,7.048534665685258,25
190.5,0.22151348058419548,1.952513939360257,7.046379503842615,25
190.75,0.22106526613546362,1.9522081598647505,7.044225194861324,25
191.0,0.22061800599987175,1.9519024081790137,7.042071740361234,25
191.25,0.2201716980146527,1.951596684586457,7.039919141956553,25
191.5,0.21972634002229233,1.9512909893700114,7.03776740125587,25
191.75,0.21928192987051617,1.9509853228121283,7.035616519862149,25
192.0,0.2188384654122754,1.95067968519478,7.033466499372749,25
192.25,0.21839594450573363,1.9503740767994584,7.031317341379417,25
192.5,0.21795436501425305,1.9500684979071772,7.029169047468314,25
192.75,0.21751372480638112,1.9497629487984711,7.027021619220017,25
193.0,0.21707402175583707,1.949457429753394,7.024875058209508,25
193.25,0.2166352537414983,1.9491519410515221,7.022729366006214,25
193.5,0.21619741864738717,1.9488464829719536,7.0205845441740005,25
193.75,0.21576051436265747,1.948541055793306,7.018440594271168,25
194.0,0.21532453878158136,1.9482356597937192,7.016297517850479,25
194.25,0.21488948980353567,1.9479302952508544,7.014155316459157,25
194.5,0.21445536533298912,1.9476249624418935,7.012013991638892,25
194.75,0.2140221632794886,1.9473196616435418,7.0098735449258625,25
195.0,0.2135898815576464,1.9470143931320245,7.007733977850722,25
195.25,0.213158518087127,1.9467091571830897,7.005595291938627,25
195.5,0.21272807079263362,1.9464039540720068,7.003457488709232,25
195.75,0.2122985376038956,1.9460987840735677,7.001320569676707,25
196.0,0.21186991645565517,1.9457936474620865,6.999184536349742,25
196.25,0.21144220528765428,1.9454885445113994,6.997049390231552,25
196.5,0.211015402044622,1.9451834754948647,6.994915132819886,25
196.75,0.2105895046762612,1.9448784406853645,6.992781765607049,25
197.0,0.21016451113723605,1.9445734403553014,6.9906492900798805,25
197.25,0.2097404193871588,1.9442684747766024,6.988517707719794,25
197.5,0.2093172273905771,1.943963544220718,6.986387020002775,25
197.75,0.20889493311696147,1.9436586489586192,6.984257228399372,25
198.0,0.208473534540692,1.9433537892608028,6.982128334374733,25
198.25,0.20805302964104616,1.9430489653972869,6.980000339388589,25
198.5,0.20763341640218583,1.9427441776376146,6.977873244895284,25
198.75,0.20721469281314467,1.9424394262508515,6.975747052343765,25
199.0,0.2067968568678156,1.9421347115055871,6.973621763177599,25
199.25,0.20637990656493826,1.941830033669935,6.971497378834983,25
199.5,0.20596383990808637,1.9415253930115322,6.969373900748745,25
199.75,0.20554865490565508,1.9412207897975404,6.967251330346361,25
200.0,0.20513434957084886,1.9409162242946454,6.965129669049959,25
200.25,0.20472092192166877,1.9406116967690572,6.963008918276324,25
200.5,0.20430836998090018,1.94030720748651,6.96088907943691,25
200.75,0.20389669177610031,1.9400027567122637,6.958770153937855,25
201.0,0.20348588533958603,1.9396983447111011,6.956652143179967,25
201.25,0.2030759487084213,1.9393939717473332,6.95453504855877,25
201.5,0.20266687992440538,1.9390896380847924,6.95241887146447,25
201.75,0.20225867703406003,1.938785343986839,6.950303613281996,25
202.0,0.20185133808861755,1.9384810897163576,6.948189275390989,25
202.25,0.2014448611440089,1.9381768755357582,6.946075859165819,25
202.5,0.20103924426085096,1.937872701706978,6.943963365975597,25
202.75,0.200634485504435,1.9375685684914772,6.941851797184162,25
203.0,0.20023058294471427,1.9372644761502456,6.939741154150129,25
203.25,0.1998275346562921,1.9369604249437966,6.937631438226855,25
203.5,0.19942533871840976,1.936656415132172,6.935522650762479,25
203.75,0.19902399321493483,1.9363524469749371,6.933414793099902,25
204.0,0.19862349623434877,1.9360485207311873,6.931307866576826,25
204.25,0.19822384586973543,1.9357446366595423,6.929201872525736,25
204.5,0.19782504021876895,1.9354407950181511,6.927096812273932,25
204.75,0.19742707738370205,1.9351369960646883,6.924992687143517,25
205.0,0.19702995547135416,1.9348332400563557,6.92288949845141,25
205.25,0.19663367259309958,1.9345295272498841,6.92078724750937,25
205.5,0.1962382268648559,1.934225857901531,6.918685935623981,25
205.75,0.19584361640707212,1.9339222322670822,6.916585564096679,25
206.0,0.19544983934471719,1.9336186506018507,6.914486134223748,25
206.25,0.19505689380726807,1.9333151131606794,6.912387647296339,25
206.5,0.1946647779286984,1.9330116201979384,6.91029010460047,25
206.75,0.19427348984746676,1.9327081719675263,6.908193507417036,25
207.0,0.19388302770650503,1.932404768722872,6.906097857021827,25
207.25,0.19349338965320723,1.9321014107169319,6.904003154685519,25
207.5,0.19310457383941762,1.9317980982021923,6.901909401673699,25
207.75,0.1927165784214196,1.9314948314306686,6.899816599246861,25
208.0,0.19232940155992387,1.931191610653906,6.897724748660425,25
208.25,0.19194304142005736,1.930888436122979,6.895633851164736,25
208.5,0.19155749617135204,1.930585308088493,6.893543908005081,25
208.75,0.19117276398773292,1.930282226800583,6.891454920421694,25
209.0,0.1907888430475076,1.9299791925089134,6.889366889649752,25
209.25,0.19040573153335413,1.9296762054626813,6.887279816919415,25
209.5,0.19002342763231053,1.9293732659106124,6.885193703455798,25
209.75,0.18964192953576323,1.9290703741009647,6.883108550479004,25
210.0,0.18926123543943577,1.928767530281527,6.881024359204125,25
210.25,0.18888134354337796,1.9284647346996193,6.878941130841247,25
210.5,0.18850225205195456,1.9281619876020932,6.876858866595465,25
210.75,0.1881239591738343,1.9278592892353321,6.874777567666885,25
211.0,0.18774646312197868,1.9275566398452517,6.87269723525064,25
211.25,0.18736976211363118,1.9272540396772988,6.870617870536886,25
211.5,0.18699385437030602,1.9269514889764539,6.868539474710829,25
211.75,0.18661873811777735,1.9266489879872302,6.866462048952722,25
212.0,0.1862444115860683,1.926346536953672,6.864385594437865,25
212.25,0.18587087300944002,1.9260441361193579,6.862310112336628,25
212.5,0.1854981206263808,1.9257417857274,6.860235603814462,25
212.75,0.18512615267959534,1.9254394860204433,6.858162070031894,25
213.0,0.1847549674159938,1.9251372372406668,6.856089512144541,25
213.25,0.18438456308668102,1.924835039629783,6.854017931303122,25
213.5,0.184014937946946,1.9245328934290384,6.851947328653457,25
213.75,0.18364609025625078,1.9242307988792144,6.8498777053364925,25
214.0,0.18327801827822,1.9239287562206278,6.847809062488299,25
214.25,0.1829107202806303,1.9236267656931274,6.8457414012400655,25
214.5,0.1825441945353994,1.9233248275361001,6.843674722718142,25
214.75,0.18217843931857575,1.9230229419884666,6.8416090280440205,25
215.0,0.1818134529103278,1.9227211092886827,6.839544318334348,25
215.25,0.18144923359493353,1.922419329674741,6.837480594700947,25
215.5,0.1810857796607699,1.9221176033841696,6.835417858250812,25
215.75,0.1807230894003023,1.9218159306540323,6.83335611008612,25
216.0,0.18036116111007422,1.9215143117209297,6.831295351304241,25
216.25,0.1799999930906966,1.9212127468209992,6.82923558299775,25
216.5,0.17963958364683766,1.9209112361899146,6.827176806254429,25
216.75,0.1792799310872123,1.920609780062888,6.825119022157287,25
217.0,0.1789210337245719,1.9203083786746677,6.823062231784546,25
217.25,0.17856288987569408,1.9200070322595393,6.82100643620967,25
217.5,0.17820549786137205,1.9197057410513279,6.818951636501374,25
217.75,0.17784885600640465,1.9194045052833946,6.816897833723612,25
218.0,0.177492962639586,1.9191033251886414,6.814845028935616,25
218.25,0.17713781609369544,1.9188022009995063,6.81279322319187,25
218.5,0.176783414705487,1.9185011329479675,6.81074241754215,25
218.75,0.17642975681567963,1.9182001212655424,6.808692613031511,25
219.0,0.17607684076894684,1.9178991661832865,6.806643810700301,25
219.25,0.17572466491390656,1.917598267931797,6.804596011584188,25
219.5,0.1753732276031114,1.9172974267412095,6.8025492167141355,25
219.75,0.17502252719303807,1.916996642841199,6.800503427116429,25
220.0,0.17467256204407788,1.9166959164609827,6.798458643812695,25
220.25,0.17432333052052643,1.916395247829317,6.796414867819886,25
220.5,0.1739748309905737,1.9160946371744998,6.794372100150308,25
220.75,0.17362706182629425,1.91579408472437,6.792330341811619,25
221.0,0.17328002140363713,1.915493590706308,6.790289593806844,25
221.25,0.17293370810241615,1.9151931553472348,6.788249857134369,25
221.5,0.17258812030629977,1.9148927788736159,6.786211132787983,25
221.75,0.17224325640280172,1.9145924615114553,6.784173421756836,25
222.0,0.1718991147832706,1.914292203486303,6.7821367250255,25
222.25,0.17155569384288077,1.9139920050232488,6.780101043573932,25
222.5,0.17121299198062198,1.9136918663469282,6.7780663783775275,25
222.75,0.17087100759929,1.9133917876815174,6.776032730407083,25
223.0,0.17052973910547695,1.9130917692507374,6.774000100628838,25
223.25,0.1701891849095613,1.912791811277853,6.771968490004469,25
223.5,0.1698493434256987,1.9124919139856729,6.769937899491104,25
223.75,0.16951021307181188,1.9121920775965502,6.76790833004133,25
224.0,0.16917179226958143,1.911892302332382,6.7658797826031885,25
224.25,0.16883407944443604,1.9115925884146112,6.763852258120209,25
224.5,0.16849707302554293,1.9112929360642261,6.761825757531401,25
224.75,0.16816077144579858,1.9109933455017576,6.759800281771249,25
225.0,0.1678251731418189,1.9106938169472865,6.757775831769764,25
225.25,0.16749027655393006,1.9103943506204362,6.755752408452442,25
225.5,0.16715608012615885,1.9100949467403785,6.753730012740312,25
225.75,0.16682258230622335,1.9097956055258307,6.751708645549919,25
226.0,0.16648978154552357,1.9094963271950574,6.749688307793346,25
226.25,0.16615767629913208,1.9091971119658697,6.747669000378216,25
226.5,0.1658262650257846,1.908897960055627,6.745650724207705,25
226.75,0.1654955461878707,1.9085988716812357,6.743633480180545,25
227.0,0.16516551825142475,1.9082998470591501,6.741617269191039,25
227.25,0.16483617968611625,1.908000886405374,6.739602092129068,25
227.5,0.16450752896524085,1.907701989935458,6.7375879498800915,25
227.75,0.16417956456571123,1.9074031578645023,6.735574843325164,25
228.0,0.16385228496804766,1.9071043904071567,6.733562773340947,25
228.25,0.16352568865636896,1.9068056877776205,6.731551740799709,25
228.5,0.16319977411838343,1.9065070501896415,6.729541746569334,25
228.75,0.1628745398453797,1.906208477856519,6.727532791513338,25
229.0,0.1625499843322175,1.9059099709911016,6.72552487649087,25
229.25,0.16222610607731883,1.905611529805789,6.723518002356724,25
229.5,0.16190290358265874,1.9053131545125317,6.721512169961346,25
229.75,0.16158037535375655,1.905014845322831,6.719507380150841,25
230.0,0.16125851989966639,1.904716602447741,6.717503633766991,25
230.25,0.1609373357329688,1.904418426097867,6.71550093164725,25
230.5,0.1606168213697615,1.9041203164833655,6.713499274624758,25
230.75,0.16029697532965037,1.9038222738139465,6.711498663528351,25
231.0,0.15997779613574087,1.903524298298873,6.709499099182573,25
231.25,0.15965928231462895,1.9032263901469588,6.707500582407667,25
231.5,0.15934143239639217,1.9029285495665742,6.705503114019611,25
231.75,0.15902424491458111,1.9026307767656412,6.703506694830103,25
232.0,0.1587077184062103,1.9023330719516367,6.7015113256465835,25
232.25,0.15839185141174963,1.902035435331591,6.699517007272232,25
232.5,0.1580766424751156,1.9017378671120893,6.697523740505987,25
232.75,0.15776209014366244,1.9014403674992724,6.695531526142548,25
233.0,0.15744819296817358,1.9011429366988355,6.693540364972387,25
233.25,0.1571349495028529,1.9008455749160296,6.691550257781751,25
233.5,0.15682235830531607,1.9005482823556614,6.689561205352677,25
233.75,0.15651041793658194,1.900251059222095,6.687573208463005,25
234.0,0.15619912696106397,1.8999539057192485,6.685586267886365,25
234.25,0.1558884839465615,1.8996568220505987,6.68360038439221,25
234.5,0.15557848746425126,1.8993598084191798,6.681615558745817,25
234.75,0.15526913608867907,1.8990628650275818,6.679631791708282,25
235.0,0.15496042839775087,1.8987659920779538,6.677649084036547,25
235.25,0.15465236297272456,1.8984691897720027,6.675667436483402,25
235.5,0.1543449383982015,1.8981724583109933,6.673686849797484,25
235.75,0.15403815326211792,1.8978757978957497,6.6717073247233,25
236.0,0.15373200615573665,1.8975792087266552,6.66972886200123,25
236.25,0.15342649567363856,1.8972826910036515,6.667751462367524,25
236.5,0.1531216204137143,1.8969862449262411,6.665775126554331,25
236.75,0.152817378977156,1.8966898706934867,6.663799855289696,25
237.0,0.15251376996844868,1.89639356850401,6.661825649297562,25
237.25,0.1522107919953623,1.8960973385559945,6.6598525092977905,25
237.5,0.15190844366894313,1.8958011810471842,6.657880436006163,25
237.75,0.15160672360350572,1.895505096174885,6.655909430134395,25
238.0,0.15130563041662448,1.8952090841359643,6.653939492390139,25
238.25,0.15100516272912567,1.8949131451268513,6.6519706234769895,25
238.5,0.15070531916507893,1.8946172793435376,6.650002824094503,25
238.75,0.1504060983517894,1.894321486981578,6.648036094938197,25
239.0,0.15010749891978928,1.8940257682360897,6.646070436699559,25
239.25,0.1498095195028299,1.8937301233017536,6.644105850066061,25
239.5,0.14951215873787352,1.8934345523728144,6.642142335721161,25
239.75,0.14921541526508525,1.8931390556430805,6.640179894344312,25
240.0,0.148919287727825,1.892843633305925,6.638218526610977,25
240.25,0.1486237747726394,1.8925482855542861,6.636258233192631,25
240.5,0.14832887504925385,1.8922530125806665,6.6342990147567695,25
240.75,0.1480345872105644,1.8919578145771336,6.632340871966915,25
241.0,0.14774090991262984,1.891662691735322,6.630383805482633,25
241.25,0.14744784181466372,1.8913676442464322,6.628427815959538,25
241.5,0.14715538157902647,1.89107267230123,6.626472904049291,25
241.75,0.1468635278712174,1.8907777760900502,6.6245190703996295,25
242.0,0.1465722793598668,1.8904829558027914,6.622566315654344,25
242.25,0.14628163471672814,1.8901882116289237,6.62061464045333,25
242.5,0.14599159261667016,1.8898935437574813,6.618664045432543,25
242.75,0.1457021517376691,1.889598952377069,6.616714531224054,25
243.0,0.14541331076080075,1.8893044376758594,6.614766098456032,25
243.25,0.14512506837023278,1.889009999841594,6.61281874775276,25
243.5,0.14483742325321694,1.888715639061584,6.610872479734646,25
243.75,0.1445503741000813,1.8884213555227094,6.608927295018221,25
244.0,0.14426391960422263,1.88812714941142,6.60698319421615,25
244.25,0.14397805846209846,1.887833020913737,6.605040177937257,25
244.5,0.1436927893732195,1.8875389702152523,6.603098246786512,25
244.75,0.14340811104014212,1.8872449975011267,6.601157401365042,25
245.0,0.14312402216846046,1.8869511029560955,6.599217642270159,25
245.25,0.14284052146679901,1.8866572867644635,6.597278970095341,25
245.5,0.1425576076468049,1.8863635491101078,6.595341385430254,25
245.75,0.14227527942314028,1.8860698901764794,6.593404888860769,25
246.0,0.1419935355134749,1.8857763101466,6.591469480968944,25
246.25,0.14171237463847833,1.8854828092030669,6.589535162333068,25
246.5,0.14143179552181276,1.885189387528048,6.587601933527628,25
246.75,0.14115179689012516,1.8848960453032884,6.585669795123359,25
247.0,0.14087237747304,1.8846027827101046,6.583738747687219,25
247.25,0.14059353600315175,1.8843095999293897,6.581808791782415,25
247.5,0.14031527121601745,1.8840164971416107,6.579879927968404,25
247.75,0.14003758185014922,1.8837234745268103,6.577952156800906,25
248.0,0.1397604666470069,1.8834305322646072,6.576025478831909,25
248.25,0.13948392435099063,1.8831376705341953,6.574099894609672,25
248.5,0.13920795370943354,1.8828448895143461,6.572175404678748,25
248.75,0.13893255347259445,1.8825521893834074,6.570252009579977,25
249.0,0.13865772239365026,1.8822595703193041,6.568329709850501,25
249.25,0.1383834592286892,1.8819670324995386,6.5664085060237705,25
249.5,0.13810976273670286,1.8816745761011913,6.564488398629554,25
249.75,0.13783663167957946,1.8813822013009214,6.562569388193947,25
250.0,0.13756406482209638,1.8810899082749664,6.560651475239378,25
250.25,0.13729206093191287,1.8807976971991425,6.558734660284611,25
250.5,0.1370206187795631,1.880505568248846,6.55681894384477,25
250.75,0.13674973713844854,1.8802135215990532,6.5549043264313305,25
251.0,0.13647941478483133,1.879921557424319,6.5529908085521305,25
251.25,0.13620965049782677,1.8796296758987803,6.551078390711384,25
251.5,0.13594044305939604,1.8793378771961555,6.549167073409698,25
251.75,0.13567179125433967,1.8790461614897427,6.547256857144053,25
252.0,0.13540369387028986,1.8787545289524217,6.545347742407829,25
252.25,0.13513614969770368,1.8784629797566559,6.543439729690824,25
252.5,0.134869157529856,1.8781715140744906,6.541532819479245,25
252.75,0.13460271616283243,1.8778801320775529,6.539627012255713,25
253.0,0.13433682439552222,1.8775888339370541,6.537722308499287,25
253.25,0.1340714810296114,1.8772976198237887,6.535818708685461,25
253.5,0.13380668486957567,1.877006489908136,6.53391621328618,25
253.75,0.13354243472267358,1.8767154443600584,6.532014822769836,25
254.0,0.1332787293989395,1.8764244833491033,6.530114537601282,25
254.25,0.13301556771117656,1.876133607044404,6.528215358241848,25
254.5,0.1327529484749501,1.8758428156146787,6.52631728514934,25
254.75,0.13249087050858036,1.875552109228232,6.524420318778048,25
255.0,0.1322293326331359,1.8752614880529535,6.522524459578753,25
255.25,0.13196833367242672,1.8749709522563212,6.520629707998743,25
255.5,0.13170787245299723,1.8746805020053994,6.518736064481817,25
255.75,0.13144794780411972,1.874390137466839,6.516843529468281,25
256.0,0.13118855855778727,1.8740998588068805,6.5149521033949815,25
256.25,0.1309297035487072,1.8738096661913508,6.513061786695286,25
256.5,0.13067138161429426,1.8735195597856666,6.51117257979911,25
256.75,0.1304135915946637,1.873229539754833,6.509284483132915,25
257.0,0.13015633233262483,1.8729396062634458,6.507397497119728,25
257.25,0.12989960267367415,1.8726497594756883,6.505511622179126,25
257.5,0.12964340146598863,1.8723599995553355,6.50362685872727,25
257.75,0.12938772756041914,1.8720703266657532,6.5017432071769035,25
258.0,0.12913257981048376,1.8717807409698968,6.499860667937346,25
258.25,0.1288779570723611,1.8714912426303145,6.49797924141453,25
258.5,0.12862385820488373,1.8712018318091457,6.496098928010982,25
258.75,0.12837028206953152,1.8709125086681215,6.494219728125841,25
259.0,0.1281172275304252,1.8706232733685664,6.492341642154872,25
259.25,0.12786469345431958,1.8703341260713973,6.490464670490463,25
259.5,0.12761267871059717,1.8700450669371245,6.48858881352164,25
259.75,0.1273611821712616,1.8697560961258515,6.486714071634068,25
260.0,0.12711020271093115,1.8694672137972774,6.4848404452100725,25
260.25,0.12685973920683202,1.8691784201106947,6.48296793462863,25
260.5,0.12660979053879218,1.8688897152249913,6.481096540265391,25
260.75,0.12636035558923478,1.8686010992986495,6.47922626249267,25
261.0,0.12611143324317156,1.8683125724897485,6.477357101679475,25
261.25,0.12586302238819672,1.8680241349559632,6.475489058191499,25
261.5,0.12561512191448013,1.8677357868545652,6.473622132391137,25
261.75,0.1253677307147613,1.8674475283424226,6.471756324637483,25
262.0,0.12512084768434276,1.8671593595760014,6.469891635286353,25
262.25,0.12487447172108382,1.8668712807113648,6.468028064690277,25
262.5,0.12462860172539417,1.8665832919041747,6.466165613198519,25
262.75,0.1243832366002276,1.866295393309691,6.464304281157076,25
263.0,0.12413837525107567,1.8660075850827733,6.462444068908694,25
263.25,0.12389401658596136,1.8657198673778794,6.460584976792866,25
263.5,0.12365015951543289,1.8654322403490688,6.458727005145854,25
263.75,0.12340680295255738,1.8651447041499987,6.456870154300673,25
264.0,0.1231639458129147,1.864857258933929,6.4550144245871275,25
264.25,0.12292158701459113,1.864569904853719,6.4531598163317945,25
264.5,0.12267972547817321,1.864282642061831,6.451306329858052,25
264.75,0.12243836012674156,1.863995470710328,6.449453965486065,25
265.0,0.12219748988586471,1.8637083909508754,6.447602723532815,25
265.25,0.1219571136835928,1.8634214029347416,6.44575260431209,25
265.5,0.12171723045045173,1.8631345068127971,6.443903608134499,25
265.75,0.1214778391194367,1.8628477027355173,6.442055735307484,25
266.0,0.12123893862600629,1.8625609908529805,6.440208986135325,25
266.25,0.12100052790807637,1.86227437131487,6.4383633609191415,25
266.5,0.12076260590601393,1.861987844270472,6.436518859956901,25
266.75,0.120525171562631,1.8617014098686804,6.434675483543442,25
267.0,0.12028822382317877,1.8614150682579924,6.432833231970458,25
267.25,0.12005176163534144,1.8611288195865123,6.430992105526525,25
267.5,0.1198157839492301,1.8608426640019509,6.429152104497098,25
267.75,0.11958028971737697,1.860556601651625,6.427313229164524,25
268.0,0.11934527789472923,1.8602706326824587,6.425475479808039,25
268.25,0.1191107474386431,1.8599847572409842,6.423638856703794,25
268.5,0.11887669730887794,1.8596989754733417,6.421803360124849,25
268.75,0.11864312646759025,1.8594132875252791,6.419968990341179,25
269.0,0.11841003387932776,1.859127693542153,6.418135747619687,25
269.25,0.11817741851102355,1.8588421936689312,6.416303632224222,25
269.5,0.11794527933199012,1.8585567880501894,6.414472644415565,25
269.75,0.11771361531391358,1.8582714768301132,6.412642784451444,25
270.0,0.11748242543084775,1.8579862601524997,6.410814052586551,25
270.25,0.11725170865920827,1.8577011381607569,6.408986449072543,25
270.5,0.1170214639777669,1.857416110997903,6.407159974158042,25
270.75,0.11679169036764554,1.8571311788065696,6.405334628088659,25
271.0,0.1165623868123106,1.8568463417289995,6.403510411106986,25
271.25,0.11633355229756705,1.856561599907048,6.4016873234526095,25
271.5,0.11610518581155287,1.8562769534821837,6.399865365362119,25
271.75,0.11587728634473303,1.8559924025954888,6.398044537069117,25
272.0,0.115649852889894,1.8557079473876599,6.39622483880422,25
272.25,0.11542288444213786,1.8554235879990064,6.3944062707950655,25
272.5,0.1151963799988767,1.855139324569454,6.392588833266329,25
272.75,0.11497033855982686,1.8548551572385423,6.390772526439717,25
273.0,0.11474475912700331,1.8545710861454272,6.38895735053399,25
273.25,0.11451964070471389,1.8542871114288804,6.387143305764957,25
273.5,0.11429498229955383,1.85400323322729,6.385330392345492,25
273.75,0.11407078292039996,1.8537194516786613,6.3835186104855355,25
274.0,0.11384704157840514,1.8534357669206165,6.381707960392106,25
274.25,0.11362375728699271,1.8531521790903955,6.379898442269301,25
274.5,0.1134009290618509,1.852868688324856,6.378090056318307,25
274.75,0.11317855592092708,1.8525852947604757,6.376282802737421,25
275.0,0.11295663688442255,1.8523019985333489,6.374476681722026,25
275.25,0.11273517097478662,1.8520187997791915,6.372671693464634,25
275.5,0.11251415721671133,1.8517356986333384,6.370867838154869,25
275.75,0.11229359463712585,1.8514526952307448,6.369065115979483,25
276.0,0.11207348226519104,1.8511697897059856,6.367263527122358,25
276.25,0.11185381913229381,1.8508869821932588,6.365463071764527,25
276.5,0.11163460427204185,1.8506042728263823,6.3636637500841635,25
276.75,0.11141583672025801,1.8503216617387968,6.3618655622566,25
277.0,0.11119751551497498,1.8500391490635653,6.360068508454336,25
277.25,0.11097963969642977,1.8497567349333737,6.358272588847035,25
277.5,0.11076220830705837,1.8494744194805308,6.356477803601542,25
277.75,0.11054522039149028,1.8491922028369687,6.354684152881879,25
278.0,0.11032867499654324,1.8489100851342453,6.352891636849277,25
278.25,0.11011257117121767,1.8486280665035415,6.351100255662151,25
278.5,0.10989690796669152,1.8483461470756632,6.349310009476125,25
278.75,0.10968168443631474,1.8480643269810435,6.347520898444046,25
279.0,0.10946689963560415,1.847782606349739,6.345732922715968,25
279.25,0.10925255262223792,1.847500985311434,6.343946082439183,25
279.5,0.10903864245605047,1.8472194639954391,6.342160377758215,25
279.75,0.10882516819902695,1.8469380425306927,6.34037580881483,25
280.0,0.10861212891529821,1.84665672104576,6.3385923757480445,25
280.25,0.10839952367113541,1.8463754996688349,6.336810078694131,25
280.5,0.10818735153494477,1.846094378527738,6.335028917786618,25
280.75,0.10797561157726236,1.8458133577499214,6.333248893156318,25
281.0,0.10776430287074887,1.8455324374624653,6.331470004931316,25
281.25,0.10755342449018447,1.8452516177920795,6.329692253236979,25
281.5,0.10734297551246355,1.8449708988651037,6.3279156381959645,25
281.75,0.10713295501658955,1.8446902808075094,6.326140159928236,25
282.0,0.1069233620836698,1.8444097637448984,6.324365818551057,25
282.25,0.10671419579691042,1.8441293478025036,6.3225926141790065,25
282.5,0.10650545524161115,1.8438490331051909,6.320820546923983,25
282.75,0.10629713950516011,1.843568819777458,6.319049616895213,25
283.0,0.10608924767702893,1.8432887079434357,6.317279824199257,25
283.25,0.10588177884876747,1.8430086977268874,6.315511168940014,25
283.5,0.1056747321139988,1.8427287892512108,6.313743651218733,25
283.75,0.10546810656841414,1.8424489826394381,6.3119772711340225,25
284.0,0.1052619013097677,1.8421692780142356,6.310212028781846,25
284.25,0.10505611543787188,1.8418896754979035,6.308447924255535,25
284.5,0.10485074805459195,1.8416101752123797,6.306684957645806,25
284.75,0.10464579826384122,1.8413307772792364,6.304923129040751,25
285.0,0.10444126517157597,1.8410514818196828,6.303162438525853,25
285.25,0.10423714788579047,1.8407722889545646,6.301402886183995,25
285.5,0.104033445516512,1.8404931988043651,6.299644472095463,25
285.75,0.10383015717579598,1.8402142114892048,6.29788719633795,25
286.0,0.10362728197772074,1.839935327128842,6.296131058986564,25
286.25,0.10342481903838298,1.8396565458426744,6.294376060113848,25
286.5,0.10322276747589249,1.8393778677497388,6.292622199789772,25
286.75,0.10302112641036745,1.83909929296871,6.290869478081737,25
287.0,0.10281989496392943,1.838820821617904,6.289117895054596,25
287.25,0.10261907226069855,1.838542453815277,6.287367450770655,25
287.5,0.10241865742678861,1.8382641896784255,6.285618145289676,25
287.75,0.10221864959030216,1.837986029324587,6.283869978668883,25
288.0,0.10201904788132576,1.8377079728706414,6.282122950962979,25
288.25,0.10181985143192504,1.83743002043311,6.280377062224143,25
288.5,0.10162105937613992,1.8371521721281567,6.278632312502038,25
288.75,0.10142267084997986,1.8368744280715892,6.276888701843824,25
289.0,0.10122468499141887,1.8365967883788574,6.275146230294159,25
289.25,0.10102710094039105,1.8363192531650554,6.273404897895202,25
289.5,0.10082991783878544,1.8360418225449222,6.271664704686635,25
289.75,0.10063313483044149,1.8357644966328412,6.269925650705653,25
290.0,0.10043675106114433,1.8354872755428404,6.268187735986976,25
290.25,0.10024076567861989,1.835210159388595,6.266450960562869,25
290.5,0.10004517783253028,1.8349331482834237,6.2647153244631175,25
290.75,0.09984998667446904,1.8346562423402943,6.262980827715072,25
291.0,0.09965519135795645,1.8343794416718204,6.261247470343628,25
291.25,0.09946079103843483,1.834102746390263,6.2595152523712425,25
291.5,0.09926678487326393,1.833826156607531,6.257784173817937,25
291.75,0.09907317202171616,1.833549672435181,6.256054234701307,25
292.0,0.09887995164497197,1.8332732939844203,6.254325435036536,25
292.25,0.09868712290611535,1.832997021366103,6.252597774836383,25
292.5,0.09849468497012895,1.8327208546907345,6.250871254111208,25
292.75,0.09830263700388965,1.8324447940684696,6.249145872868967,25
293.0,0.098110978176164,1.8321688396091138,6.247421631115226,25
293.25,0.09791970765760341,1.8318929914221231,6.24569852885316,25
293.5,0.09772882462073977,1.831617249616606,6.243976566083572,25
293.75,0.09753832823998079,1.831341614301322,6.242255742804881,25
294.0,0.09734821769160552,1.8310660855846832,6.240536059013149,25
294.25,0.0971584921537597,1.830790663574754,6.238817514702067,25
294.5,0.09696915080645131,1.8305153483792524,6.237100109862981,25
294.75,0.09678019283154601,1.8302401401055504,6.235383844484887,25
295.0,0.0965916174127627,1.8299650388606736,6.233668718554441,25
295.25,0.09640342373566889,1.8296900447513025,6.231954732055963,25
295.5,0.09621561098767636,1.8294151578837727,6.230241884971452,25
295.75,0.0960281783580366,1.8291403783640743,6.2285301772805735,25
296.0,0.09584112503783644,1.8288657062978546,6.22681960896069,25
296.25,0.09565445021999341,1.8285911417904168,6.225110179986852,25
296.5,0.09546815309925155,1.8283166849467196,6.223401890331803,25
296.75,0.09528223287217681,1.8280423358713809,6.221694739965999,25
297.0,0.09509668873715264,1.8277680946686754,6.219988728857605,25
297.25,0.0949115198943757,1.8274939614425365,6.218283856972508,25
297.5,0.09472672554585139,1.8272199362965553,6.21658012427431,25
297.75,0.09454230489538948,1.8269460193339822,6.2148775307243485,25
298.0,0.09435825714859969,1.8266722106577273,6.213176076281699,25
298.25,0.09417458151288746,1.826398510370361,6.211475760903182,25
298.5,0.09399127719744946,1.8261249185741137,6.2097765845433655,25
298.75,0.0938083434132694,1.8258514353708757,6.208078547154567,25
299.0,0.0936257793731135,1.8255780608622008,6.206381648686884,25
299.25,0.09344358429152644,1.8253047951493022,6.204685889088165,25
299.5,0.09326175738482682,1.825031638333057,6.202991268304046,25
299.75,0.09308029787110303,1.8247585905140045,6.201297786277943,25
300.0,0.0928992049702089,1.8244856517923467,6.1996054429510545,25
