species,growth_score,mu_max,death_rate,total_uptake_capacity,M1_secretion_share,M2_secretion_share,initial_biomass,starvation_death_increment,leakage_fraction,can_consume_R0,K_R0,preference_R0,uptake_max_R0,can_consume_M1,K_M1,preference_M1,uptake_max_M1,can_consume_M2,K_M2,preference_M2,uptake_max_M2,final_biomass,peak_biomass,biomass_time_integral,extinction_time,survived,final_percent
S01,0.612673574318909,0.612673574318909,0.007420976596722972,0.7658419678986362,0.9750850328513038,0.024914967148696218,0.00010306509121213934,0.0793480687242074,0.2,True,0.08267722819017101,1.0,0.7658419678986362,False,0.24680217603901325,0.0,0.0,False,0.13553025329604063,0.0,0.0,0.0,0.08922296109479678,1.2512271142496032,234.61038395080698,False,0.0
S02,0.4769479474461431,0.4769479474461431,0.009751181422341732,0.4769479474461431,0.32153626479672165,0.6784637352032784,0.0004602375554976382,0.0698768721276962,0.2,False,0.07350482270726946,0.0,0.0,True,0.2503640944093288,1.0,0.4769479474461431,False,0.11819720718406515,0.0,0.0,0.0,0.000556922010947908,0.014270690378363116,197.65948385470935,False,0.0
S03,0.6609003678039989,0.6609003678039989,0.004888754183772857,0.6609003678039989,1.0,0.0,0.0001647256057931845,0.08146388581414843,0.2,False,0.14743808099146147,0.0,0.0,False,0.15074240746696427,0.0,0.0,True,0.06680679554310197,1.0,0.6609003678039989,0.0,0.0001647256057931845,0.004259660977761469,175.59246357967262,False,0.0
S04,0.5774540697011499,0.5774540697011499,0.006949953839124522,0.5774540697011499,0.1742282715770581,0.825771728422942,0.0003548322806175137,0.0580001671412019,0.2,False,0.038614743766361884,0.0,0.0,True,0.4191647795688755,1.0,0.5774540697011499,False,0.0844299626119586,0.0,0.0,0.0,0.00039949400239683915,0.011836814590874016,232.57373961500116,False,0.0
S05,0.3029913307400761,0.3029913307400761,0.011429871068700135,0.3029913307400761,0.33261935882881105,0.667380641171189,0.00034930492366905865,0.05575912988788975,0.0,False,0.12189154588028865,0.0,0.0,True,0.0589525251264103,1.0,0.3029913307400761,False,0.11168718561837372,0.0,0.0,0.0,0.0011959479199848278,0.028199412542367033,242.83668045485996,False,0.0
S06,0.7945463564246886,0.7945463564246886,0.011975314284901607,0.8183197417808634,0.0,1.0,0.00036145439181987406,0.04961788799213952,0.2,True,0.020328799116190205,0.145257312896046,0.11886692678087443,True,0.09947885305494389,0.2740598342399238,0.22426857278772067,True,0.036708221803471205,0.5806828528640303,0.4751842422122684,6.641958338508543e-10,0.007570775605824312,0.2371022685108576,,True,3.706703634776547
S07,0.606387639168178,0.606387639168178,0.015536751522968403,0.606387639168178,0.0,1.0,0.000216296747832243,0.07037270310762941,0.2,False,0.16611973230484037,0.0,0.0,True,0.1956795516670934,1.0,0.606387639168178,False,0.09504757446320862,0.0,0.0,0.0,0.0005123770923773254,0.01063463938673912,184.0290221986262,False,0.0
S08,0.6187995707493525,0.6187995707493525,0.0086479976251629,0.7734994634366906,1.0,0.0,0.00048063925957629274,0.06855825432524357,0.2,True,0.061647047565342686,1.0,0.7734994634366906,False,0.08230244518870282,0.0,0.0,False,0.07312048231028687,0.0,0.0,0.0,0.5540973156931477,8.493541460968057,285.7371794686023,False,0.0
S09,0.3299253740639157,0.3299253740639157,0.00901023691345938,0.3299253740639157,1.0,0.0,0.00018779007117218033,0.0878923726786023,0.2,False,0.1514259539206829,0.0,0.0,False,0.164020304600423,0.0,0.0,True,0.12926372578349954,1.0,0.3299253740639157,0.0,0.00018779007117218033,0.002259771562366624,141.83310076819444,False,0.0
S10,0.4813131824098549,0.4813131824098549,0.009772556981438394,0.6016414780123186,1.0,0.0,0.0003780958784351829,0.06562392284656213,0.2,True,0.20250958078455603,1.0,0.6016414780123186,False,0.12361786566077958,0.0,0.0,False,0.21949645590677294,0.0,0.0,0.0,0.0336513233318762,0.5645703167349607,254.941010408909,False,0.0
S11,0.4505829385797492,0.4505829385797492,0.007364310915885195,0.4505829385797492,0.0,1.0,9.243970994772104e-05,0.03777608305623941,0.2,False,0.06137243178556847,0.0,0.0,True,0.05524512263454684,1.0,0.4505829385797492,False,0.042947386223892714,0.0,0.0,4.853065459503833e-09,0.001400646732534251,0.039359666521786345,,True,27.083691980204122
S12,0.7174226061194302,0.7174226061194302,0.006625004309591233,0.7174226061194302,1.0,0.0,0.0018392646363983446,0.060329466933964994,0.2,False,0.13046477434137663,0.0,0.0,True,0.06347673384693431,1.0,0.7174226061194302,False,0.08735386611546832,0.0,0.0,8.813765790000048e-10,0.11102539833210878,2.156202243923617,,True,4.918732702740566
S13,0.5552717360780561,0.5552717360780561,0.00981888551485112,0.5580813465395664,1.0,0.0,0.0006778298270283856,0.047797947051500735,0.2,True,0.08732758868073094,0.025172051341005808,0.01404805230755162,True,0.0489280578575271,0.032325356128863614,0.018040178275767232,True,0.3020823201701276,0.9425025925301306,0.5259931159562475,0.0,0.0006778298270283856,0.01677846361420972,261.59068764833927,False,0.0
S14,0.6387313139813338,0.6387313139813338,0.007756109148548041,0.6387313139813338,0.0,1.0,0.0008117679241532113,0.04424772824904715,0.2,False,0.12496620095749532,0.0,0.0,True,0.09469497427382659,1.0,0.6387313139813338,False,0.12168259171448795,0.0,0.0,7.589500672480477e-09,0.014993187616887832,0.3701805701038692,,True,42.35502286384335
S15,0.4786706610213468,0.4786706610213468,0.011319372235691535,0.5983383262766835,0.21370285166782765,0.7862971483321723,6.330308679101083e-05,0.07703940529141029,0.2,True,0.17965904343096603,1.0,0.5983383262766835,False,0.10680137817108872,0.0,0.0,False,0.23957521029675072,0.0,0.0,0.0,0.005934793448279433,0.08770689212695931,199.79199089124546,False,0.0
S16,0.3879206769201393,0.3879206769201393,0.009527256440447636,0.4016303149316033,1.0,0.0,0.00019877438642813106,0.05647998977630705,0.2,True,0.07818527782898445,0.17067484078982834,0.06854819005732,True,0.07266598105369952,0.5014751731358014,0.20140763171691217,True,0.07513368203581569,0.3278499860743703,0.1316744931573711,0.0,0.0006359512165610097,0.01734021832125774,239.39148193631186,False,0.0
S17,0.5205702464255352,0.5205702464255352,0.012895268260698346,0.5205702464255352,0.4666045919953945,0.5333954080046054,0.0007724317789312101,0.07262049202573578,0.0,False,0.07152856248539699,0.0,0.0,True,0.05456131135958659,1.0,0.5205702464255352,False,0.07407176622621994,0.0,0.0,0.0,0.01140526376662214,0.19503372914294978,221.89659746873355,False,0.0
S18,0.271923655103572,0.271923655103572,0.011576599568711526,0.271923655103572,1.0,0.0,0.0012065140947315385,0.06340959985939014,0.2,False,0.07855288193732955,0.0,0.0,False,0.0866389094395914,0.0,0.0,True,0.08322607753328139,1.0,0.271923655103572,0.0,0.0012065140947315385,0.020919196332255006,210.1860668182159,False,0.0
S19,0.6415617565200384,0.6415617565200384,0.008535040668752408,0.6415617565200384,0.0,1.0,0.0005856675268566015,0.07549078399283288,0.2,False,0.14253574297817312,0.0,0.0,False,0.15492349068047662,0.0,0.0,True,0.02269151664795335,1.0,0.6415617565200384,0.0,0.003942087238507892,0.10878653771893669,232.00661623843922,False,0.0
S20,0.5503947679516358,0.5503947679516358,0.012890262019107132,0.5503947679516358,1.0,0.0,0.00012036838386063779,0.06152537741703164,0.2,False,0.08920982814910605,0.0,0.0,True,0.05860263712120007,1.0,0.5503947679516358,False,0.12977858600185974,0.0,0.0,0.0,0.002248132916534274,0.04204199384133741,230.08791156890427,False,0.0
S21,0.6049183137391148,0.6049183137391148,0.012577199929812497,0.7561478921738934,0.0,1.0,3.924758559215076e-05,0.04932761296489643,0.2,True,0.049535609824201604,1.0,0.7561478921738934,False,0.09056756162932761,0.0,0.0,False,0.05042218793012589,0.0,0.0,8.259338283342681e-10,0.04255118162812123,0.7887744204901935,,True,4.609321178396612
S22,0.44408086695356125,0.44408086695356125,0.009144366538277054,0.5551010836919515,0.2213393359149325,0.7786606640850675,0.00017425506557244667,0.051303976842938866,0.2,True,0.08081508735785929,1.0,0.5551010836919515,False,0.038795352531022426,0.0,0.0,False,0.07711556599674897,0.0,0.0,6.706594891607843e-10,0.022857815848246428,0.4513632555145687,,True,3.7427756084478543
S23,0.7827700623264915,0.7827700623264915,0.008327855963910643,0.7827700623264915,1.0,0.0,0.00015819811309596748,0.045439142865298016,0.2,False,0.07341063915081991,0.0,0.0,True,0.09502980690953844,1.0,0.7827700623264915,False,0.11014834772357171,0.0,0.0,2.0312870909007124e-09,0.006519340042909144,0.15245500116432925,,True,11.336083214287484
S24,0.6862203886407972,0.6862203886407972,0.011425212296903247,0.6862203886407972,0.7230174613200601,0.2769825386799399,0.00011276296585070957,0.03967755222437365,0.0,False,0.08050699368355325,0.0,0.0,True,0.1967743563488177,1.0,0.6862203886407972,False,0.16426548326178395,0.0,0.0,4.027546875674187e-10,0.0006333601096016084,0.01698219925000596,,True,2.247668817303473
S25,0.6148913087425962,0.6148913087425962,0.006760680233078287,0.6148913087425962,0.1806712896995196,0.8193287103004805,9.073310913662517e-05,0.062223451248237895,0.2,False,0.18519780682082157,0.0,0.0,False,0.22575580230433015,0.0,0.0,True,0.1835059895384483,1.0,0.6148913087425962,0.0,9.073310913662517e-05,0.0017411651548718875,190.54140945848582,False,0.0
